citizenId,age,gender,archetype,socialCreditScore,trust,fear,altruism,ambition,curiosity,routine,riskAverse,techSavvy,socialEngagement,healthConsciousness
ALPHA-18-470,36,Female,The Idealistic Activist,59.6323,0.8571,0.5055,0.9433,0.1970,0.6894,0.1563,0.4883,0.6180,0.9456,0.2838
ALPHA-52-986,56,Female,The Cautious Observer,60.6163,0.4398,0.8330,0.4001,0.7852,0.6108,0.6078,0.7484,0.2181,0.3910,0.2300
ALPHA-49-129,55,Male,The Cautious Observer,70.0023,0.3303,0.6355,0.8428,0.6712,0.6518,0.6186,0.8165,0.5340,0.1900,0.8988
ALPHA-90-731,27,Female,The Cautious Observer,71.2199,0.4182,0.6758,0.5683,0.3614,0.1437,0.7574,0.9569,0.6742,0.3413,0.8091
ALPHA-58-012,51,Male,The Idealistic Activist,63.3803,0.8982,0.1352,0.8291,0.1832,0.6426,0.4021,0.3422,0.6147,0.6173,0.1311
ALPHA-20-096,27,Female,The Stoic Engineer,70.7929,0.5843,0.2571,0.3749,0.4634,0.6912,0.9256,0.7392,0.9844,0.2202,0.4302
ALPHA-49-977,33,Female,The Stoic Engineer,63.7012,0.3737,0.4930,0.5467,0.2856,0.8549,0.8874,0.6410,0.8954,0.2333,0.7827
ALPHA-79-872,22,Male,The Disillusioned Artist,50.6696,0.3532,0.5544,0.6338,0.6628,0.8814,0.3527,0.4198,0.4573,0.3083,0.2288
ALPHA-14-667,16,Male,The Stoic Engineer,59.6753,0.3562,0.4277,0.6666,0.7886,0.9382,0.6310,0.7501,0.7277,0.2700,0.1850
ALPHA-21-961,16,Male,The Idealistic Activist,55.9592,0.5500,0.7740,0.7102,0.8323,0.7272,0.3192,0.3520,0.6907,0.6050,0.3786
ALPHA-06-755,40,Male,The Ambitious Entrepreneur,47.9576,0.1380,0.8224,0.7820,0.8677,0.1235,0.3891,0.1698,0.9453,0.5044,0.1317
ALPHA-15-642,34,Female,The Cautious Observer,60.3869,0.2048,0.7553,0.3746,0.7129,0.5953,0.8000,0.7776,0.1655,0.3270,0.2630
ALPHA-20-483,82,Male,The Cautious Observer,64.4475,0.4182,0.7372,0.1665,0.1486,0.8907,0.8729,0.8161,0.2640,0.2002,0.8623
ALPHA-66-180,22,Female,The Stoic Engineer,70.0586,0.5326,0.3726,0.3962,0.7191,0.6904,0.9457,0.8162,0.8031,0.3790,0.4991
ALPHA-36-546,38,Male,The Idealistic Activist,60.2076,0.8757,0.4946,0.9300,0.4269,0.7116,0.4772,0.3448,0.2413,0.6980,0.1152
ALPHA-05-609,33,Female,The Idealistic Activist,67.4177,0.8183,0.5073,0.8553,0.6968,0.3995,0.1395,0.4088,0.1317,0.8626,0.8541
ALPHA-61-545,17,Male,The Ambitious Entrepreneur,53.3983,0.6476,0.8278,0.2459,0.9866,0.4925,0.3710,0.2519,0.7384,0.8875,0.6684
ALPHA-31-809,54,Male,The Ambitious Entrepreneur,44.3238,0.3946,0.8081,0.3305,0.9455,0.7564,0.4146,0.1377,0.6493,0.8290,0.6716
ALPHA-51-908,16,Male,The Disillusioned Artist,48.0256,0.1559,0.7040,0.4233,0.7631,0.9887,0.3335,0.3896,0.7839,0.4233,0.5602
ALPHA-49-391,33,Male,The Idealistic Activist,54.1398,0.8919,0.3478,0.7214,0.8157,0.4822,0.1002,0.4470,0.6331,0.6813,0.4262
ALPHA-47-776,67,Female,The Ambitious Entrepreneur,60.5645,0.3035,0.2104,0.6624,0.8919,0.5756,0.6239,0.1810,0.6139,0.5371,0.8060
ALPHA-96-461,57,Male,The Idealistic Activist,48.8322,0.5968,0.6971,0.7901,0.5145,0.8449,0.1933,0.3523,0.8472,0.7547,0.2254
ALPHA-60-479,27,Male,The Idealistic Activist,59.3042,0.6928,0.5961,0.7982,0.8994,0.3274,0.3243,0.3868,0.5491,0.8768,0.5627
ALPHA-52-739,62,Female,The Idealistic Activist,57.7159,0.6932,0.8906,0.7452,0.3795,0.4000,0.4038,0.3676,0.6919,0.6600,0.1655
ALPHA-75-312,41,Female,The Cautious Observer,66.4351,0.4776,0.8620,0.5558,0.6823,0.2187,0.8782,0.8969,0.1671,0.2573,0.5593
ALPHA-44-815,38,Male,The Community Builder,71.2883,0.6908,0.3718,0.7980,0.8021,0.6853,0.6993,0.4352,0.6917,0.8831,0.5370
ALPHA-93-466,40,Female,The Idealistic Activist,51.0782,0.7520,0.1311,0.9629,0.5527,0.1814,0.1286,0.2932,0.1002,0.7995,0.2292
ALPHA-42-804,54,Male,The Stoic Engineer,70.8437,0.3686,0.4402,0.4202,0.8176,0.7057,0.8759,0.7805,0.7645,0.2020,0.6471
ALPHA-82-476,59,Male,The Stoic Engineer,72.9631,0.5244,0.2074,0.8829,0.3141,0.6059,0.8830,0.6827,0.8952,0.1283,0.5392
ALPHA-88-193,45,Male,The Idealistic Activist,58.9623,0.6004,0.2711,0.8409,0.4682,0.6008,0.2983,0.2764,0.7281,0.8638,0.6573
ALPHA-13-553,22,Female,The Idealistic Activist,63.7467,0.7512,0.8563,0.8652,0.3821,0.8059,0.2778,0.3987,0.6306,0.6973,0.8254
ALPHA-08-651,31,Female,The Cautious Observer,62.9793,0.3171,0.9367,0.1016,0.6120,0.1755,0.8067,0.7860,0.5851,0.1115,0.6498
ALPHA-23-301,21,Female,The Ambitious Entrepreneur,50.3705,0.4205,0.3917,0.5075,0.7292,0.2984,0.3251,0.1533,0.6497,0.5708,0.7939
ALPHA-79-921,50,Female,The Idealistic Activist,64.6473,0.5652,0.5434,0.7208,0.4985,0.6213,0.3995,0.2566,0.1194,0.7341,0.7632
ALPHA-41-644,34,Female,The Stoic Engineer,66.2553,0.5066,0.4151,0.4319,0.2556,0.7894,0.6454,0.5205,0.9689,0.2629,0.8706
ALPHA-94-515,43,Male,The Disillusioned Artist,50.0257,0.1359,0.7832,0.5509,0.3264,0.9042,0.3245,0.5297,0.8574,0.4870,0.3076
ALPHA-14-136,43,Female,The Stoic Engineer,72.3668,0.5249,0.3376,0.8716,0.7403,0.6955,0.7948,0.6642,0.9214,0.1268,0.6334
ALPHA-72-507,29,Male,The Community Builder,72.1517,0.6720,0.6134,0.7538,0.2545,0.3617,0.7078,0.6956,0.2475,0.9300,0.7779
ALPHA-31-916,40,Male,The Stoic Engineer,77.8294,0.4884,0.2419,0.7770,0.1438,0.8871,0.8115,0.8844,0.9370,0.2797,0.8606
ALPHA-25-798,36,Female,The Ambitious Entrepreneur,63.1575,0.8990,0.7062,0.6728,0.9557,0.2858,0.5911,0.2271,0.6792,0.6392,0.6842
ALPHA-27-924,76,Male,The Stoic Engineer,61.8112,0.6083,0.2402,0.6378,0.1422,0.6158,0.6083,0.6214,0.7741,0.3995,0.4244
ALPHA-90-280,43,Female,The Idealistic Activist,53.9095,0.7262,0.6162,0.8110,0.4651,0.1108,0.1350,0.3075,0.2140,0.6445,0.2150
ALPHA-89-315,52,Male,The Idealistic Activist,50.8665,0.6191,0.1281,0.8789,0.8414,0.1935,0.3754,0.2831,0.7843,0.6361,0.1723
ALPHA-08-867,62,Male,The Cautious Observer,62.7402,0.3476,0.6493,0.1470,0.7118,0.8732,0.6860,0.9169,0.3415,0.3197,0.8712
ALPHA-39-040,71,Male,The Stoic Engineer,70.4502,0.5429,0.2665,0.3266,0.1726,0.6944,0.7491,0.8531,0.8995,0.1171,0.5617
ALPHA-06-791,37,Male,The Disillusioned Artist,58.2253,0.3935,0.5975,0.6692,0.6652,0.7152,0.1701,0.3068,0.5904,0.3983,0.7184
ALPHA-31-905,62,Female,The Idealistic Activist,66.2906,0.6028,0.7359,0.8977,0.3831,0.3653,0.4242,0.2902,0.4744,0.8974,0.6764
ALPHA-87-926,35,Male,The Stoic Engineer,61.2260,0.3682,0.2475,0.4519,0.7051,0.7911,0.6152,0.7167,0.7604,0.2312,0.8787
ALPHA-86-517,77,Female,The Community Builder,69.4073,0.8826,0.3692,0.7121,0.5779,0.1078,0.4157,0.3329,0.4286,0.7592,0.6187
ALPHA-21-476,45,Male,The Stoic Engineer,67.1445,0.4169,0.3306,0.8882,0.8186,0.6395,0.6198,0.5452,0.7644,0.1644,0.7160
ALPHA-21-858,45,Female,The Disillusioned Artist,57.6496,0.4824,0.5032,0.6211,0.4894,0.7132,0.1751,0.3689,0.3484,0.3043,0.8359
ALPHA-38-735,52,Male,The Idealistic Activist,57.7511,0.6758,0.4711,0.7540,0.1835,0.8810,0.1924,0.4544,0.4370,0.9415,0.6211
ALPHA-47-125,52,Female,The Stoic Engineer,79.0559,0.5252,0.4203,0.6788,0.3229,0.8623,0.8787,0.8270,0.7376,0.1659,0.8930
ALPHA-85-884,46,Female,The Cautious Observer,73.7217,0.4699,0.6925,0.4359,0.3859,0.1100,0.7842,0.9687,0.8679,0.1566,0.8345
ALPHA-27-673,30,Female,The Idealistic Activist,58.3160,0.8780,0.8509,0.9266,0.4655,0.1798,0.2086,0.3699,0.2730,0.7103,0.3697
ALPHA-50-205,28,Male,The Stoic Engineer,52.5664,0.6032,0.4180,0.3283,0.5308,0.8142,0.7687,0.5988,0.7032,0.2387,0.1831
ALPHA-51-528,16,Male,The Disillusioned Artist,54.1293,0.2569,0.7755,0.6564,0.4786,0.8521,0.3121,0.3447,0.1971,0.5436,0.4185
ALPHA-25-939,43,Female,The Cautious Observer,64.5125,0.3660,0.7506,0.8907,0.3684,0.1050,0.6334,0.8713,0.1500,0.3357,0.2943
ALPHA-92-443,32,Female,The Stoic Engineer,61.5062,0.6073,0.3568,0.1334,0.1266,0.7240,0.7397,0.7943,0.9513,0.1128,0.2290
ALPHA-50-713,75,Male,The Cautious Observer,66.9880,0.4744,0.7136,0.5720,0.8596,0.2442,0.8391,0.9017,0.3198,0.3706,0.1095
ALPHA-80-388,18,Female,The Disillusioned Artist,54.6798,0.2520,0.6672,0.4820,0.1751,0.9212,0.2457,0.3137,0.6790,0.2573,0.6969
ALPHA-24-308,23,Male,The Disillusioned Artist,48.4677,0.1545,0.7092,0.7424,0.4636,0.7272,0.2156,0.3266,0.7664,0.2206,0.7360
ALPHA-73-343,29,Female,The Stoic Engineer,58.0545,0.5175,0.2147,0.2442,0.1863,0.6476,0.9488,0.5135,0.7304,0.2551,0.3218
ALPHA-39-309,38,Female,The Cautious Observer,60.4777,0.4257,0.8561,0.1280,0.5295,0.4126,0.7480,0.7126,0.7622,0.2967,0.6307
ALPHA-95-684,42,Male,The Disillusioned Artist,42.2994,0.1025,0.7104,0.7158,0.8169,0.9573,0.1427,0.5193,0.7609,0.2459,0.2699
ALPHA-58-632,42,Male,The Cautious Observer,72.0221,0.4798,0.6411,0.7039,0.7969,0.3117,0.8352,0.8329,0.6105,0.3732,0.3831
ALPHA-50-266,62,Female,The Community Builder,62.1674,0.6203,0.4676,0.9391,0.1765,0.1539,0.6473,0.1243,0.3668,0.7164,0.5571
ALPHA-48-468,51,Female,The Community Builder,75.2036,0.7711,0.1006,0.9629,0.1265,0.8964,0.5876,0.5094,0.1771,0.9346,0.9000
ALPHA-14-113,42,Male,The Ambitious Entrepreneur,52.6157,0.8628,0.4556,0.4214,0.9036,0.2180,0.3858,0.2637,0.7890,0.7184,0.2963
ALPHA-79-941,31,Male,The Disillusioned Artist,54.5614,0.3847,0.7470,0.7135,0.4241,0.7153,0.1408,0.3662,0.3489,0.3828,0.8391
ALPHA-33-679,40,Female,The Idealistic Activist,53.8451,0.5775,0.5479,0.8687,0.7172,0.7221,0.1480,0.4647,0.3887,0.7620,0.2176
ALPHA-18-660,45,Male,The Idealistic Activist,67.4923,0.7932,0.1387,0.7940,0.4315,0.8415,0.1991,0.4498,0.7253,0.6734,0.7211
ALPHA-40-855,43,Male,The Ambitious Entrepreneur,56.2406,0.3771,0.5728,0.6444,0.9599,0.5630,0.6589,0.3878,0.6704,0.6119,0.6786
ALPHA-49-248,31,Female,The Community Builder,65.6344,0.7938,0.7693,0.9513,0.6793,0.8116,0.4882,0.1757,0.5401,0.7786,0.6271
ALPHA-90-054,55,Male,The Stoic Engineer,74.1613,0.4189,0.4953,0.8366,0.4387,0.7633,0.8323,0.6451,0.8490,0.1431,0.7610
ALPHA-37-494,34,Female,The Ambitious Entrepreneur,63.1496,0.2283,0.7684,0.5551,0.8614,0.8839,0.5895,0.3799,0.7237,0.5482,0.8951
ALPHA-36-523,34,Male,The Idealistic Activist,65.5892,0.8799,0.1937,0.7748,0.5176,0.1056,0.1108,0.3613,0.6595,0.9461,0.8537
ALPHA-19-598,40,Male,The Disillusioned Artist,53.6023,0.3565,0.8647,0.6615,0.2400,0.9832,0.3933,0.3497,0.7327,0.4304,0.3198
ALPHA-91-853,49,Male,The Idealistic Activist,70.9989,0.8665,0.8543,0.9447,0.6252,0.3720,0.1985,0.3444,0.6019,0.6803,0.8697
ALPHA-81-340,52,Female,The Cautious Observer,59.4581,0.4091,0.8169,0.7217,0.6960,0.7132,0.7758,0.7472,0.5216,0.2853,0.1435
ALPHA-13-191,24,Female,The Stoic Engineer,58.1812,0.6783,0.3443,0.3081,0.8729,0.8390,0.8200,0.6375,0.8962,0.2470,0.3565
ALPHA-86-654,37,Male,The Cautious Observer,68.6640,0.2187,0.6672,0.8986,0.5347,0.8838,0.7754,0.8350,0.6996,0.3971,0.5299
ALPHA-12-684,55,Female,The Ambitious Entrepreneur,48.4915,0.3142,0.7359,0.8123,0.7224,0.7221,0.4904,0.1883,0.6597,0.6079,0.2787
ALPHA-11-405,59,Male,The Idealistic Activist,61.6207,0.7624,0.2641,0.8258,0.8235,0.6002,0.1009,0.4754,0.2946,0.8237,0.6740
ALPHA-92-746,50,Male,The Cautious Observer,68.0666,0.3086,0.6703,0.3572,0.7093,0.7980,0.7838,0.9227,0.1175,0.3853,0.5529
ALPHA-26-570,64,Male,The Stoic Engineer,66.2274,0.6363,0.4177,0.2592,0.4021,0.6399,0.7924,0.6281,0.9621,0.3193,0.6191
ALPHA-91-013,32,Female,The Community Builder,74.1285,0.7225,0.2239,0.7972,0.2463,0.3401,0.5621,0.8707,0.2137,0.8839,0.6525
ALPHA-42-453,52,Female,The Community Builder,69.1908,0.6399,0.6128,0.9352,0.2636,0.5855,0.7959,0.1484,0.8361,0.7300,0.7242
ALPHA-71-373,49,Male,The Community Builder,71.3140,0.6110,0.4432,0.7866,0.8857,0.2776,0.5688,0.4732,0.5239,0.8040,0.7180
ALPHA-22-862,58,Female,The Community Builder,72.0528,0.8343,0.6090,0.7963,0.3739,0.3548,0.4196,0.8124,0.8096,0.8125,0.7220
ALPHA-35-541,16,Female,The Cautious Observer,55.8234,0.2165,0.9330,0.2499,0.7903,0.8653,0.6778,0.9883,0.5661,0.2396,0.4224
ALPHA-15-268,36,Female,The Community Builder,62.0073,0.8599,0.4693,0.8118,0.4785,0.1305,0.4225,0.3483,0.5219,0.7411,0.5532
ALPHA-19-515,57,Male,The Idealistic Activist,51.0436,0.6012,0.5651,0.7293,0.3907,0.8642,0.1223,0.2484,0.1705,0.8319,0.2010
ALPHA-40-868,46,Female,The Community Builder,76.0172,0.6409,0.7478,0.8763,0.8790,0.8476,0.5436,0.5406,0.3348,0.9118,0.8592
ALPHA-54-861,54,Male,The Cautious Observer,63.7812,0.3863,0.9335,0.6134,0.6634,0.4908,0.6408,0.8058,0.8107,0.3763,0.5903
ALPHA-28-681,44,Female,The Community Builder,66.0521,0.7241,0.7506,0.8712,0.7344,0.7200,0.5133,0.1693,0.2964,0.7987,0.6938
ALPHA-01-453,66,Female,The Community Builder,68.5485,0.6991,0.6312,0.7387,0.1307,0.6000,0.4911,0.4790,0.4560,0.7360,0.8760
ALPHA-09-969,35,Female,The Idealistic Activist,61.4491,0.8821,0.6520,0.7630,0.8541,0.7969,0.3595,0.4362,0.4155,0.8830,0.3662
ALPHA-62-989,72,Female,The Disillusioned Artist,54.8207,0.4652,0.6456,0.4358,0.1908,0.9804,0.3939,0.2151,0.3384,0.5882,0.8306
ALPHA-57-124,40,Female,The Ambitious Entrepreneur,53.9184,0.5959,0.2861,0.2596,0.8022,0.1940,0.5772,0.1828,0.9391,0.8657,0.6262
ALPHA-35-832,31,Female,The Idealistic Activist,52.9120,0.7924,0.8446,0.7111,0.2400,0.5031,0.3838,0.3652,0.5816,0.6429,0.2472
ALPHA-20-089,37,Female,The Ambitious Entrepreneur,45.2741,0.7061,0.4733,0.3132,0.7077,0.5015,0.5191,0.1885,0.9123,0.8564,0.1139
ALPHA-51-353,40,Female,The Idealistic Activist,61.6630,0.7886,0.1874,0.9428,0.3477,0.1655,0.3188,0.4092,0.7123,0.7150,0.4964
ALPHA-94-256,74,Female,The Community Builder,68.7907,0.9026,0.5238,0.8881,0.6477,0.8540,0.7512,0.2969,0.5718,0.9455,0.5600
ALPHA-56-956,16,Male,The Community Builder,78.9323,0.9222,0.4525,0.9147,0.8012,0.6671,0.5466,0.7491,0.2980,0.9235,0.8128
ALPHA-18-294,40,Male,The Stoic Engineer,50.7251,0.4990,0.4691,0.1533,0.7144,0.6916,0.6679,0.6356,0.8823,0.1457,0.2977
ALPHA-45-106,32,Male,The Idealistic Activist,53.9990,0.7115,0.5076,0.7827,0.1912,0.4008,0.2371,0.2187,0.4272,0.9098,0.2566
ALPHA-26-181,60,Female,The Idealistic Activist,49.4520,0.5562,0.6386,0.8110,0.2876,0.2235,0.1519,0.4138,0.2423,0.6344,0.2639
ALPHA-27-215,20,Male,The Idealistic Activist,55.5873,0.8681,0.7844,0.9331,0.7853,0.4653,0.1150,0.3377,0.8773,0.6614,0.1595
ALPHA-47-294,51,Male,The Disillusioned Artist,49.1443,0.3400,0.5222,0.4939,0.5293,0.8966,0.3322,0.4295,0.3941,0.2953,0.4006
ALPHA-81-583,33,Female,The Community Builder,71.7216,0.8728,0.3073,0.9007,0.2172,0.2676,0.5583,0.4580,0.5780,0.8754,0.8600
ALPHA-05-026,27,Male,The Ambitious Entrepreneur,50.2502,0.1858,0.2025,0.7391,0.8831,0.5780,0.4287,0.1589,0.8922,0.6604,0.4689
ALPHA-41-281,28,Female,The Cautious Observer,62.8466,0.4136,0.9163,0.7369,0.7771,0.8133,0.6574,0.7985,0.5052,0.1663,0.4944
ALPHA-54-560,59,Female,The Ambitious Entrepreneur,49.8290,0.1398,0.3219,0.8881,0.7397,0.4097,0.6600,0.3254,0.6312,0.8524,0.1422
ALPHA-22-736,41,Female,The Idealistic Activist,57.8765,0.7122,0.3661,0.8399,0.3949,0.4360,0.3435,0.3808,0.2845,0.7433,0.3213
ALPHA-37-712,39,Male,The Disillusioned Artist,56.4183,0.4520,0.5180,0.7499,0.7411,0.9447,0.1976,0.3305,0.6035,0.4719,0.4763
ALPHA-95-634,49,Female,The Cautious Observer,62.6138,0.3187,0.9357,0.8462,0.8722,0.1395,0.8257,0.8873,0.5933,0.1402,0.1205
ALPHA-01-669,45,Male,The Stoic Engineer,66.7437,0.3646,0.2834,0.1618,0.5590,0.7742,0.9465,0.7278,0.8161,0.1856,0.8505
ALPHA-19-683,59,Female,The Disillusioned Artist,60.3480,0.4110,0.8755,0.4155,0.1650,0.8392,0.3097,0.5255,0.8516,0.3160,0.6997
ALPHA-56-144,42,Male,The Ambitious Entrepreneur,52.2713,0.4598,0.6202,0.3723,0.7746,0.8795,0.5841,0.3512,0.9432,0.7917,0.4966
ALPHA-21-163,51,Male,The Cautious Observer,67.3763,0.4477,0.7202,0.4611,0.4419,0.7353,0.6365,0.8961,0.8647,0.1942,0.6838
ALPHA-66-345,53,Female,The Ambitious Entrepreneur,58.3867,0.5344,0.4623,0.4550,0.9693,0.3460,0.5774,0.2462,0.8792,0.8105,0.4422
ALPHA-01-087,36,Male,The Community Builder,77.0745,0.7115,0.5979,0.9508,0.5453,0.8394,0.7342,0.8328,0.5674,0.8969,0.8307
ALPHA-07-668,50,Female,The Idealistic Activist,58.9516,0.7073,0.4911,0.9292,0.3414,0.6678,0.4553,0.2357,0.4524,0.8075,0.3512
ALPHA-44-360,48,Male,The Cautious Observer,62.9309,0.3621,0.8774,0.5374,0.2180,0.5048,0.6319,0.7059,0.5078,0.1550,0.7694
ALPHA-37-936,39,Male,The Cautious Observer,64.7775,0.2056,0.8003,0.8497,0.4121,0.1578,0.7293,0.7118,0.5824,0.3353,0.3381
ALPHA-87-908,40,Male,The Stoic Engineer,68.5689,0.5730,0.4336,0.4322,0.4469,0.6107,0.6680,0.8118,0.9600,0.2537,0.8687
ALPHA-27-484,45,Male,The Stoic Engineer,68.8385,0.4134,0.2701,0.6039,0.4574,0.9438,0.8247,0.8140,0.7865,0.1217,0.8961
ALPHA-80-492,31,Male,The Stoic Engineer,61.1461,0.3387,0.4821,0.1593,0.3352,0.9151,0.6168,0.8547,0.9638,0.1698,0.8583
ALPHA-81-257,34,Female,The Disillusioned Artist,47.1158,0.3014,0.8622,0.5443,0.5531,0.7166,0.2052,0.3320,0.2876,0.3661,0.4497
ALPHA-16-649,53,Female,The Community Builder,83.1099,0.8773,0.7037,0.9270,0.2704,0.1458,0.7644,0.7777,0.2194,0.8923,0.5457
ALPHA-13-891,16,Male,The Disillusioned Artist,59.5703,0.2265,0.7976,0.7600,0.2778,0.9374,0.1390,0.5346,0.7116,0.2342,0.8514
ALPHA-64-278,41,Male,The Idealistic Activist,53.7262,0.7756,0.2621,0.7655,0.2619,0.5615,0.4329,0.2374,0.8036,0.7418,0.1978
ALPHA-43-103,37,Male,The Cautious Observer,63.0675,0.4776,0.9017,0.6940,0.6612,0.8719,0.6729,0.7403,0.7396,0.1469,0.1522
ALPHA-86-958,47,Male,The Cautious Observer,60.2049,0.2589,0.9070,0.8277,0.4363,0.3590,0.6291,0.8001,0.3925,0.1383,0.1609
ALPHA-50-883,33,Female,The Disillusioned Artist,45.8647,0.1073,0.5389,0.6300,0.8078,0.7807,0.1032,0.4674,0.3337,0.3994,0.2266
ALPHA-01-328,46,Female,The Stoic Engineer,62.4281,0.5869,0.3554,0.4517,0.7577,0.7370,0.9095,0.5854,0.8934,0.2747,0.4282
ALPHA-49-054,41,Male,The Ambitious Entrepreneur,44.3920,0.6094,0.4517,0.2705,0.9467,0.5157,0.6292,0.1894,0.7439,0.6900,0.2466
ALPHA-94-493,60,Female,The Stoic Engineer,66.5912,0.6666,0.3631,0.3547,0.3396,0.7987,0.9228,0.6517,0.7090,0.2258,0.5811
ALPHA-73-497,53,Female,The Idealistic Activist,59.0539,0.7488,0.4688,0.9488,0.3256,0.2366,0.2182,0.3281,0.1489,0.7797,0.4751
ALPHA-22-577,50,Female,The Community Builder,74.2595,0.6432,0.5876,0.7841,0.1520,0.2096,0.7128,0.5415,0.7897,0.9418,0.6142
ALPHA-15-026,30,Female,The Disillusioned Artist,45.3376,0.1872,0.6232,0.4077,0.4318,0.8039,0.2433,0.3864,0.1006,0.5170,0.1495
ALPHA-94-731,52,Male,The Idealistic Activist,56.8691,0.6561,0.6106,0.8605,0.2340,0.3770,0.3850,0.3125,0.4221,0.8605,0.3007
ALPHA-70-070,37,Male,The Ambitious Entrepreneur,44.5700,0.3212,0.8099,0.1337,0.8615,0.5392,0.5044,0.3551,0.6928,0.8456,0.5793
ALPHA-13-755,41,Female,The Cautious Observer,62.5914,0.4920,0.7083,0.1049,0.4846,0.2295,0.7486,0.8954,0.5018,0.3032,0.6277
ALPHA-20-270,57,Male,The Ambitious Entrepreneur,57.5439,0.2737,0.3773,0.6908,0.9512,0.6196,0.5657,0.3022,0.9111,0.8871,0.5260
ALPHA-41-564,46,Male,The Disillusioned Artist,52.4343,0.4970,0.6540,0.6258,0.5478,0.9430,0.2379,0.2791,0.1939,0.4553,0.5686
ALPHA-61-183,60,Male,The Community Builder,75.5408,0.6938,0.3362,0.8756,0.3299,0.6597,0.4993,0.7640,0.2405,0.9221,0.7123
ALPHA-68-481,47,Female,The Idealistic Activist,65.3101,0.5915,0.3725,0.9412,0.2291,0.4537,0.4627,0.3523,0.7211,0.6772,0.7711
ALPHA-39-359,43,Female,The Idealistic Activist,51.8952,0.5225,0.8256,0.7391,0.6357,0.1790,0.4102,0.4464,0.8452,0.6649,0.2451
ALPHA-46-446,42,Male,The Community Builder,66.2043,0.9354,0.6653,0.7795,0.2395,0.6411,0.6721,0.4254,0.3557,0.7760,0.5834
ALPHA-93-316,64,Male,The Stoic Engineer,58.6287,0.4396,0.3146,0.3733,0.7491,0.6784,0.7961,0.5236,0.7860,0.1456,0.7248
ALPHA-38-494,63,Female,The Community Builder,67.4465,0.7801,0.1588,0.9624,0.8922,0.1251,0.4454,0.2243,0.4395,0.9412,0.6897
ALPHA-57-427,24,Male,The Idealistic Activist,66.8019,0.6793,0.4440,0.9791,0.4446,0.3031,0.4241,0.4419,0.4139,0.7936,0.6463
ALPHA-79-163,38,Male,The Community Builder,71.6789,0.8906,0.3072,0.8063,0.5657,0.2428,0.5939,0.2671,0.7337,0.7555,0.8292
ALPHA-54-832,42,Female,The Disillusioned Artist,37.6318,0.1179,0.7622,0.4412,0.3107,0.9427,0.1536,0.4033,0.1678,0.5612,0.1581
ALPHA-74-647,64,Female,The Community Builder,64.0003,0.7077,0.6887,0.7011,0.6928,0.5976,0.6447,0.4176,0.8958,0.7261,0.7301
ALPHA-33-790,46,Female,The Cautious Observer,62.0526,0.2897,0.7879,0.6552,0.5621,0.4565,0.6573,0.9260,0.7711,0.1197,0.2048
ALPHA-90-604,48,Male,The Disillusioned Artist,52.8240,0.2231,0.7224,0.5331,0.8558,0.8635,0.1854,0.4544,0.5408,0.4917,0.5695
ALPHA-06-471,62,Female,The Community Builder,63.6351,0.6713,0.4939,0.7238,0.8965,0.1978,0.5446,0.2204,0.2568,0.8022,0.6642
ALPHA-59-624,51,Male,The Disillusioned Artist,45.3084,0.1971,0.8977,0.4516,0.6057,0.7857,0.3984,0.2887,0.7946,0.4263,0.6610
ALPHA-69-464,40,Female,The Community Builder,69.6633,0.9144,0.5014,0.8505,0.3426,0.5389,0.6295,0.3583,0.4608,0.7700,0.8331
ALPHA-77-939,54,Female,The Cautious Observer,65.5116,0.4814,0.9047,0.8120,0.5389,0.7137,0.6375,0.7881,0.3211,0.3933,0.3234
ALPHA-62-104,53,Male,The Disillusioned Artist,51.9426,0.2010,0.7958,0.7462,0.1838,0.7102,0.1312,0.2353,0.8440,0.3367,0.6845
ALPHA-45-666,53,Male,The Community Builder,59.6739,0.8218,0.6949,0.7144,0.8089,0.5280,0.4492,0.1793,0.1995,0.7900,0.7956
ALPHA-31-114,60,Female,The Idealistic Activist,57.2339,0.6389,0.2522,0.7358,0.5222,0.4895,0.4502,0.2749,0.1564,0.9007,0.2991
ALPHA-20-831,73,Male,The Disillusioned Artist,40.0891,0.3027,0.6357,0.5327,0.6472,0.7208,0.3750,0.2990,0.7234,0.4044,0.1306
ALPHA-40-768,57,Female,The Stoic Engineer,71.8510,0.6015,0.3809,0.7856,0.5961,0.6640,0.7888,0.7304,0.8728,0.3930,0.6920
ALPHA-81-273,51,Male,The Cautious Observer,69.3852,0.4478,0.8418,0.5038,0.8704,0.3095,0.8112,0.9007,0.1076,0.2928,0.3294
ALPHA-45-319,51,Female,The Stoic Engineer,62.6176,0.5754,0.4992,0.1923,0.7419,0.6236,0.8884,0.7693,0.8241,0.3656,0.2551
ALPHA-08-146,52,Male,The Stoic Engineer,46.7278,0.3631,0.4620,0.1554,0.8518,0.7660,0.6629,0.7050,0.7040,0.2915,0.1805
ALPHA-34-236,23,Male,The Ambitious Entrepreneur,63.9597,0.6636,0.5125,0.5491,0.8996,0.8886,0.5562,0.2933,0.8951,0.8244,0.7445
ALPHA-32-756,25,Male,The Ambitious Entrepreneur,50.0200,0.1172,0.2728,0.6948,0.8685,0.6873,0.3003,0.3466,0.7743,0.5506,0.2784
ALPHA-52-015,38,Female,The Ambitious Entrepreneur,48.7945,0.2996,0.1953,0.4419,0.9345,0.7340,0.6050,0.3012,0.6137,0.7675,0.4223
ALPHA-67-300,20,Male,The Cautious Observer,56.4630,0.4007,0.7219,0.1956,0.7554,0.3477,0.6097,0.7580,0.5822,0.1779,0.5581
ALPHA-38-236,52,Female,The Idealistic Activist,54.1593,0.5384,0.4314,0.7256,0.3265,0.7935,0.4767,0.3722,0.5408,0.8028,0.4234
ALPHA-06-747,24,Female,The Idealistic Activist,63.2604,0.8499,0.8141,0.9717,0.4354,0.8213,0.1503,0.4906,0.7311,0.7119,0.6912
ALPHA-06-542,40,Female,The Cautious Observer,73.7167,0.3742,0.8136,0.4849,0.6776,0.2179,0.7021,0.8806,0.2550,0.1476,0.8547
ALPHA-33-977,33,Female,The Cautious Observer,70.6210,0.4375,0.6553,0.7223,0.3886,0.3103,0.6126,0.8161,0.8388,0.3059,0.7696
ALPHA-49-826,53,Male,The Idealistic Activist,59.4098,0.8237,0.4150,0.7714,0.6481,0.6153,0.2303,0.2655,0.1703,0.6772,0.2356
ALPHA-33-928,62,Male,The Cautious Observer,68.1518,0.4401,0.6522,0.8450,0.8694,0.3709,0.6505,0.8769,0.3693,0.2094,0.5740
ALPHA-85-642,51,Male,The Disillusioned Artist,55.4185,0.3845,0.7858,0.7888,0.2293,0.9311,0.2465,0.4667,0.6224,0.3969,0.5155
ALPHA-60-627,64,Male,The Community Builder,79.7892,0.8621,0.3066,0.9120,0.1631,0.6005,0.7221,0.5745,0.4575,0.9260,0.8033
ALPHA-92-515,42,Female,The Idealistic Activist,70.0925,0.7792,0.1509,0.9594,0.6460,0.6165,0.1262,0.4947,0.6455,0.6286,0.8114
ALPHA-41-643,30,Female,The Disillusioned Artist,45.8432,0.2214,0.5981,0.7723,0.2219,0.8951,0.3487,0.3132,0.6257,0.4565,0.3851
ALPHA-06-502,36,Female,The Ambitious Entrepreneur,47.3983,0.2856,0.1474,0.2952,0.9703,0.2493,0.4395,0.3939,0.7158,0.6581,0.5745
ALPHA-74-341,39,Male,The Cautious Observer,62.8786,0.2255,0.9475,0.6670,0.4120,0.4166,0.6025,0.8124,0.8471,0.1478,0.7629
ALPHA-71-897,57,Female,The Cautious Observer,76.0938,0.4105,0.7466,0.8771,0.6478,0.7673,0.8298,0.7190,0.8032,0.1027,0.7493
ALPHA-84-259,35,Male,The Idealistic Activist,72.0360,0.8877,0.3858,0.7255,0.4784,0.3138,0.4787,0.3873,0.1671,0.6430,0.8263
ALPHA-00-750,47,Male,The Disillusioned Artist,49.6369,0.2039,0.8796,0.5729,0.6549,0.7378,0.2942,0.4302,0.3823,0.5884,0.7732
ALPHA-02-512,53,Female,The Community Builder,75.1582,0.9458,0.1978,0.9292,0.6125,0.8783,0.6045,0.8774,0.1714,0.8116,0.5063
ALPHA-26-873,22,Female,The Idealistic Activist,60.6734,0.5676,0.1562,0.7401,0.4717,0.3436,0.4631,0.2718,0.2104,0.6072,0.8703
ALPHA-82-045,26,Female,The Disillusioned Artist,54.8413,0.3482,0.5752,0.6668,0.2986,0.9385,0.2412,0.4905,0.3784,0.4824,0.7397
ALPHA-33-616,30,Male,The Community Builder,68.9026,0.8225,0.6981,0.7880,0.5047,0.1791,0.4421,0.7342,0.8639,0.7178,0.6232
ALPHA-85-992,58,Male,The Cautious Observer,68.0735,0.2258,0.9095,0.8548,0.7279,0.8246,0.6375,0.7289,0.3309,0.1175,0.6350
ALPHA-34-315,25,Female,The Idealistic Activist,60.5992,0.8568,0.7087,0.9556,0.5252,0.4036,0.2950,0.2534,0.7761,0.8661,0.6621
ALPHA-44-536,43,Male,The Stoic Engineer,55.0553,0.3292,0.4889,0.3203,0.2375,0.7302,0.6011,0.6816,0.7393,0.2611,0.2530
ALPHA-37-266,50,Male,The Ambitious Entrepreneur,61.7815,0.8909,0.8240,0.2385,0.8994,0.6445,0.6853,0.2023,0.7991,0.7144,0.7002
ALPHA-46-436,41,Female,The Cautious Observer,66.5476,0.4029,0.6133,0.7382,0.4806,0.3063,0.7112,0.8568,0.8043,0.2017,0.2375
ALPHA-36-417,38,Male,The Community Builder,73.0238,0.6554,0.7576,0.7261,0.2788,0.7915,0.7639,0.7030,0.1531,0.8643,0.6002
ALPHA-94-898,38,Female,The Disillusioned Artist,52.8999,0.2736,0.5792,0.7119,0.7035,0.7295,0.1103,0.3217,0.1021,0.2609,0.7782
ALPHA-12-146,28,Male,The Community Builder,76.6016,0.6137,0.8738,0.9233,0.2691,0.3918,0.7603,0.6460,0.3239,0.9730,0.7503
ALPHA-47-468,50,Male,The Stoic Engineer,66.0333,0.6726,0.3049,0.3476,0.7839,0.6077,0.7579,0.7719,0.8476,0.2715,0.5621
ALPHA-92-239,65,Male,The Disillusioned Artist,46.7266,0.4203,0.8833,0.5346,0.7556,0.7704,0.1494,0.5514,0.5061,0.2175,0.3944
ALPHA-56-516,27,Female,The Stoic Engineer,62.9530,0.3598,0.3362,0.3543,0.4621,0.8789,0.6784,0.5643,0.7734,0.2491,0.8423
ALPHA-25-359,38,Female,The Idealistic Activist,67.6021,0.7212,0.4432,0.7994,0.6736,0.8339,0.4910,0.3802,0.2225,0.7096,0.8860
ALPHA-67-495,23,Female,The Stoic Engineer,67.0611,0.6876,0.2510,0.8593,0.8655,0.6682,0.7583,0.6989,0.7718,0.2670,0.1535
ALPHA-91-612,68,Female,The Ambitious Entrepreneur,54.0668,0.8780,0.2449,0.4944,0.8742,0.4394,0.3734,0.1328,0.7143,0.7423,0.2910
ALPHA-98-638,56,Female,The Ambitious Entrepreneur,57.9884,0.8629,0.8270,0.2037,0.9597,0.6112,0.4121,0.1790,0.6043,0.5008,0.8102
ALPHA-47-491,47,Female,The Stoic Engineer,61.6639,0.5022,0.2304,0.3590,0.2757,0.9455,0.6162,0.8671,0.8594,0.3993,0.4651
ALPHA-36-028,34,Male,The Community Builder,76.0578,0.6125,0.8058,0.8385,0.5223,0.6763,0.5536,0.5834,0.8066,0.9323,0.8279
ALPHA-79-293,24,Male,The Stoic Engineer,61.8860,0.4677,0.4918,0.5261,0.6541,0.6586,0.6702,0.7232,0.8610,0.1436,0.4607
ALPHA-53-677,56,Male,The Disillusioned Artist,50.7502,0.1026,0.7876,0.6951,0.2232,0.8396,0.3456,0.4918,0.6548,0.2409,0.3352
ALPHA-55-813,54,Male,The Idealistic Activist,62.2580,0.7573,0.6813,0.8122,0.1097,0.4343,0.4136,0.2062,0.1246,0.6776,0.4052
ALPHA-65-475,45,Female,The Idealistic Activist,58.8913,0.5696,0.1033,0.9724,0.1535,0.3854,0.1013,0.2068,0.6951,0.7214,0.4172
ALPHA-67-109,41,Male,The Idealistic Activist,59.6217,0.5392,0.5094,0.9037,0.1223,0.6394,0.3979,0.4926,0.8387,0.6117,0.4362
ALPHA-71-492,56,Female,The Idealistic Activist,59.1885,0.5462,0.7541,0.9117,0.3823,0.3349,0.4044,0.4719,0.1362,0.9247,0.2877
ALPHA-94-145,48,Male,The Community Builder,72.9006,0.9460,0.2923,0.7219,0.5100,0.3647,0.6375,0.4722,0.1428,0.9208,0.6966
ALPHA-97-121,51,Female,The Cautious Observer,74.4871,0.4852,0.6065,0.4887,0.8651,0.6228,0.7695,0.7967,0.1262,0.1923,0.8211
ALPHA-99-284,59,Male,The Disillusioned Artist,41.6088,0.3875,0.5927,0.4924,0.8141,0.7118,0.1473,0.2889,0.7735,0.2879,0.2260
ALPHA-61-917,46,Male,The Disillusioned Artist,51.3362,0.4111,0.7696,0.5172,0.5071,0.9856,0.1913,0.4284,0.5575,0.3688,0.5671
ALPHA-57-918,18,Female,The Idealistic Activist,58.9846,0.8847,0.2753,0.7356,0.6886,0.8658,0.3523,0.3302,0.4591,0.6601,0.6182
ALPHA-45-925,35,Female,The Stoic Engineer,64.8937,0.6910,0.3409,0.5532,0.4725,0.8186,0.7650,0.5275,0.8385,0.3008,0.4422
ALPHA-14-935,20,Female,The Idealistic Activist,51.9189,0.8298,0.8888,0.8283,0.4462,0.3125,0.4260,0.2566,0.2447,0.6730,0.1125
ALPHA-53-087,48,Female,The Community Builder,70.9286,0.7927,0.1654,0.7325,0.3097,0.5638,0.5385,0.6111,0.7657,0.7713,0.7487
ALPHA-51-519,73,Female,The Stoic Engineer,64.2902,0.4472,0.4727,0.3569,0.7581,0.6656,0.8115,0.6344,0.8690,0.2563,0.6338
ALPHA-59-527,50,Male,The Cautious Observer,61.9802,0.2797,0.7259,0.5206,0.5235,0.3174,0.6320,0.8544,0.6166,0.2807,0.8075
ALPHA-20-463,54,Male,The Idealistic Activist,50.3998,0.5086,0.7695,0.7042,0.7034,0.7500,0.1159,0.4026,0.1496,0.8626,0.3978
ALPHA-43-726,61,Male,The Idealistic Activist,72.3687,0.8039,0.5091,0.9714,0.2082,0.3842,0.1574,0.4494,0.3276,0.6862,0.8725
ALPHA-84-605,51,Female,The Community Builder,78.1521,0.8003,0.7024,0.9555,0.3199,0.1744,0.6704,0.3168,0.3357,0.8440,0.8987
ALPHA-53-414,54,Male,The Community Builder,65.9099,0.7477,0.2130,0.8029,0.1973,0.4030,0.7991,0.3132,0.7044,0.8723,0.6573
ALPHA-70-881,48,Male,The Idealistic Activist,55.3371,0.7557,0.4475,0.7688,0.4431,0.2036,0.1243,0.4797,0.2377,0.6255,0.1168
ALPHA-08-807,40,Female,The Disillusioned Artist,50.6397,0.2055,0.5084,0.7419,0.8295,0.9822,0.3263,0.5367,0.7089,0.2243,0.4458
ALPHA-41-114,41,Female,The Stoic Engineer,65.9492,0.4343,0.4829,0.6952,0.5864,0.8279,0.9331,0.7746,0.7801,0.2204,0.1532
ALPHA-94-299,55,Female,The Community Builder,72.8311,0.6374,0.5187,0.9528,0.5502,0.2251,0.5527,0.7055,0.4713,0.8435,0.6147
ALPHA-59-166,42,Male,The Cautious Observer,74.8002,0.3975,0.8053,0.7975,0.2464,0.3835,0.6473,0.9484,0.4869,0.2255,0.5983
ALPHA-16-891,62,Female,The Disillusioned Artist,54.8114,0.2501,0.8688,0.7130,0.6203,0.8339,0.3139,0.3716,0.1741,0.3035,0.8281
ALPHA-45-402,33,Female,The Disillusioned Artist,54.5297,0.1535,0.5046,0.5598,0.4621,0.7129,0.2039,0.4028,0.7970,0.5560,0.8854
ALPHA-74-493,24,Male,The Cautious Observer,61.0188,0.2242,0.8363,0.1757,0.5928,0.6683,0.8062,0.9439,0.2929,0.3331,0.7041
ALPHA-20-523,51,Female,The Ambitious Entrepreneur,57.2527,0.4910,0.3674,0.4699,0.7770,0.6170,0.5364,0.3883,0.7879,0.6916,0.7902
ALPHA-87-678,52,Female,The Cautious Observer,58.3339,0.4342,0.7453,0.1444,0.3437,0.8864,0.7430,0.8013,0.3725,0.3668,0.4865
ALPHA-37-893,48,Female,The Idealistic Activist,68.7526,0.6754,0.8864,0.8718,0.1494,0.7951,0.2613,0.3340,0.1425,0.6108,0.7972
ALPHA-78-727,38,Female,The Disillusioned Artist,49.5619,0.3094,0.8725,0.4616,0.6095,0.7051,0.1060,0.4229,0.4078,0.3355,0.3493
ALPHA-23-346,22,Female,The Disillusioned Artist,52.6409,0.4411,0.5890,0.5237,0.3403,0.7870,0.3493,0.5615,0.6511,0.2084,0.6071
ALPHA-49-621,51,Male,The Stoic Engineer,68.1511,0.4698,0.4171,0.8648,0.1343,0.6088,0.9313,0.6660,0.7232,0.2150,0.4448
ALPHA-26-144,46,Female,The Disillusioned Artist,47.0537,0.2173,0.5110,0.5844,0.1112,0.9167,0.1220,0.3217,0.7544,0.3907,0.8405
ALPHA-06-733,38,Female,The Disillusioned Artist,56.6970,0.2143,0.6485,0.7620,0.1613,0.7595,0.2245,0.5578,0.2055,0.4789,0.4852
ALPHA-10-384,42,Female,The Stoic Engineer,67.1799,0.5649,0.3161,0.4670,0.2564,0.6347,0.6516,0.7796,0.7776,0.3718,0.6374
ALPHA-74-540,49,Male,The Disillusioned Artist,53.0451,0.4837,0.7272,0.5694,0.6042,0.7448,0.2587,0.4766,0.1599,0.3225,0.6057
ALPHA-43-182,59,Female,The Stoic Engineer,64.4248,0.4554,0.2596,0.2862,0.3441,0.8830,0.6757,0.6025,0.8064,0.1335,0.7714
ALPHA-57-780,48,Male,The Idealistic Activist,60.3804,0.8448,0.6355,0.8857,0.4110,0.3280,0.1400,0.3232,0.1655,0.9179,0.2769
ALPHA-95-737,66,Female,The Stoic Engineer,53.5608,0.4576,0.2233,0.2266,0.5061,0.8944,0.6899,0.7940,0.8983,0.3091,0.1859
ALPHA-93-727,49,Male,The Community Builder,76.3720,0.8775,0.8368,0.9659,0.3946,0.7891,0.7418,0.5661,0.6670,0.7334,0.8300
ALPHA-49-343,35,Female,The Cautious Observer,68.4409,0.2962,0.6309,0.8129,0.3225,0.1529,0.7177,0.7900,0.5050,0.2072,0.5908
ALPHA-49-385,32,Female,The Community Builder,65.9579,0.9444,0.2104,0.8248,0.1868,0.6798,0.5900,0.2252,0.6402,0.7342,0.5822
ALPHA-68-732,34,Male,The Ambitious Entrepreneur,69.7474,0.8297,0.8574,0.7284,0.7006,0.4318,0.5203,0.2068,0.6569,0.7451,0.8001
ALPHA-77-618,32,Male,The Idealistic Activist,58.1532,0.6558,0.3505,0.8138,0.7133,0.8161,0.3761,0.3687,0.8795,0.8908,0.3064
ALPHA-49-020,32,Male,The Ambitious Entrepreneur,63.2810,0.8192,0.4977,0.7213,0.7850,0.1950,0.6120,0.2800,0.6480,0.5065,0.5679
ALPHA-17-459,54,Male,The Idealistic Activist,72.3174,0.8566,0.5595,0.8360,0.5743,0.7217,0.4520,0.2421,0.2149,0.6527,0.8168
ALPHA-94-797,63,Male,The Disillusioned Artist,60.1415,0.4971,0.8528,0.6569,0.2879,0.9137,0.2215,0.3563,0.4397,0.3756,0.6791
ALPHA-59-795,23,Male,The Stoic Engineer,62.8357,0.3366,0.3512,0.6375,0.4133,0.6961,0.6292,0.5234,0.8035,0.2598,0.6009
ALPHA-64-649,58,Female,The Community Builder,56.6653,0.6235,0.6908,0.7299,0.2815,0.8188,0.5339,0.1255,0.7115,0.8615,0.5533
ALPHA-49-121,40,Male,The Ambitious Entrepreneur,46.9840,0.3488,0.8139,0.6882,0.9778,0.2622,0.6231,0.2736,0.6446,0.6133,0.1387
ALPHA-13-288,57,Male,The Stoic Engineer,58.3538,0.5135,0.2213,0.2612,0.1947,0.8570,0.8240,0.5029,0.8024,0.2069,0.5706
ALPHA-56-190,40,Male,The Ambitious Entrepreneur,43.4135,0.3834,0.3464,0.3863,0.9270,0.2535,0.3021,0.2132,0.7753,0.5169,0.3891
ALPHA-50-434,18,Male,The Disillusioned Artist,54.6160,0.4834,0.7668,0.6383,0.3253,0.8719,0.3820,0.5570,0.7143,0.5563,0.1035
ALPHA-81-945,55,Male,The Disillusioned Artist,51.2712,0.1922,0.5947,0.4962,0.3022,0.9768,0.1545,0.5022,0.8370,0.4978,0.4706
ALPHA-23-900,28,Female,The Stoic Engineer,68.4995,0.6947,0.4820,0.5914,0.2687,0.8171,0.7665,0.7376,0.7752,0.1922,0.7207
ALPHA-91-355,44,Female,The Cautious Observer,66.7097,0.2514,0.8295,0.4681,0.4158,0.1649,0.7527,0.8861,0.4425,0.2044,0.5686
ALPHA-80-841,41,Male,The Community Builder,74.6603,0.7982,0.3516,0.7266,0.5560,0.1675,0.6876,0.5295,0.2605,0.7274,0.7497
ALPHA-20-890,53,Female,The Cautious Observer,62.9166,0.3655,0.7028,0.2208,0.4142,0.6786,0.8487,0.8016,0.6407,0.2088,0.7909
ALPHA-28-607,62,Female,The Cautious Observer,71.3176,0.2249,0.8924,0.6938,0.4285,0.6219,0.7976,0.7175,0.2838,0.2639,0.7920
ALPHA-59-706,39,Female,The Community Builder,79.0266,0.8753,0.2707,0.9486,0.7411,0.6050,0.6309,0.8556,0.3575,0.7226,0.7711
ALPHA-76-169,21,Male,The Ambitious Entrepreneur,52.1766,0.5125,0.3861,0.3980,0.9402,0.5169,0.3068,0.3798,0.8109,0.7071,0.7198
ALPHA-22-969,42,Male,The Cautious Observer,69.4897,0.2269,0.8771,0.6631,0.2603,0.1290,0.8054,0.9206,0.7303,0.2891,0.8419
ALPHA-44-010,26,Female,The Disillusioned Artist,57.0640,0.3105,0.5448,0.6421,0.8236,0.8370,0.2857,0.2411,0.5849,0.5236,0.7197
ALPHA-99-747,40,Female,The Community Builder,82.2230,0.9006,0.6890,0.8840,0.4999,0.6425,0.5105,0.7856,0.4807,0.7921,0.8060
ALPHA-24-717,56,Male,The Idealistic Activist,63.7423,0.6753,0.1228,0.8942,0.2827,0.3739,0.4130,0.2887,0.8538,0.8494,0.4214
ALPHA-82-379,58,Male,The Community Builder,59.4252,0.7450,0.4092,0.9013,0.6544,0.4974,0.5459,0.2119,0.4799,0.7009,0.5379
ALPHA-08-605,16,Male,The Disillusioned Artist,60.7826,0.2891,0.6718,0.5979,0.1457,0.9245,0.2838,0.5337,0.6623,0.3511,0.8995
ALPHA-51-130,45,Male,The Idealistic Activist,69.6352,0.8777,0.2274,0.7886,0.7120,0.3182,0.4910,0.2389,0.8204,0.8176,0.6677
ALPHA-71-686,31,Male,The Cautious Observer,61.3991,0.2811,0.8191,0.4316,0.3677,0.2169,0.8107,0.8234,0.3449,0.3030,0.2134
ALPHA-21-818,39,Male,The Ambitious Entrepreneur,59.1013,0.4153,0.7657,0.8211,0.7436,0.6941,0.5822,0.1214,0.6078,0.7579,0.8735
ALPHA-24-293,49,Male,The Idealistic Activist,61.5821,0.8719,0.5084,0.9544,0.1265,0.8774,0.4263,0.2776,0.5170,0.6258,0.3410
ALPHA-73-350,44,Male,The Community Builder,71.5060,0.6834,0.3969,0.8172,0.8846,0.4548,0.5131,0.7122,0.1997,0.9640,0.7084
ALPHA-59-355,36,Male,The Disillusioned Artist,51.2466,0.4694,0.8015,0.4116,0.6851,0.8788,0.3127,0.2921,0.8553,0.2918,0.3505
ALPHA-91-804,25,Male,The Idealistic Activist,60.5466,0.8373,0.1961,0.7004,0.4114,0.1003,0.2304,0.2365,0.8810,0.6333,0.6889
ALPHA-07-917,34,Female,The Stoic Engineer,64.2376,0.5553,0.2782,0.5755,0.1849,0.7807,0.8440,0.6862,0.8617,0.1346,0.1047
ALPHA-14-439,46,Female,The Cautious Observer,72.6340,0.3414,0.6121,0.8016,0.6116,0.6257,0.8997,0.7414,0.7107,0.2090,0.7015
ALPHA-95-504,41,Female,The Community Builder,79.8862,0.7871,0.1386,0.8964,0.2874,0.5651,0.7485,0.6680,0.1474,0.9148,0.7614
ALPHA-43-334,53,Female,The Cautious Observer,63.9075,0.2004,0.8672,0.6384,0.1728,0.4429,0.7510,0.9178,0.4884,0.1658,0.3415
ALPHA-24-496,47,Female,The Community Builder,69.7623,0.6622,0.7650,0.9215,0.8869,0.6481,0.5433,0.6928,0.3394,0.8947,0.5042
ALPHA-87-023,25,Male,The Cautious Observer,62.2924,0.2177,0.6378,0.2123,0.5939,0.6274,0.8057,0.9054,0.1708,0.3897,0.8219
ALPHA-94-248,43,Male,The Idealistic Activist,53.2656,0.5729,0.7461,0.7219,0.4761,0.2032,0.2826,0.2566,0.1242,0.7204,0.2576
ALPHA-68-935,17,Female,The Idealistic Activist,55.4177,0.8528,0.5375,0.8648,0.2584,0.4894,0.1420,0.3131,0.1873,0.8971,0.4732
ALPHA-22-463,36,Male,The Disillusioned Artist,51.6956,0.3724,0.5493,0.5174,0.8609,0.7987,0.1466,0.5110,0.6974,0.3591,0.3515
ALPHA-70-810,18,Female,The Community Builder,67.1112,0.7671,0.6630,0.8696,0.1164,0.8055,0.6062,0.1977,0.4899,0.7712,0.6770
ALPHA-47-223,17,Female,The Ambitious Entrepreneur,54.6053,0.6038,0.5264,0.1736,0.8149,0.4761,0.5294,0.2577,0.9080,0.5950,0.8657
ALPHA-24-701,39,Male,The Disillusioned Artist,57.2343,0.2424,0.8958,0.6008,0.8290,0.9550,0.3910,0.3805,0.6792,0.5529,0.7027
ALPHA-47-772,48,Female,The Disillusioned Artist,44.4486,0.1231,0.8341,0.6203,0.7307,0.8662,0.3065,0.2967,0.8253,0.3066,0.2404
ALPHA-06-097,57,Male,The Stoic Engineer,63.5857,0.3213,0.2506,0.5288,0.3569,0.7629,0.8527,0.8358,0.8090,0.2146,0.3539
ALPHA-03-238,33,Female,The Community Builder,69.6473,0.6439,0.4385,0.8363,0.1347,0.6122,0.6061,0.2776,0.2275,0.7136,0.7430
ALPHA-24-689,53,Male,The Stoic Engineer,63.7826,0.5121,0.4449,0.6279,0.7023,0.8565,0.7485,0.7253,0.9158,0.3738,0.4855
ALPHA-59-157,51,Female,The Ambitious Entrepreneur,63.1007,0.7837,0.6977,0.2761,0.7969,0.3666,0.5338,0.3266,0.6354,0.5468,0.7786
ALPHA-68-017,51,Male,The Idealistic Activist,70.1411,0.6594,0.1941,0.9854,0.5574,0.6382,0.4559,0.3177,0.4099,0.9300,0.6212
ALPHA-75-488,33,Male,The Stoic Engineer,74.2612,0.6204,0.2823,0.8821,0.4134,0.8288,0.6435,0.5755,0.7325,0.2928,0.7146
ALPHA-00-181,55,Male,The Idealistic Activist,59.7295,0.5949,0.4322,0.7639,0.8076,0.1250,0.4783,0.2616,0.6588,0.7699,0.6247
ALPHA-44-941,46,Male,The Ambitious Entrepreneur,50.1073,0.3952,0.8745,0.6869,0.9113,0.2115,0.5049,0.1812,0.7620,0.8601,0.3926
ALPHA-29-120,37,Female,The Cautious Observer,54.0178,0.4543,0.6948,0.2983,0.2382,0.3151,0.8816,0.8206,0.4267,0.3363,0.1209
ALPHA-28-628,73,Male,The Community Builder,67.1236,0.7301,0.2987,0.9805,0.5922,0.4264,0.5205,0.4523,0.7481,0.7761,0.7260
ALPHA-27-601,59,Female,The Ambitious Entrepreneur,52.6940,0.5711,0.4708,0.3950,0.7571,0.5857,0.4393,0.1218,0.9006,0.8109,0.3412
ALPHA-61-866,52,Female,The Cautious Observer,59.6453,0.2395,0.8230,0.3454,0.2970,0.6372,0.7953,0.7741,0.2452,0.3341,0.4016
ALPHA-47-368,19,Male,The Community Builder,70.9712,0.7180,0.3416,0.8829,0.6085,0.6577,0.5189,0.4812,0.4642,0.9108,0.8470
ALPHA-58-914,28,Male,The Community Builder,70.5901,0.6913,0.4945,0.7309,0.1474,0.7823,0.5030,0.6523,0.5116,0.7626,0.5115
ALPHA-08-030,33,Male,The Idealistic Activist,50.8485,0.5080,0.6261,0.9757,0.1992,0.1840,0.1625,0.2763,0.4763,0.9057,0.4049
ALPHA-04-717,46,Female,The Ambitious Entrepreneur,57.7681,0.8230,0.5473,0.7419,0.7228,0.5489,0.3272,0.1518,0.9160,0.7110,0.1455
ALPHA-05-514,32,Male,The Community Builder,76.8968,0.6437,0.6352,0.8911,0.8049,0.1168,0.6600,0.6664,0.8075,0.9024,0.7808
ALPHA-13-062,69,Male,The Cautious Observer,67.8605,0.4769,0.7629,0.8411,0.3360,0.8196,0.8908,0.7638,0.7579,0.3207,0.1872
ALPHA-62-968,16,Male,The Community Builder,76.1876,0.7804,0.3801,0.7445,0.8748,0.1543,0.4557,0.8004,0.4068,0.9379,0.7302
ALPHA-04-410,31,Female,The Disillusioned Artist,57.3668,0.4075,0.7268,0.6371,0.2886,0.9203,0.1380,0.2230,0.1781,0.5986,0.7654
ALPHA-97-240,24,Male,The Cautious Observer,65.8229,0.4073,0.8862,0.6582,0.4703,0.6143,0.6872,0.9080,0.2652,0.2884,0.2654
ALPHA-72-180,65,Female,The Cautious Observer,67.5678,0.4758,0.6356,0.4983,0.3589,0.7614,0.6613,0.8840,0.6221,0.2633,0.5765
ALPHA-64-026,38,Male,The Ambitious Entrepreneur,49.3805,0.2277,0.2041,0.3445,0.8053,0.3419,0.6732,0.2203,0.7641,0.6403,0.4027
ALPHA-61-907,45,Male,The Ambitious Entrepreneur,49.0011,0.3021,0.3587,0.8596,0.7185,0.2510,0.3789,0.2234,0.7604,0.5166,0.1813
ALPHA-07-522,48,Female,The Idealistic Activist,62.8257,0.5659,0.4422,0.9050,0.6942,0.4990,0.3384,0.3819,0.3493,0.7757,0.7026
ALPHA-69-426,31,Male,The Stoic Engineer,57.0798,0.4294,0.2831,0.5395,0.6108,0.8132,0.6884,0.6169,0.7245,0.2995,0.1798
ALPHA-05-459,55,Female,The Community Builder,63.5512,0.9098,0.8658,0.7684,0.6637,0.7933,0.5931,0.2703,0.8315,0.8803,0.5516
ALPHA-93-145,38,Female,The Stoic Engineer,62.2981,0.4126,0.2733,0.8579,0.6400,0.8884,0.6705,0.5697,0.7098,0.2955,0.1569
ALPHA-93-492,19,Male,The Idealistic Activist,65.7158,0.6996,0.8261,0.9077,0.8234,0.7246,0.2760,0.4733,0.5832,0.6623,0.8827
ALPHA-10-518,58,Male,The Ambitious Entrepreneur,61.1778,0.8799,0.4004,0.4593,0.8532,0.2057,0.4502,0.3259,0.8822,0.8879,0.8708
ALPHA-62-077,48,Female,The Community Builder,76.6766,0.6175,0.4137,0.9281,0.4638,0.7386,0.5355,0.8633,0.2138,0.7196,0.7370
ALPHA-41-792,49,Male,The Cautious Observer,70.8388,0.2609,0.9440,0.8940,0.2689,0.4032,0.7240,0.8957,0.5711,0.1201,0.7574
ALPHA-33-628,47,Male,The Community Builder,71.1643,0.8904,0.6122,0.9092,0.6701,0.8716,0.4160,0.2909,0.1539,0.8412,0.7692
ALPHA-00-539,37,Male,The Cautious Observer,67.5971,0.4385,0.7789,0.6994,0.3239,0.8857,0.8960,0.7555,0.1792,0.1769,0.1148
ALPHA-25-832,45,Male,The Disillusioned Artist,53.8899,0.2613,0.5559,0.7599,0.8662,0.7316,0.1638,0.3428,0.1403,0.2499,0.5303
ALPHA-98-705,64,Female,The Idealistic Activist,55.6482,0.8052,0.2709,0.9504,0.8575,0.2192,0.1534,0.2427,0.3832,0.7006,0.4780
ALPHA-31-242,49,Female,The Ambitious Entrepreneur,57.9982,0.4662,0.6545,0.8346,0.8262,0.3683,0.3738,0.2500,0.7873,0.6976,0.6776
ALPHA-46-064,42,Female,The Ambitious Entrepreneur,44.4574,0.2624,0.8492,0.7392,0.9017,0.2257,0.6335,0.1006,0.7098,0.6268,0.1468
ALPHA-37-963,69,Male,The Cautious Observer,65.9368,0.4625,0.6928,0.7433,0.4579,0.7566,0.7386,0.8127,0.6422,0.1470,0.1384
ALPHA-03-422,59,Male,The Disillusioned Artist,48.5877,0.1144,0.5771,0.6766,0.5426,0.8958,0.1644,0.3663,0.8554,0.3531,0.5100
ALPHA-59-419,35,Female,The Stoic Engineer,63.1667,0.4527,0.2565,0.4710,0.5380,0.8299,0.8568,0.5462,0.7851,0.3213,0.3175
ALPHA-17-462,51,Male,The Ambitious Entrepreneur,42.5480,0.1274,0.5920,0.5667,0.7279,0.3278,0.4336,0.3089,0.6341,0.5645,0.3184
ALPHA-98-101,30,Male,The Cautious Observer,61.5210,0.2006,0.6180,0.6577,0.2119,0.3508,0.8120,0.7976,0.8415,0.2013,0.4892
ALPHA-38-754,60,Male,The Cautious Observer,74.0519,0.4157,0.7931,0.6277,0.5199,0.5312,0.8492,0.8754,0.1922,0.1941,0.8095
ALPHA-17-217,35,Male,The Disillusioned Artist,47.3503,0.3497,0.8950,0.5003,0.2356,0.9753,0.2753,0.2786,0.2303,0.2032,0.1585
ALPHA-19-425,16,Male,The Community Builder,73.6145,0.8179,0.8940,0.8256,0.5516,0.5516,0.5841,0.6007,0.3547,0.8004,0.7908
ALPHA-28-275,29,Female,The Community Builder,74.5429,0.7870,0.2778,0.8985,0.3012,0.4089,0.7014,0.6162,0.8712,0.9852,0.5492
ALPHA-03-154,44,Female,The Ambitious Entrepreneur,45.0402,0.1283,0.6972,0.2967,0.9680,0.4164,0.5879,0.2995,0.8471,0.5939,0.4046
ALPHA-37-308,54,Female,The Community Builder,74.2545,0.9007,0.3567,0.8638,0.3985,0.5626,0.4458,0.6066,0.8410,0.7936,0.5986
ALPHA-63-575,59,Male,The Idealistic Activist,62.3905,0.5977,0.1009,0.7395,0.3247,0.7997,0.3328,0.4028,0.7598,0.6989,0.6133
ALPHA-30-393,34,Female,The Disillusioned Artist,50.8295,0.3900,0.6282,0.4221,0.2462,0.8194,0.1258,0.5866,0.1428,0.5173,0.5791
ALPHA-21-326,52,Male,The Stoic Engineer,82.5210,0.5813,0.2299,0.8781,0.4865,0.6145,0.8613,0.7927,0.8952,0.1895,0.8124
ALPHA-22-233,60,Male,The Community Builder,73.6657,0.7035,0.8546,0.8968,0.5849,0.2605,0.6600,0.4849,0.1393,0.9188,0.8655
ALPHA-66-721,39,Female,The Disillusioned Artist,43.5379,0.1244,0.7842,0.5560,0.1950,0.9788,0.2247,0.5624,0.2878,0.3868,0.2235
ALPHA-58-574,32,Female,The Cautious Observer,69.0578,0.4791,0.7003,0.2158,0.5062,0.7853,0.8451,0.8509,0.5528,0.2903,0.6169
ALPHA-80-166,39,Female,The Stoic Engineer,71.7665,0.4423,0.3672,0.5080,0.8870,0.7449,0.8648,0.7121,0.8336,0.1188,0.6969
ALPHA-08-213,62,Male,The Community Builder,67.1544,0.7633,0.5378,0.9799,0.6808,0.2420,0.4422,0.3874,0.5069,0.7091,0.7610
ALPHA-59-253,48,Female,The Disillusioned Artist,45.4373,0.4640,0.5583,0.5509,0.6145,0.8419,0.3317,0.2137,0.5926,0.2690,0.3588
ALPHA-62-700,74,Female,The Stoic Engineer,72.8310,0.3975,0.4080,0.6192,0.5404,0.6695,0.9018,0.7942,0.9682,0.3858,0.5247
ALPHA-59-930,29,Female,The Stoic Engineer,59.5094,0.6152,0.3211,0.6455,0.4170,0.8281,0.9192,0.6202,0.7679,0.3354,0.1561
ALPHA-39-722,51,Male,The Community Builder,77.7950,0.8281,0.3109,0.8401,0.3414,0.8202,0.5856,0.7632,0.8352,0.9405,0.5360
ALPHA-14-520,22,Male,The Community Builder,71.7283,0.8638,0.8379,0.9871,0.6320,0.3434,0.6043,0.1859,0.8963,0.9741,0.7612
ALPHA-93-300,46,Male,The Stoic Engineer,74.5111,0.3199,0.3686,0.6921,0.3011,0.6650,0.6543,0.7366,0.7845,0.3065,0.8996
ALPHA-54-213,30,Male,The Stoic Engineer,67.4339,0.4157,0.3347,0.5576,0.7709,0.8815,0.9356,0.8686,0.9514,0.1988,0.1954
ALPHA-73-917,43,Male,The Stoic Engineer,63.0591,0.4945,0.2273,0.8207,0.2721,0.6576,0.6631,0.5241,0.8953,0.3369,0.5408
ALPHA-01-762,43,Female,The Cautious Observer,58.3059,0.2178,0.7279,0.7694,0.3543,0.8240,0.8796,0.8507,0.4648,0.1946,0.1664
ALPHA-08-651,46,Male,The Stoic Engineer,59.1720,0.3579,0.4333,0.3157,0.2371,0.6463,0.7120,0.8080,0.9140,0.1360,0.7503
ALPHA-87-841,70,Male,The Idealistic Activist,66.3371,0.7157,0.4113,0.7278,0.5052,0.5821,0.1686,0.3726,0.4774,0.7485,0.7983
ALPHA-29-738,43,Male,The Stoic Engineer,65.0179,0.5145,0.3552,0.6856,0.6519,0.7064,0.6840,0.8904,0.7797,0.2684,0.5336
ALPHA-88-300,71,Female,The Community Builder,72.0907,0.7874,0.1675,0.7191,0.8526,0.7821,0.6804,0.8605,0.5141,0.7332,0.6125
ALPHA-76-170,75,Male,The Cautious Observer,65.5792,0.4602,0.6075,0.3919,0.4654,0.3067,0.6331,0.8916,0.3416,0.2637,0.7421
ALPHA-38-991,37,Female,The Disillusioned Artist,52.1505,0.2408,0.8580,0.5558,0.5368,0.8098,0.1019,0.5616,0.6979,0.5252,0.6411
ALPHA-45-818,41,Female,The Ambitious Entrepreneur,42.2657,0.1343,0.5262,0.5124,0.8255,0.2447,0.3845,0.3613,0.6168,0.7532,0.3100
ALPHA-55-149,42,Male,The Cautious Observer,55.4025,0.3199,0.8760,0.5881,0.4017,0.6922,0.7235,0.8492,0.6726,0.2686,0.1118
ALPHA-04-788,55,Female,The Stoic Engineer,65.1672,0.4565,0.4808,0.6733,0.5423,0.6849,0.8759,0.5270,0.8467,0.2500,0.4813
ALPHA-34-645,66,Male,The Stoic Engineer,73.7160,0.6781,0.4838,0.5265,0.4991,0.8293,0.8089,0.5065,0.7605,0.2380,0.7543
ALPHA-99-900,57,Female,The Idealistic Activist,60.0383,0.6302,0.2007,0.8656,0.8088,0.2240,0.4129,0.4598,0.1241,0.6590,0.3020
ALPHA-36-506,50,Male,The Stoic Engineer,51.2345,0.4396,0.2902,0.1107,0.3631,0.7834,0.7365,0.6892,0.8815,0.2288,0.2571
ALPHA-09-565,53,Male,The Cautious Observer,56.7227,0.3294,0.9109,0.1267,0.2421,0.8544,0.6065,0.7538,0.2335,0.1103,0.8231
ALPHA-25-501,45,Male,The Idealistic Activist,66.7478,0.6516,0.5083,0.7796,0.3697,0.6026,0.1312,0.4232,0.8748,0.8236,0.8437
ALPHA-89-214,38,Male,The Cautious Observer,59.0748,0.2325,0.8745,0.1644,0.7242,0.5502,0.8365,0.7405,0.7282,0.3104,0.3879
ALPHA-37-642,46,Male,The Idealistic Activist,54.8208,0.7888,0.6455,0.9348,0.8185,0.6311,0.4164,0.3215,0.2174,0.7413,0.1321
ALPHA-48-861,33,Female,The Community Builder,67.6399,0.8424,0.7132,0.8855,0.3038,0.7441,0.7802,0.2009,0.8327,0.7900,0.5198
ALPHA-39-701,36,Female,The Stoic Engineer,67.3592,0.4359,0.3794,0.4690,0.5676,0.8382,0.8901,0.8889,0.7949,0.1733,0.1855
ALPHA-56-268,34,Male,The Disillusioned Artist,43.0813,0.4349,0.8165,0.4277,0.6652,0.8632,0.3070,0.3924,0.6478,0.3218,0.1393
ALPHA-09-661,38,Female,The Stoic Engineer,63.1152,0.5474,0.4612,0.3918,0.5265,0.7720,0.8197,0.7760,0.7721,0.2824,0.5367
ALPHA-23-216,33,Male,The Community Builder,75.1495,0.7727,0.4204,0.8118,0.6527,0.6407,0.5871,0.6024,0.3081,0.8447,0.6414
ALPHA-54-607,47,Female,The Idealistic Activist,63.0034,0.7661,0.6211,0.9074,0.2820,0.2435,0.1640,0.2376,0.6133,0.7314,0.7804
ALPHA-38-103,56,Male,The Stoic Engineer,51.9084,0.4880,0.2783,0.1569,0.7452,0.6139,0.6296,0.7466,0.8138,0.2946,0.3761
ALPHA-28-314,21,Female,The Disillusioned Artist,45.3435,0.3193,0.7391,0.5747,0.5734,0.9267,0.1475,0.3210,0.4334,0.3298,0.2212
ALPHA-96-333,29,Female,The Cautious Observer,75.4903,0.2499,0.8306,0.8190,0.8793,0.5768,0.7766,0.8593,0.4980,0.1435,0.7759
ALPHA-60-862,22,Male,The Disillusioned Artist,64.0407,0.3543,0.5079,0.6781,0.5461,0.7784,0.2296,0.5027,0.3308,0.3943,0.8577
ALPHA-11-943,54,Female,The Ambitious Entrepreneur,46.6045,0.3803,0.6089,0.4195,0.7758,0.5791,0.3084,0.3331,0.7356,0.6122,0.5459
ALPHA-32-910,23,Female,The Ambitious Entrepreneur,51.1345,0.4280,0.4292,0.6000,0.7283,0.4916,0.4947,0.2260,0.6213,0.5926,0.1728
ALPHA-66-430,37,Male,The Stoic Engineer,63.6868,0.4724,0.4611,0.5225,0.4290,0.9055,0.8155,0.6949,0.8299,0.1218,0.7252
ALPHA-35-488,43,Male,The Community Builder,69.8583,0.7898,0.1719,0.7447,0.8519,0.2630,0.7752,0.1137,0.5593,0.9178,0.6866
ALPHA-30-133,38,Male,The Stoic Engineer,72.1382,0.5567,0.4557,0.4049,0.7918,0.7605,0.9381,0.5577,0.9549,0.1195,0.7488
ALPHA-72-534,32,Female,The Community Builder,68.3405,0.6331,0.6238,0.7315,0.7630,0.3004,0.6521,0.4789,0.8170,0.9653,0.6606
ALPHA-27-117,49,Male,The Disillusioned Artist,51.9094,0.2796,0.6554,0.7849,0.8672,0.7638,0.3896,0.5672,0.4069,0.4778,0.4251
ALPHA-57-491,43,Female,The Ambitious Entrepreneur,52.0214,0.4130,0.3262,0.2133,0.8548,0.7904,0.5911,0.2744,0.6969,0.5625,0.6111
ALPHA-53-553,60,Male,The Cautious Observer,58.1558,0.3585,0.9329,0.1593,0.7833,0.7514,0.6730,0.8127,0.2172,0.3427,0.7478
ALPHA-35-925,20,Male,The Community Builder,76.2142,0.8604,0.1573,0.7055,0.7759,0.4021,0.6941,0.7029,0.2057,0.7158,0.7644
ALPHA-07-368,37,Male,The Disillusioned Artist,54.2225,0.3877,0.7567,0.6354,0.1635,0.7016,0.2850,0.2792,0.2297,0.5898,0.3938
ALPHA-32-565,56,Female,The Cautious Observer,61.8105,0.2035,0.7619,0.5115,0.8611,0.1210,0.6014,0.7981,0.3269,0.3028,0.7593
ALPHA-16-867,85,Male,The Community Builder,77.7084,0.8767,0.5610,0.9629,0.1909,0.2294,0.6866,0.3656,0.4815,0.7969,0.8185
ALPHA-65-298,41,Female,The Cautious Observer,69.3194,0.4743,0.9012,0.4952,0.7245,0.6761,0.6570,0.9473,0.7284,0.1681,0.5948
ALPHA-06-866,27,Female,The Disillusioned Artist,52.4553,0.1417,0.7062,0.5787,0.8342,0.9643,0.2903,0.3775,0.1477,0.4582,0.8702
ALPHA-50-051,42,Female,The Disillusioned Artist,57.7976,0.1166,0.8265,0.6903,0.3304,0.8601,0.3388,0.5604,0.6330,0.3176,0.8895
ALPHA-01-438,34,Male,The Community Builder,70.6933,0.6821,0.7415,0.8106,0.5407,0.3441,0.5118,0.3088,0.8892,0.7089,0.8937
ALPHA-00-136,46,Female,The Community Builder,64.1125,0.7425,0.8029,0.7723,0.1053,0.6576,0.5792,0.3984,0.5237,0.8884,0.6778
ALPHA-47-871,60,Female,The Idealistic Activist,62.5384,0.6559,0.6700,0.8550,0.2896,0.6369,0.4375,0.4358,0.2765,0.6878,0.3541
ALPHA-29-872,41,Female,The Stoic Engineer,54.1761,0.3788,0.4161,0.2292,0.5119,0.6792,0.8192,0.6083,0.9444,0.2890,0.2417
ALPHA-59-994,65,Male,The Idealistic Activist,68.3674,0.7948,0.5962,0.9369,0.6711,0.5104,0.4574,0.4449,0.8136,0.6405,0.4848
ALPHA-64-015,51,Female,The Disillusioned Artist,52.1733,0.2291,0.7311,0.7618,0.6010,0.8883,0.1324,0.3083,0.6129,0.5256,0.6751
ALPHA-70-824,34,Male,The Community Builder,76.8576,0.8530,0.2598,0.8417,0.6374,0.4593,0.5969,0.7141,0.8110,0.9144,0.5751
ALPHA-59-736,57,Female,The Community Builder,72.7030,0.7595,0.7363,0.8460,0.6180,0.2300,0.5889,0.3403,0.6919,0.9294,0.6709
ALPHA-35-669,32,Female,The Stoic Engineer,65.1518,0.4367,0.3611,0.4460,0.6260,0.7218,0.6492,0.7665,0.8247,0.3361,0.8615
ALPHA-77-102,50,Female,The Stoic Engineer,71.4200,0.5855,0.4339,0.6720,0.1757,0.8017,0.7214,0.6768,0.8151,0.2839,0.5662
ALPHA-17-102,47,Female,The Community Builder,61.5690,0.7120,0.6323,0.9428,0.1180,0.2782,0.5778,0.1395,0.1947,0.7796,0.7304
ALPHA-10-695,30,Male,The Cautious Observer,73.9029,0.2094,0.6312,0.6081,0.4163,0.6496,0.8194,0.7834,0.3835,0.3647,0.8604
ALPHA-46-264,47,Female,The Idealistic Activist,58.5682,0.7843,0.3655,0.7794,0.2087,0.4185,0.1448,0.3404,0.2695,0.8301,0.5154
ALPHA-95-713,55,Female,The Stoic Engineer,77.6655,0.6071,0.2246,0.7213,0.6525,0.6191,0.8979,0.7610,0.7805,0.1334,0.8149
ALPHA-82-917,59,Male,The Idealistic Activist,58.6669,0.8292,0.4245,0.8871,0.6798,0.7423,0.1402,0.2192,0.1821,0.7021,0.6166
ALPHA-09-720,40,Female,The Stoic Engineer,70.9121,0.5509,0.4933,0.6285,0.1239,0.7669,0.8879,0.6637,0.7656,0.1480,0.7136
ALPHA-57-354,39,Male,The Stoic Engineer,59.7613,0.6475,0.3865,0.1819,0.6625,0.6381,0.7122,0.7525,0.8634,0.1244,0.5550
ALPHA-16-159,31,Female,The Idealistic Activist,59.0340,0.6802,0.4161,0.8582,0.6171,0.8060,0.2474,0.2966,0.1705,0.8915,0.7840
ALPHA-43-685,34,Female,The Cautious Observer,62.1922,0.2438,0.9297,0.2002,0.3412,0.4754,0.8701,0.8610,0.4393,0.1124,0.3527
ALPHA-09-740,53,Female,The Cautious Observer,56.4262,0.2351,0.6475,0.2934,0.1943,0.3998,0.7297,0.7132,0.4838,0.3529,0.6336
ALPHA-31-144,50,Female,The Idealistic Activist,62.1822,0.6772,0.6466,0.8784,0.1877,0.2440,0.3071,0.2963,0.1334,0.7352,0.7627
ALPHA-96-091,40,Female,The Stoic Engineer,68.8041,0.4672,0.3223,0.4761,0.4293,0.6890,0.8850,0.6156,0.8081,0.2681,0.8693
ALPHA-93-601,25,Female,The Stoic Engineer,65.4052,0.6990,0.2162,0.5247,0.4988,0.8222,0.7127,0.5314,0.8511,0.3469,0.4545
ALPHA-76-610,31,Female,The Community Builder,76.2776,0.7235,0.3559,0.9761,0.4570,0.6362,0.7432,0.7552,0.8831,0.7960,0.6226
ALPHA-98-812,54,Male,The Community Builder,78.2168,0.6844,0.3109,0.9660,0.5094,0.2172,0.7041,0.5105,0.1163,0.7701,0.6990
ALPHA-54-029,71,Male,The Idealistic Activist,60.7547,0.6691,0.6793,0.8864,0.4677,0.6103,0.2360,0.2533,0.1987,0.7123,0.8160
ALPHA-54-420,39,Male,The Cautious Observer,65.3094,0.3583,0.6439,0.6502,0.6722,0.7577,0.6760,0.9617,0.3575,0.2541,0.2178
ALPHA-38-969,56,Female,The Idealistic Activist,70.1473,0.8910,0.7222,0.9066,0.4919,0.4474,0.3943,0.2591,0.2121,0.6920,0.8126
ALPHA-26-702,34,Female,The Ambitious Entrepreneur,48.7571,0.8874,0.6237,0.2697,0.8571,0.7838,0.5368,0.2079,0.9372,0.7384,0.1126
ALPHA-29-004,16,Male,The Ambitious Entrepreneur,48.0146,0.8642,0.5986,0.1620,0.8999,0.2322,0.6170,0.3557,0.7921,0.8432,0.1276
ALPHA-68-325,32,Female,The Ambitious Entrepreneur,55.1395,0.7177,0.4494,0.1667,0.9706,0.5886,0.3544,0.2144,0.8959,0.6344,0.7325
ALPHA-58-114,33,Female,The Disillusioned Artist,49.6990,0.2371,0.7649,0.6491,0.2671,0.8959,0.3110,0.3163,0.5093,0.3030,0.1582
ALPHA-81-801,48,Female,The Community Builder,75.9207,0.9443,0.7832,0.9589,0.2321,0.8432,0.6369,0.2598,0.3300,0.7595,0.8613
ALPHA-56-811,38,Male,The Stoic Engineer,58.8851,0.4945,0.4564,0.1169,0.4783,0.6149,0.7841,0.5928,0.8979,0.3676,0.3831
ALPHA-83-326,53,Female,The Ambitious Entrepreneur,51.5039,0.3826,0.2745,0.8950,0.7983,0.4999,0.4436,0.1432,0.6128,0.8384,0.5179
ALPHA-43-055,49,Female,The Idealistic Activist,55.2160,0.7004,0.5393,0.8092,0.7036,0.5840,0.2042,0.2371,0.8543,0.8101,0.1094
ALPHA-04-244,42,Female,The Stoic Engineer,69.6874,0.5156,0.4519,0.5181,0.8831,0.9115,0.6449,0.5202,0.8334,0.2157,0.8215
ALPHA-46-842,61,Female,The Ambitious Entrepreneur,50.8029,0.5900,0.1272,0.5291,0.8799,0.8946,0.3294,0.3032,0.6037,0.8889,0.1783
ALPHA-89-681,17,Male,The Ambitious Entrepreneur,55.3475,0.3167,0.2186,0.3286,0.8111,0.8124,0.5782,0.2864,0.6496,0.5447,0.5358
ALPHA-65-275,46,Male,The Stoic Engineer,61.8810,0.5784,0.3899,0.5314,0.8046,0.6087,0.8353,0.7035,0.7980,0.3497,0.1420
ALPHA-71-021,57,Female,The Community Builder,74.4123,0.9263,0.4778,0.9328,0.1952,0.8759,0.5933,0.7753,0.8680,0.8132,0.5177
ALPHA-02-533,44,Female,The Idealistic Activist,58.9459,0.5752,0.6908,0.7571,0.3074,0.7071,0.4300,0.4396,0.1956,0.9280,0.7096
ALPHA-55-984,29,Female,The Community Builder,72.3245,0.8865,0.4634,0.7913,0.2162,0.4408,0.4396,0.5971,0.2844,0.9358,0.7171
ALPHA-96-621,16,Male,The Disillusioned Artist,47.2151,0.3648,0.5486,0.5240,0.6856,0.8185,0.2348,0.5194,0.7970,0.5747,0.4412
ALPHA-36-244,38,Male,The Idealistic Activist,54.0788,0.5417,0.7805,0.8316,0.1759,0.3098,0.4503,0.3125,0.7505,0.9313,0.4124
ALPHA-09-846,45,Male,The Community Builder,78.4895,0.9470,0.8994,0.9741,0.7046,0.7625,0.6512,0.7181,0.5145,0.9183,0.7594
ALPHA-80-176,27,Male,The Cautious Observer,76.9289,0.4688,0.8035,0.8589,0.5655,0.5230,0.6284,0.9148,0.3260,0.3192,0.6566
ALPHA-57-171,19,Female,The Cautious Observer,63.1994,0.3043,0.7797,0.1457,0.7431,0.1375,0.7168,0.9511,0.6843,0.1161,0.7005
ALPHA-54-245,41,Female,The Stoic Engineer,59.1357,0.3961,0.2146,0.3152,0.5350,0.8886,0.6199,0.6702,0.8886,0.1192,0.2818
ALPHA-77-684,52,Male,The Cautious Observer,63.0521,0.2642,0.9393,0.6645,0.3962,0.7525,0.6957,0.7458,0.8409,0.2699,0.7491
ALPHA-11-332,52,Male,The Idealistic Activist,64.3482,0.8531,0.4538,0.7880,0.4181,0.2425,0.4965,0.2049,0.4244,0.7142,0.4631
ALPHA-94-698,28,Male,The Stoic Engineer,61.0235,0.3490,0.4184,0.1279,0.6549,0.7839,0.8235,0.6385,0.7471,0.1359,0.4869
ALPHA-65-558,52,Female,The Disillusioned Artist,53.3654,0.2121,0.7673,0.5139,0.8435,0.9468,0.3231,0.2413,0.2240,0.4598,0.6042
ALPHA-31-461,36,Female,The Cautious Observer,74.3304,0.3939,0.7230,0.6256,0.8970,0.5169,0.8935,0.9412,0.4222,0.1230,0.4984
ALPHA-39-427,32,Male,The Cautious Observer,64.1488,0.3111,0.8703,0.5329,0.2026,0.8273,0.7796,0.9255,0.3884,0.3808,0.6193
ALPHA-68-114,22,Male,The Community Builder,75.1415,0.6001,0.6046,0.9473,0.2945,0.7975,0.7148,0.5295,0.4039,0.9290,0.5736
ALPHA-58-582,16,Female,The Ambitious Entrepreneur,53.2649,0.8569,0.3059,0.7016,0.8915,0.3041,0.4901,0.2362,0.9192,0.8503,0.1901
ALPHA-60-972,45,Female,The Cautious Observer,73.6212,0.3512,0.8648,0.7439,0.7932,0.5406,0.8823,0.9588,0.2141,0.1727,0.5644
ALPHA-70-896,41,Male,The Disillusioned Artist,43.4449,0.4804,0.5312,0.4281,0.6909,0.8056,0.2509,0.2349,0.2030,0.4851,0.1431
ALPHA-64-734,16,Female,The Ambitious Entrepreneur,51.8276,0.5278,0.7719,0.2516,0.9138,0.7898,0.4228,0.2108,0.6865,0.7273,0.8343
ALPHA-10-168,22,Female,The Ambitious Entrepreneur,53.8174,0.8042,0.3186,0.3324,0.9244,0.2189,0.4238,0.2165,0.8873,0.7783,0.7323
ALPHA-79-413,43,Male,The Disillusioned Artist,56.6034,0.4029,0.5120,0.7410,0.8875,0.8743,0.3736,0.5595,0.5654,0.5615,0.6467
ALPHA-17-672,18,Male,The Cautious Observer,70.6759,0.4159,0.8535,0.5646,0.3736,0.4770,0.7877,0.9283,0.2808,0.3318,0.8873
ALPHA-37-596,35,Female,The Community Builder,72.0682,0.6145,0.8786,0.9105,0.1515,0.3152,0.6630,0.5424,0.5247,0.8838,0.8353
ALPHA-77-948,36,Male,The Disillusioned Artist,45.6803,0.4715,0.5293,0.6109,0.8364,0.8092,0.1065,0.3281,0.5364,0.2962,0.2239
ALPHA-20-048,68,Female,The Cautious Observer,70.8605,0.2535,0.9453,0.7275,0.1622,0.8438,0.8447,0.9517,0.5644,0.3100,0.7138
ALPHA-61-781,40,Male,The Community Builder,67.1494,0.6368,0.5209,0.7475,0.2245,0.2845,0.5774,0.4944,0.3058,0.9052,0.7562
ALPHA-29-251,43,Male,The Community Builder,77.9030,0.7094,0.8233,0.9133,0.4651,0.8869,0.5665,0.6476,0.5734,0.9597,0.6902
ALPHA-16-028,46,Female,The Disillusioned Artist,53.4291,0.1996,0.8786,0.5110,0.7965,0.7795,0.3871,0.4506,0.6430,0.4043,0.4404
ALPHA-13-032,54,Male,The Stoic Engineer,66.3501,0.5151,0.3188,0.7225,0.7687,0.7902,0.6276,0.6356,0.7338,0.1064,0.8774
ALPHA-42-534,42,Female,The Ambitious Entrepreneur,59.2700,0.4736,0.4465,0.5619,0.7643,0.5980,0.6060,0.3599,0.6024,0.7488,0.6156
ALPHA-11-456,39,Male,The Community Builder,70.4332,0.8609,0.3677,0.8089,0.1470,0.4919,0.6151,0.5672,0.1812,0.8304,0.7276
ALPHA-50-407,23,Male,The Stoic Engineer,62.0983,0.4833,0.4037,0.5382,0.3146,0.6649,0.7120,0.7368,0.9882,0.2890,0.6170
ALPHA-74-683,32,Female,The Cautious Observer,64.6614,0.3248,0.8994,0.5083,0.2193,0.6519,0.7039,0.9426,0.1607,0.3107,0.7278
ALPHA-88-846,26,Male,The Cautious Observer,52.8002,0.3243,0.7673,0.3436,0.1598,0.6602,0.7028,0.7030,0.2903,0.2596,0.3710
ALPHA-15-886,41,Male,The Idealistic Activist,65.4386,0.7750,0.2685,0.8149,0.7353,0.8709,0.3356,0.2667,0.4919,0.7634,0.5497
ALPHA-76-471,27,Female,The Stoic Engineer,70.8603,0.4558,0.2131,0.8774,0.1741,0.7018,0.8796,0.8547,0.7219,0.2020,0.5558
ALPHA-49-533,28,Female,The Idealistic Activist,54.5734,0.8860,0.2340,0.7884,0.7720,0.8643,0.1238,0.2587,0.3907,0.8107,0.5617
ALPHA-65-107,27,Female,The Stoic Engineer,62.3707,0.4550,0.2802,0.7682,0.6059,0.8425,0.8333,0.7115,0.7078,0.2710,0.2610
ALPHA-02-504,43,Male,The Ambitious Entrepreneur,57.3857,0.2739,0.8199,0.5266,0.8542,0.2801,0.4074,0.1720,0.9157,0.6879,0.8298
ALPHA-78-726,36,Male,The Community Builder,67.5116,0.7886,0.7035,0.8975,0.1565,0.5672,0.7145,0.2549,0.8177,0.9021,0.5263
ALPHA-83-887,38,Female,The Ambitious Entrepreneur,48.0803,0.3271,0.1968,0.2618,0.9017,0.4625,0.3655,0.3539,0.8480,0.8164,0.4921
ALPHA-44-490,51,Male,The Cautious Observer,59.4009,0.4790,0.6896,0.1978,0.6568,0.6788,0.7386,0.7012,0.2771,0.3392,0.8240
ALPHA-87-771,54,Male,The Cautious Observer,63.3846,0.3450,0.8633,0.4078,0.2720,0.8088,0.8476,0.7835,0.1086,0.1509,0.1941
ALPHA-06-774,33,Male,The Stoic Engineer,51.9849,0.4324,0.3129,0.1116,0.7841,0.8071,0.8911,0.7296,0.8760,0.1692,0.1744
ALPHA-77-899,59,Male,The Disillusioned Artist,50.2689,0.1473,0.8652,0.7764,0.5130,0.9053,0.1889,0.5281,0.2503,0.2614,0.3095
ALPHA-20-123,33,Male,The Idealistic Activist,49.4694,0.7517,0.7059,0.7365,0.5266,0.5800,0.1456,0.2021,0.8110,0.7004,0.2789
ALPHA-75-407,51,Female,The Ambitious Entrepreneur,55.1188,0.7944,0.2595,0.3855,0.7872,0.3484,0.6014,0.1699,0.8931,0.8271,0.4221
ALPHA-08-667,25,Female,The Ambitious Entrepreneur,49.7117,0.5319,0.4410,0.5135,0.8714,0.3647,0.5209,0.1006,0.6716,0.6857,0.1130
ALPHA-56-767,43,Male,The Cautious Observer,60.2844,0.2937,0.9340,0.4139,0.7461,0.8847,0.7476,0.8969,0.4385,0.2423,0.3910
ALPHA-81-924,53,Female,The Community Builder,68.3165,0.8169,0.8638,0.8680,0.5415,0.7512,0.7050,0.5278,0.3803,0.7001,0.6203
ALPHA-00-675,38,Female,The Ambitious Entrepreneur,59.9304,0.8411,0.4626,0.5126,0.7174,0.1937,0.5175,0.2428,0.8617,0.8918,0.3712
ALPHA-65-977,23,Male,The Ambitious Entrepreneur,53.6369,0.6829,0.8076,0.3331,0.8373,0.2883,0.5658,0.2365,0.6652,0.5857,0.2027
ALPHA-63-796,47,Female,The Community Builder,70.5912,0.7713,0.5379,0.8795,0.3470,0.3161,0.7888,0.4204,0.5647,0.9330,0.7886
ALPHA-34-942,16,Male,The Cautious Observer,62.1609,0.3447,0.7793,0.1843,0.7916,0.1980,0.8392,0.8594,0.8053,0.2014,0.4268
ALPHA-10-071,37,Male,The Cautious Observer,53.3011,0.3781,0.9230,0.4036,0.7070,0.6558,0.6589,0.7514,0.4577,0.2737,0.2073
ALPHA-12-867,44,Female,The Stoic Engineer,59.8384,0.6745,0.4677,0.1794,0.3978,0.7833,0.6336,0.5699,0.7821,0.3384,0.7424
ALPHA-16-552,66,Male,The Community Builder,73.9402,0.7062,0.7868,0.9170,0.2478,0.2370,0.6878,0.1891,0.7452,0.7287,0.8416
ALPHA-88-484,20,Male,The Community Builder,66.6677,0.8150,0.1510,0.7188,0.8249,0.1597,0.4366,0.4744,0.1989,0.9709,0.8879
ALPHA-39-402,67,Female,The Ambitious Entrepreneur,36.6363,0.1745,0.6517,0.1072,0.7199,0.1881,0.5980,0.2636,0.9145,0.7344,0.1186
ALPHA-11-523,48,Male,The Stoic Engineer,64.0380,0.3846,0.4199,0.1942,0.1756,0.7424,0.9262,0.8970,0.8557,0.2016,0.8561
ALPHA-94-286,44,Female,The Stoic Engineer,56.0486,0.3442,0.3984,0.2049,0.4633,0.6949,0.6495,0.8000,0.9692,0.1066,0.4089
ALPHA-53-762,38,Female,The Community Builder,79.2861,0.7980,0.4252,0.9738,0.4100,0.3254,0.6180,0.6214,0.4855,0.8535,0.6982
ALPHA-49-371,53,Male,The Disillusioned Artist,48.4129,0.2903,0.7621,0.5847,0.6923,0.9364,0.3927,0.5220,0.4458,0.5297,0.2094
ALPHA-35-219,25,Female,The Idealistic Activist,59.5640,0.5720,0.1532,0.7628,0.7749,0.8468,0.3416,0.2830,0.4844,0.9299,0.7700
ALPHA-76-564,45,Female,The Stoic Engineer,76.7901,0.6863,0.3797,0.6354,0.1918,0.8087,0.7998,0.5730,0.8538,0.2380,0.7830
ALPHA-99-206,53,Female,The Ambitious Entrepreneur,49.8592,0.1074,0.1799,0.6412,0.8055,0.6913,0.6246,0.1904,0.6876,0.8357,0.4063
ALPHA-63-466,27,Female,The Disillusioned Artist,44.1182,0.3239,0.7868,0.6924,0.5289,0.8425,0.3981,0.2143,0.1275,0.5823,0.2360
ALPHA-08-390,58,Male,The Cautious Observer,51.7917,0.2369,0.7918,0.3838,0.2501,0.7713,0.6780,0.7118,0.3128,0.1716,0.1534
ALPHA-22-713,39,Male,The Disillusioned Artist,57.3629,0.3198,0.7995,0.7947,0.5908,0.8789,0.1249,0.4762,0.7007,0.4291,0.6753
ALPHA-42-051,32,Male,The Idealistic Activist,51.7599,0.8004,0.5311,0.7203,0.2437,0.3059,0.1339,0.4311,0.8505,0.6766,0.2030
ALPHA-62-954,56,Male,The Ambitious Entrepreneur,60.1137,0.6217,0.1584,0.4852,0.9467,0.1292,0.6751,0.1344,0.8420,0.6524,0.8335
ALPHA-96-990,57,Female,The Community Builder,70.2636,0.8338,0.3115,0.7307,0.4581,0.4186,0.4205,0.7740,0.6433,0.7029,0.5111
ALPHA-38-079,37,Male,The Idealistic Activist,70.4372,0.8950,0.8681,0.8665,0.1863,0.3776,0.1819,0.4851,0.1361,0.8292,0.8052
ALPHA-07-094,48,Male,The Stoic Engineer,62.1875,0.4592,0.3737,0.1696,0.2110,0.7058,0.7311,0.6246,0.9126,0.3948,0.8912
ALPHA-81-309,52,Male,The Cautious Observer,65.6453,0.3166,0.9468,0.2891,0.8706,0.3272,0.6526,0.8315,0.8035,0.2261,0.8769
ALPHA-71-203,24,Female,The Disillusioned Artist,48.7268,0.1689,0.5702,0.6268,0.6839,0.8178,0.2654,0.4174,0.5605,0.2772,0.4600
ALPHA-15-558,55,Female,The Disillusioned Artist,55.9410,0.2735,0.7422,0.5376,0.8394,0.9662,0.3840,0.5344,0.3874,0.4507,0.6269
ALPHA-74-154,40,Female,The Idealistic Activist,59.0593,0.7470,0.8546,0.7611,0.1249,0.4446,0.4777,0.2262,0.3042,0.9155,0.5545
ALPHA-41-382,32,Male,The Stoic Engineer,56.5550,0.4615,0.4244,0.3936,0.3634,0.8645,0.6507,0.7244,0.8880,0.3956,0.4823
ALPHA-18-399,48,Male,The Community Builder,78.6681,0.8761,0.5997,0.7414,0.4142,0.4374,0.5029,0.6944,0.1077,0.7888,0.8749
ALPHA-00-356,60,Female,The Cautious Observer,69.8284,0.4656,0.6352,0.3893,0.8386,0.2576,0.7677,0.7788,0.5951,0.3417,0.7794
ALPHA-43-476,40,Female,The Ambitious Entrepreneur,59.6311,0.7539,0.6317,0.3065,0.9219,0.5822,0.6086,0.3702,0.9330,0.6489,0.7537
ALPHA-11-426,58,Male,The Cautious Observer,58.3693,0.2269,0.7428,0.5430,0.8082,0.2780,0.8461,0.7900,0.8555,0.2101,0.3922
ALPHA-27-880,67,Male,The Cautious Observer,58.0755,0.4769,0.9149,0.1089,0.7556,0.2703,0.8071,0.8689,0.3839,0.3066,0.4412
ALPHA-24-578,47,Female,The Cautious Observer,62.1795,0.4396,0.8410,0.6693,0.7488,0.4772,0.8158,0.8477,0.3701,0.2776,0.1608
ALPHA-43-677,58,Female,The Idealistic Activist,68.6127,0.6571,0.4440,0.9804,0.4298,0.3458,0.1428,0.4118,0.7084,0.7098,0.7176
ALPHA-73-090,38,Female,The Idealistic Activist,53.3513,0.5710,0.3289,0.8707,0.7174,0.3141,0.1969,0.2662,0.8845,0.7574,0.6343
ALPHA-44-348,45,Female,The Disillusioned Artist,47.6052,0.2907,0.5475,0.5895,0.1862,0.7630,0.3039,0.3842,0.2999,0.4838,0.5242
ALPHA-56-015,53,Female,The Cautious Observer,65.9709,0.3887,0.9188,0.4274,0.8775,0.2907,0.8163,0.8086,0.2613,0.3667,0.2997
ALPHA-07-873,31,Female,The Idealistic Activist,58.1027,0.7387,0.6590,0.9631,0.3105,0.4414,0.2259,0.4398,0.2132,0.7123,0.1001
ALPHA-22-621,45,Male,The Disillusioned Artist,44.5488,0.1780,0.6717,0.4670,0.3890,0.8983,0.2514,0.2609,0.4478,0.5462,0.4361
ALPHA-67-141,18,Male,The Stoic Engineer,61.7468,0.4208,0.3806,0.1225,0.1897,0.9483,0.8621,0.8529,0.8669,0.1014,0.3175
ALPHA-28-631,26,Male,The Stoic Engineer,70.3033,0.3722,0.4999,0.3904,0.8714,0.7851,0.9337,0.6355,0.9635,0.2167,0.8930
ALPHA-47-443,47,Female,The Ambitious Entrepreneur,58.2282,0.8522,0.7594,0.7852,0.7737,0.7674,0.3911,0.1232,0.6144,0.6849,0.5767
ALPHA-62-997,34,Male,The Ambitious Entrepreneur,52.5867,0.5073,0.5279,0.6063,0.7637,0.6476,0.4708,0.1850,0.7939,0.7779,0.6366
ALPHA-57-437,22,Male,The Community Builder,71.6767,0.8638,0.1151,0.7476,0.6296,0.2230,0.6711,0.5727,0.2452,0.8994,0.6607
ALPHA-65-487,22,Female,The Ambitious Entrepreneur,46.9363,0.1610,0.6253,0.6834,0.9834,0.5079,0.5424,0.3650,0.8021,0.7106,0.1780
ALPHA-25-758,37,Female,The Disillusioned Artist,47.8629,0.1826,0.8534,0.5082,0.5089,0.8139,0.1250,0.4103,0.5264,0.2372,0.8068
ALPHA-47-923,33,Female,The Community Builder,62.3095,0.6348,0.7952,0.7047,0.5278,0.5411,0.4935,0.2136,0.5866,0.9022,0.5413
ALPHA-54-104,67,Female,The Disillusioned Artist,47.9207,0.1270,0.5804,0.5067,0.2281,0.8907,0.1318,0.5948,0.5859,0.5882,0.2468
ALPHA-52-427,37,Female,The Stoic Engineer,58.1781,0.4967,0.4868,0.2048,0.3631,0.7523,0.7589,0.5400,0.7429,0.1533,0.3052
ALPHA-61-240,42,Male,The Ambitious Entrepreneur,52.9155,0.1486,0.2490,0.5288,0.7224,0.3462,0.6646,0.3200,0.6355,0.6692,0.7155
ALPHA-48-751,44,Female,The Community Builder,58.4139,0.7312,0.1525,0.8487,0.3449,0.1062,0.4094,0.1854,0.7990,0.7271,0.5988
ALPHA-55-391,47,Female,The Disillusioned Artist,44.2783,0.1870,0.6673,0.4415,0.3854,0.8510,0.3920,0.3836,0.2429,0.5642,0.3594
ALPHA-15-758,26,Male,The Stoic Engineer,63.1607,0.6321,0.4665,0.5138,0.2514,0.8878,0.7699,0.7976,0.9059,0.3032,0.4663
ALPHA-20-579,37,Male,The Community Builder,76.9890,0.8227,0.5540,0.9551,0.5862,0.7685,0.4900,0.3606,0.4265,0.8495,0.8432
ALPHA-35-126,22,Male,The Stoic Engineer,67.7127,0.5138,0.4562,0.2638,0.1387,0.8155,0.6598,0.8607,0.8052,0.2712,0.7037
ALPHA-91-455,33,Male,The Cautious Observer,67.9659,0.4967,0.6494,0.2876,0.1477,0.2364,0.8152,0.9295,0.7785,0.3913,0.6710
ALPHA-51-909,38,Female,The Cautious Observer,68.1611,0.3377,0.8281,0.5912,0.5210,0.1028,0.8487,0.8912,0.6276,0.2378,0.7611
ALPHA-71-704,27,Female,The Cautious Observer,65.1790,0.4002,0.6887,0.1384,0.3731,0.3332,0.8395,0.8911,0.8386,0.2481,0.4315
ALPHA-84-805,24,Female,The Cautious Observer,65.5185,0.2552,0.6384,0.2323,0.5224,0.1855,0.8321,0.7206,0.2593,0.1495,0.6923
ALPHA-54-494,32,Female,The Disillusioned Artist,48.0591,0.3319,0.7944,0.4437,0.3637,0.7619,0.1641,0.5786,0.3821,0.3723,0.4027
ALPHA-33-876,55,Female,The Community Builder,73.3210,0.7458,0.3598,0.9747,0.3618,0.6369,0.4080,0.6678,0.2653,0.9214,0.8703
ALPHA-43-495,40,Female,The Disillusioned Artist,50.5525,0.1026,0.7689,0.4403,0.6940,0.7954,0.3129,0.2168,0.8092,0.3624,0.7009
ALPHA-20-603,28,Male,The Ambitious Entrepreneur,38.3770,0.3246,0.4727,0.3527,0.9459,0.2064,0.4499,0.1539,0.7004,0.7606,0.2580
ALPHA-81-831,28,Female,The Ambitious Entrepreneur,50.3267,0.5630,0.4345,0.1163,0.7829,0.6637,0.3879,0.1248,0.9067,0.7959,0.7344
ALPHA-09-094,65,Male,The Community Builder,75.1539,0.8504,0.5384,0.7061,0.2888,0.3155,0.7604,0.6567,0.3061,0.7406,0.6138
ALPHA-98-055,35,Female,The Community Builder,66.2276,0.9101,0.7745,0.7835,0.7361,0.4138,0.6348,0.2272,0.8832,0.8822,0.6744
ALPHA-19-104,19,Male,The Community Builder,61.0990,0.6305,0.1130,0.8734,0.1776,0.3237,0.6220,0.3007,0.7870,0.8666,0.6153
ALPHA-35-319,20,Female,The Cautious Observer,58.8167,0.3355,0.8118,0.4860,0.7690,0.7649,0.6085,0.8555,0.8296,0.2108,0.3111
ALPHA-36-125,45,Female,The Ambitious Entrepreneur,65.9183,0.8590,0.8760,0.5849,0.8793,0.7477,0.4389,0.3685,0.8647,0.8057,0.5511
ALPHA-08-352,43,Male,The Community Builder,72.3797,0.9500,0.1563,0.8432,0.7745,0.5358,0.6541,0.2902,0.8832,0.8946,0.7960
ALPHA-84-098,36,Male,The Ambitious Entrepreneur,52.9308,0.6912,0.6534,0.4710,0.9767,0.6701,0.3297,0.3461,0.6642,0.7237,0.3797
ALPHA-07-365,56,Female,The Disillusioned Artist,53.7352,0.2994,0.5980,0.7752,0.6686,0.9889,0.3516,0.3637,0.5729,0.3279,0.6155
ALPHA-94-243,52,Male,The Idealistic Activist,62.1353,0.8750,0.2211,0.7947,0.7745,0.1968,0.3838,0.3801,0.5264,0.8147,0.6025
ALPHA-17-042,60,Male,The Community Builder,82.0329,0.9427,0.7333,0.8192,0.3908,0.8809,0.5617,0.8728,0.8796,0.9207,0.8326
ALPHA-70-168,53,Male,The Ambitious Entrepreneur,64.6049,0.5147,0.3194,0.7692,0.8938,0.6394,0.6564,0.2744,0.6448,0.7715,0.6057
ALPHA-05-028,75,Female,The Cautious Observer,53.4241,0.4092,0.6367,0.1475,0.6358,0.8887,0.6240,0.7435,0.5869,0.2102,0.4151
ALPHA-14-479,26,Female,The Idealistic Activist,65.7898,0.8397,0.3380,0.9895,0.7346,0.2175,0.4008,0.4569,0.8149,0.6483,0.4446
ALPHA-78-118,58,Male,The Community Builder,72.4187,0.9096,0.5168,0.7727,0.2880,0.5133,0.7885,0.3392,0.8380,0.7816,0.5340
ALPHA-89-961,46,Male,The Idealistic Activist,56.4603,0.5529,0.7169,0.7006,0.1636,0.6263,0.1690,0.4715,0.6655,0.6901,0.5273
ALPHA-51-927,39,Female,The Disillusioned Artist,47.9886,0.4425,0.8455,0.4701,0.4554,0.9247,0.3777,0.4375,0.2474,0.3054,0.2579
ALPHA-33-332,56,Male,The Stoic Engineer,55.6628,0.5932,0.4391,0.1973,0.1353,0.9014,0.7280,0.8362,0.7747,0.1258,0.1121
ALPHA-89-416,63,Male,The Ambitious Entrepreneur,52.5584,0.1313,0.4058,0.8149,0.9550,0.8564,0.3887,0.3203,0.6616,0.6561,0.7314
ALPHA-84-130,66,Female,The Stoic Engineer,54.2488,0.4824,0.2929,0.1610,0.2562,0.6531,0.7599,0.8022,0.9114,0.2592,0.3771
ALPHA-23-865,60,Male,The Idealistic Activist,66.2636,0.6208,0.5188,0.7724,0.5057,0.6371,0.3907,0.2589,0.7286,0.7674,0.7095
ALPHA-47-501,21,Female,The Disillusioned Artist,39.6245,0.2493,0.7655,0.6633,0.7076,0.8978,0.2440,0.3141,0.1255,0.2071,0.1397
ALPHA-12-294,36,Male,The Idealistic Activist,61.6662,0.5590,0.7708,0.8609,0.8900,0.3613,0.2986,0.3270,0.1027,0.8052,0.4374
ALPHA-06-244,35,Male,The Idealistic Activist,66.2783,0.6396,0.5691,0.8707,0.4510,0.6661,0.2354,0.4820,0.5631,0.8405,0.7627
ALPHA-63-251,41,Male,The Cautious Observer,67.0688,0.3193,0.9136,0.1463,0.6217,0.7192,0.8873,0.9727,0.2486,0.1972,0.6836
ALPHA-24-362,78,Female,The Stoic Engineer,61.7760,0.3189,0.3875,0.8308,0.8925,0.6143,0.7494,0.7845,0.8593,0.1918,0.4276
ALPHA-53-842,44,Male,The Stoic Engineer,67.8417,0.4643,0.4060,0.6532,0.2860,0.9022,0.9263,0.8358,0.7623,0.1862,0.4562
ALPHA-27-097,19,Female,The Stoic Engineer,55.1317,0.4603,0.3573,0.3269,0.4224,0.8035,0.8076,0.6104,0.7769,0.3517,0.1720
ALPHA-49-401,37,Male,The Stoic Engineer,61.7914,0.5692,0.2566,0.4193,0.6975,0.8444,0.7315,0.7501,0.9225,0.2545,0.1723
ALPHA-16-197,18,Male,The Cautious Observer,65.5201,0.3893,0.6103,0.7059,0.1645,0.2714,0.7647,0.8033,0.6111,0.3657,0.3597
ALPHA-77-819,50,Female,The Disillusioned Artist,51.2334,0.2530,0.7750,0.4748,0.6355,0.7290,0.2352,0.4963,0.6381,0.5475,0.7808
ALPHA-19-866,63,Female,The Stoic Engineer,65.9582,0.4442,0.4594,0.5439,0.7995,0.9348,0.8919,0.7979,0.8062,0.1593,0.1509
ALPHA-75-004,55,Male,The Idealistic Activist,60.7503,0.7621,0.4062,0.7404,0.8358,0.5405,0.3134,0.2255,0.2206,0.7676,0.8871
ALPHA-76-852,54,Male,The Community Builder,83.2333,0.8366,0.6520,0.9268,0.2033,0.5445,0.7040,0.7825,0.5575,0.8381,0.6390
ALPHA-90-759,62,Male,The Stoic Engineer,46.6445,0.3580,0.2339,0.2567,0.7632,0.7182,0.7005,0.6757,0.7131,0.1855,0.1131
ALPHA-39-229,48,Female,The Disillusioned Artist,42.2943,0.4028,0.5067,0.4777,0.3189,0.8351,0.1657,0.2648,0.6029,0.2497,0.2189
ALPHA-83-256,39,Female,The Ambitious Entrepreneur,54.0859,0.7254,0.2492,0.5764,0.8157,0.6003,0.4798,0.3971,0.6029,0.7109,0.1381
ALPHA-87-924,54,Male,The Ambitious Entrepreneur,57.1425,0.2704,0.7837,0.8184,0.7794,0.7699,0.4719,0.1518,0.7467,0.8802,0.6545
ALPHA-54-699,16,Female,The Stoic Engineer,59.0528,0.5484,0.4742,0.2542,0.1200,0.9218,0.7669,0.5805,0.8204,0.2377,0.4579
ALPHA-57-197,48,Female,The Disillusioned Artist,47.5990,0.1116,0.8752,0.4482,0.8231,0.7347,0.1304,0.5095,0.8061,0.3706,0.8173
ALPHA-94-234,60,Female,The Community Builder,67.2900,0.9306,0.5190,0.7865,0.3901,0.1494,0.6175,0.1070,0.7293,0.9298,0.5836
ALPHA-74-252,59,Female,The Stoic Engineer,57.4890,0.5060,0.3314,0.6871,0.1341,0.7401,0.8002,0.5498,0.7025,0.3016,0.1571
ALPHA-18-617,48,Female,The Idealistic Activist,73.8998,0.8319,0.4057,0.8591,0.2926,0.7792,0.4570,0.4156,0.5205,0.7850,0.7231
ALPHA-02-782,23,Female,The Ambitious Entrepreneur,50.1374,0.6488,0.3186,0.1618,0.7042,0.8914,0.5334,0.3797,0.8772,0.8359,0.1277
ALPHA-61-555,53,Male,The Stoic Engineer,61.7292,0.4393,0.2655,0.4312,0.8729,0.9159,0.8715,0.5481,0.8301,0.3770,0.5182
ALPHA-71-515,64,Male,The Cautious Observer,72.5555,0.4783,0.6852,0.5374,0.4294,0.3547,0.8818,0.9434,0.1272,0.1887,0.7105
ALPHA-40-215,26,Male,The Disillusioned Artist,45.1959,0.1994,0.7241,0.4282,0.8332,0.8325,0.2479,0.5038,0.5337,0.4028,0.3050
ALPHA-48-739,16,Male,The Community Builder,70.4810,0.8549,0.1159,0.7171,0.2655,0.6453,0.4456,0.4259,0.5506,0.7913,0.7400
ALPHA-43-007,44,Female,The Idealistic Activist,56.9878,0.5172,0.2898,0.9624,0.2684,0.5850,0.2923,0.2774,0.8958,0.7346,0.1636
ALPHA-15-634,37,Female,The Disillusioned Artist,46.4755,0.2391,0.8913,0.4281,0.2312,0.7682,0.2709,0.5672,0.5027,0.4311,0.5781
ALPHA-44-655,48,Female,The Community Builder,60.6885,0.9126,0.4096,0.7078,0.6878,0.8605,0.6568,0.1538,0.6192,0.8570,0.5812
ALPHA-40-773,32,Female,The Cautious Observer,63.9377,0.4850,0.9415,0.1601,0.5242,0.6919,0.8439,0.9783,0.6422,0.1747,0.3471
ALPHA-45-101,46,Female,The Community Builder,70.5844,0.8785,0.7955,0.7760,0.4456,0.4992,0.4261,0.6613,0.7399,0.8081,0.6514
ALPHA-96-582,52,Male,The Cautious Observer,62.6792,0.2866,0.7460,0.3544,0.6062,0.8313,0.7561,0.9138,0.4577,0.3901,0.5705
ALPHA-41-521,46,Female,The Community Builder,69.6720,0.8586,0.6551,0.9562,0.4324,0.1468,0.4122,0.2849,0.1402,0.8066,0.8589
ALPHA-84-507,57,Female,The Disillusioned Artist,50.4993,0.4191,0.6286,0.7784,0.7044,0.9822,0.1037,0.2184,0.3964,0.2504,0.8242
ALPHA-64-331,30,Female,The Idealistic Activist,54.7089,0.5821,0.8838,0.8677,0.7964,0.3302,0.3228,0.3195,0.6511,0.9012,0.5157
ALPHA-54-924,72,Male,The Disillusioned Artist,53.7008,0.3832,0.5461,0.6384,0.1170,0.8301,0.3708,0.2734,0.1492,0.5438,0.3660
ALPHA-43-985,49,Male,The Stoic Engineer,60.7601,0.3183,0.3760,0.2434,0.6777,0.8910,0.7134,0.8912,0.7408,0.2454,0.4320
ALPHA-40-145,57,Female,The Disillusioned Artist,49.1619,0.3164,0.8665,0.5170,0.7314,0.7961,0.1903,0.3455,0.6015,0.5360,0.4240
ALPHA-17-154,53,Female,The Ambitious Entrepreneur,52.8540,0.3950,0.5651,0.3732,0.8366,0.4444,0.5042,0.3781,0.6213,0.7137,0.4360
ALPHA-00-347,48,Female,The Cautious Observer,77.5531,0.4375,0.6058,0.8814,0.3306,0.2756,0.7274,0.7465,0.1206,0.3974,0.8789
ALPHA-35-736,60,Female,The Idealistic Activist,67.9310,0.6714,0.1343,0.9397,0.8132,0.3870,0.4989,0.2344,0.5044,0.9388,0.8971
ALPHA-57-609,49,Female,The Disillusioned Artist,50.7750,0.3825,0.6864,0.4946,0.8831,0.8796,0.2236,0.4079,0.4752,0.3354,0.2631
ALPHA-47-048,21,Female,The Disillusioned Artist,51.1485,0.2302,0.8964,0.4649,0.3548,0.8703,0.3878,0.3541,0.3133,0.3506,0.5430
ALPHA-47-595,52,Female,The Idealistic Activist,66.3665,0.8602,0.3584,0.8020,0.5706,0.5831,0.1358,0.4991,0.7944,0.6226,0.7125
ALPHA-13-323,46,Male,The Community Builder,69.9832,0.7978,0.1907,0.8038,0.6203,0.6518,0.7314,0.6789,0.1402,0.8054,0.5309
ALPHA-56-349,51,Male,The Ambitious Entrepreneur,66.5862,0.7558,0.4649,0.3305,0.8060,0.2706,0.5899,0.2763,0.7279,0.8538,0.8574
ALPHA-47-718,25,Female,The Disillusioned Artist,49.2643,0.1206,0.6296,0.7006,0.4107,0.7423,0.1463,0.4028,0.8866,0.3061,0.8139
ALPHA-68-322,27,Female,The Ambitious Entrepreneur,67.2082,0.7460,0.5118,0.5388,0.9633,0.7787,0.6970,0.2711,0.7676,0.7949,0.7046
ALPHA-70-174,32,Female,The Cautious Observer,64.7611,0.3348,0.7715,0.7298,0.7202,0.8348,0.7865,0.8475,0.2429,0.2693,0.1168
ALPHA-33-650,43,Male,The Cautious Observer,55.4035,0.4808,0.9077,0.1913,0.5769,0.8595,0.6493,0.7602,0.5063,0.3046,0.2540
ALPHA-73-457,38,Male,The Stoic Engineer,60.7489,0.3287,0.2153,0.7462,0.7085,0.7627,0.6954,0.5269,0.7717,0.2568,0.5591
ALPHA-76-643,29,Female,The Community Builder,72.7297,0.7611,0.5815,0.8666,0.7038,0.6696,0.4433,0.2715,0.3770,0.8110,0.8976
ALPHA-84-641,30,Female,The Disillusioned Artist,65.8349,0.4711,0.8114,0.6629,0.3634,0.7301,0.3344,0.5475,0.5519,0.3045,0.8362
ALPHA-17-534,30,Female,The Cautious Observer,77.0493,0.4934,0.6109,0.7271,0.2963,0.3738,0.8983,0.8300,0.4722,0.3351,0.6252
ALPHA-85-484,16,Male,The Stoic Engineer,66.6322,0.6141,0.2548,0.7969,0.3844,0.9396,0.6690,0.6723,0.7109,0.2297,0.1937
ALPHA-30-089,26,Female,The Cautious Observer,62.9166,0.3697,0.7254,0.6559,0.5448,0.1119,0.8842,0.9593,0.7589,0.3077,0.2458
ALPHA-30-832,44,Female,The Disillusioned Artist,58.6196,0.4233,0.7466,0.6870,0.8497,0.9898,0.2128,0.5107,0.7670,0.5880,0.6260
ALPHA-08-522,26,Male,The Community Builder,72.8116,0.7292,0.3449,0.8079,0.1457,0.7543,0.6112,0.6834,0.3355,0.8208,0.7440
ALPHA-74-656,58,Male,The Community Builder,69.2101,0.6757,0.1047,0.9630,0.1298,0.7935,0.6755,0.3144,0.4821,0.8740,0.6139
ALPHA-71-307,52,Female,The Stoic Engineer,70.8292,0.4027,0.3778,0.4741,0.7109,0.6236,0.8223,0.8913,0.9534,0.1265,0.6760
ALPHA-93-198,24,Female,The Cautious Observer,72.2974,0.4813,0.7450,0.7782,0.5585,0.4945,0.7145,0.9143,0.4315,0.3344,0.3582
ALPHA-13-006,33,Male,The Stoic Engineer,59.3476,0.6562,0.2018,0.5264,0.5482,0.9402,0.7287,0.5531,0.9264,0.2057,0.3295
ALPHA-18-959,29,Female,The Ambitious Entrepreneur,65.4579,0.6824,0.7219,0.6265,0.9216,0.3721,0.4417,0.3738,0.7341,0.8318,0.7829
ALPHA-77-450,38,Female,The Disillusioned Artist,57.7819,0.2620,0.7840,0.6367,0.8599,0.8404,0.2718,0.3458,0.3769,0.5337,0.8111
ALPHA-91-624,22,Male,The Disillusioned Artist,47.8507,0.3618,0.6779,0.5366,0.2076,0.8896,0.1027,0.3583,0.2301,0.4212,0.5992
ALPHA-18-889,44,Female,The Stoic Engineer,62.7977,0.5089,0.3627,0.5401,0.1917,0.9288,0.7417,0.8346,0.7561,0.1958,0.2759
ALPHA-99-746,16,Female,The Community Builder,78.0165,0.8990,0.8734,0.8900,0.7370,0.7708,0.7094,0.4100,0.2737,0.9430,0.8604
ALPHA-05-530,33,Female,The Ambitious Entrepreneur,59.5971,0.7368,0.3675,0.6420,0.8148,0.1768,0.6222,0.1868,0.7928,0.5645,0.5798
ALPHA-51-480,25,Female,The Disillusioned Artist,48.3779,0.2724,0.7525,0.6722,0.8073,0.9445,0.3913,0.2090,0.6450,0.2774,0.1515
ALPHA-19-359,38,Male,The Ambitious Entrepreneur,57.9383,0.5419,0.4839,0.8546,0.8674,0.5573,0.3596,0.3552,0.7358,0.8767,0.2227
ALPHA-87-559,16,Female,The Stoic Engineer,60.6788,0.4311,0.4725,0.6989,0.7746,0.8667,0.8896,0.5702,0.7006,0.1887,0.4100
ALPHA-32-061,54,Male,The Stoic Engineer,70.2603,0.3909,0.3072,0.6680,0.5063,0.6301,0.7816,0.7771,0.7876,0.1325,0.8697
ALPHA-39-590,44,Female,The Idealistic Activist,58.5662,0.6303,0.4332,0.9887,0.1410,0.6345,0.1205,0.2792,0.2659,0.7623,0.6413
ALPHA-68-641,61,Male,The Cautious Observer,61.2199,0.4934,0.8269,0.2234,0.3025,0.6818,0.6146,0.7875,0.5457,0.3082,0.7557
ALPHA-16-158,40,Female,The Idealistic Activist,64.2780,0.6062,0.2589,0.8010,0.5988,0.4328,0.4364,0.4218,0.4551,0.6682,0.4401
ALPHA-65-647,47,Female,The Cautious Observer,62.3315,0.4034,0.6707,0.7540,0.2893,0.1617,0.8918,0.7526,0.7543,0.3299,0.3286
ALPHA-31-483,49,Male,The Cautious Observer,58.7915,0.2278,0.8779,0.2071,0.4237,0.6334,0.7006,0.9518,0.3532,0.3648,0.2293
ALPHA-17-367,41,Female,The Idealistic Activist,50.5298,0.8636,0.1171,0.7828,0.6773,0.4983,0.1528,0.2463,0.7110,0.9338,0.2169
ALPHA-05-369,45,Female,The Ambitious Entrepreneur,54.1065,0.6115,0.7800,0.1025,0.9243,0.3830,0.4404,0.3753,0.9361,0.5899,0.7708
ALPHA-14-604,54,Male,The Ambitious Entrepreneur,44.2328,0.1821,0.2670,0.7316,0.9549,0.2092,0.3172,0.1929,0.9126,0.7484,0.3412
ALPHA-71-848,21,Female,The Disillusioned Artist,55.7703,0.2451,0.6863,0.7499,0.2456,0.9445,0.3985,0.4579,0.6395,0.3606,0.6371
ALPHA-60-853,45,Female,The Ambitious Entrepreneur,47.8074,0.4010,0.2948,0.3012,0.8237,0.8605,0.5249,0.2888,0.7292,0.5509,0.6332
ALPHA-92-550,26,Male,The Community Builder,65.8303,0.6150,0.5378,0.7656,0.1939,0.3523,0.7040,0.3446,0.4010,0.7369,0.8686
ALPHA-26-654,30,Male,The Idealistic Activist,55.4835,0.8287,0.6112,0.7018,0.3235,0.7632,0.2336,0.3993,0.1493,0.6269,0.3473
ALPHA-53-672,39,Male,The Disillusioned Artist,60.3362,0.3548,0.7495,0.7591,0.6694,0.9179,0.2864,0.5298,0.4068,0.2398,0.8099
ALPHA-35-135,35,Female,The Disillusioned Artist,51.8297,0.4339,0.6162,0.5688,0.7058,0.8644,0.2459,0.3289,0.1127,0.2311,0.8541
ALPHA-52-480,45,Male,The Cautious Observer,66.4753,0.4251,0.7671,0.3072,0.3056,0.7153,0.7761,0.9382,0.1361,0.1706,0.6181
ALPHA-79-865,31,Male,The Idealistic Activist,54.5044,0.5337,0.5240,0.7147,0.7504,0.7579,0.3563,0.3546,0.7419,0.6973,0.2512
ALPHA-42-501,62,Female,The Disillusioned Artist,51.9300,0.4160,0.7771,0.4024,0.4285,0.8536,0.3719,0.4271,0.2039,0.3002,0.6328
ALPHA-08-555,64,Male,The Ambitious Entrepreneur,69.0791,0.8806,0.6398,0.7550,0.7720,0.6926,0.4637,0.2124,0.6596,0.6753,0.8229
ALPHA-12-478,40,Female,The Ambitious Entrepreneur,53.2774,0.2767,0.8674,0.6264,0.7650,0.4510,0.5815,0.1912,0.8582,0.7467,0.8437
ALPHA-56-500,69,Female,The Community Builder,61.9641,0.9186,0.1044,0.7504,0.2977,0.5319,0.4390,0.1498,0.3294,0.8463,0.6884
ALPHA-16-340,67,Male,The Community Builder,65.7042,0.8857,0.7790,0.8644,0.7664,0.4551,0.7871,0.1499,0.5904,0.7529,0.6803
ALPHA-23-132,21,Female,The Idealistic Activist,62.0140,0.8492,0.7801,0.8583,0.6539,0.4744,0.3155,0.2352,0.5574,0.6495,0.2275
ALPHA-63-193,34,Female,The Idealistic Activist,54.3567,0.8591,0.4660,0.7140,0.7293,0.7944,0.4837,0.3799,0.2234,0.6440,0.1174
ALPHA-88-349,28,Female,The Community Builder,64.1251,0.6930,0.8269,0.9565,0.6795,0.4391,0.6298,0.2110,0.2762,0.9273,0.5907
ALPHA-72-766,69,Female,The Disillusioned Artist,48.3495,0.4524,0.8530,0.5604,0.6885,0.9627,0.3466,0.3321,0.1346,0.4381,0.1628
ALPHA-68-401,32,Female,The Ambitious Entrepreneur,44.4728,0.4761,0.6987,0.2811,0.9147,0.5243,0.3586,0.3510,0.9122,0.7150,0.2502
ALPHA-65-308,57,Male,The Cautious Observer,60.5245,0.3926,0.6439,0.3645,0.1284,0.6003,0.8775,0.7240,0.5250,0.3075,0.1206
ALPHA-96-251,33,Female,The Community Builder,68.4803,0.8600,0.2999,0.9761,0.1593,0.3160,0.4037,0.3019,0.1517,0.9582,0.8025
ALPHA-55-611,33,Female,The Community Builder,78.5270,0.9235,0.5689,0.8866,0.1069,0.4376,0.5085,0.6271,0.8886,0.8368,0.6850
ALPHA-70-959,66,Male,The Ambitious Entrepreneur,58.6793,0.4197,0.4576,0.8747,0.9199,0.2167,0.4682,0.3844,0.6883,0.6992,0.4887
ALPHA-92-832,16,Male,The Community Builder,67.7197,0.8259,0.6112,0.8961,0.8137,0.6242,0.6850,0.1307,0.5970,0.7298,0.6286
ALPHA-53-757,55,Male,The Disillusioned Artist,50.2480,0.1523,0.7362,0.5418,0.8500,0.8920,0.1961,0.3383,0.3708,0.5365,0.7912
ALPHA-99-084,44,Male,The Community Builder,77.2822,0.8412,0.2906,0.9534,0.6683,0.3310,0.4043,0.8826,0.6905,0.7937,0.6110
ALPHA-97-233,44,Male,The Stoic Engineer,59.0963,0.4252,0.2473,0.3994,0.4468,0.8191,0.8680,0.5320,0.9755,0.1325,0.6108
ALPHA-05-576,53,Male,The Community Builder,73.7925,0.6852,0.3962,0.9591,0.5916,0.4680,0.6220,0.4703,0.6213,0.7662,0.7649
ALPHA-27-580,59,Male,The Stoic Engineer,58.8309,0.4736,0.4622,0.1256,0.1017,0.9414,0.8305,0.5398,0.7528,0.3775,0.8265
ALPHA-03-301,61,Female,The Stoic Engineer,59.6757,0.3471,0.3132,0.2286,0.3501,0.6284,0.7802,0.8957,0.7826,0.1767,0.2641
ALPHA-60-558,22,Female,The Idealistic Activist,66.8695,0.5140,0.2934,0.7666,0.3194,0.1088,0.4561,0.2404,0.8589,0.6060,0.8913
ALPHA-07-087,28,Male,The Stoic Engineer,61.6398,0.4275,0.3123,0.4998,0.6845,0.6477,0.8854,0.5476,0.7617,0.2067,0.6052
ALPHA-74-657,16,Male,The Idealistic Activist,57.1260,0.8695,0.2269,0.9283,0.8884,0.6435,0.3203,0.3339,0.5813,0.7913,0.1588
ALPHA-32-225,33,Female,The Ambitious Entrepreneur,63.6178,0.8147,0.2979,0.7446,0.7130,0.1725,0.6715,0.2985,0.6629,0.7932,0.4751
ALPHA-71-675,32,Male,The Community Builder,69.1383,0.6066,0.6809,0.9466,0.8592,0.4279,0.7341,0.2042,0.7390,0.7148,0.5908
ALPHA-23-522,37,Female,The Community Builder,58.8805,0.8877,0.8304,0.7283,0.6327,0.8869,0.5114,0.1567,0.8322,0.7589,0.5012
ALPHA-95-572,34,Male,The Stoic Engineer,78.1579,0.5739,0.3446,0.5087,0.3227,0.6062,0.8491,0.8543,0.7006,0.3996,0.8122
ALPHA-88-773,40,Male,The Idealistic Activist,51.2781,0.7180,0.2936,0.7784,0.4952,0.4001,0.1101,0.2652,0.2532,0.7042,0.5204
ALPHA-69-896,38,Male,The Ambitious Entrepreneur,57.5583,0.4778,0.5827,0.6513,0.7346,0.4470,0.5085,0.2247,0.6669,0.7774,0.7275
ALPHA-77-824,67,Male,The Idealistic Activist,56.1250,0.7789,0.8882,0.9541,0.2628,0.1398,0.1699,0.4306,0.2251,0.8036,0.1591
ALPHA-34-262,29,Female,The Cautious Observer,62.5685,0.3174,0.6602,0.5514,0.3968,0.1152,0.7649,0.9632,0.3611,0.3276,0.3112
ALPHA-92-505,21,Female,The Community Builder,64.4648,0.8804,0.1470,0.7807,0.6812,0.5986,0.5609,0.3051,0.8104,0.8726,0.6526
ALPHA-75-605,84,Male,The Cautious Observer,56.3559,0.2943,0.7342,0.1776,0.2147,0.4401,0.7869,0.8876,0.5990,0.3313,0.1961
ALPHA-94-910,48,Female,The Ambitious Entrepreneur,59.1441,0.6883,0.1697,0.6055,0.8576,0.3143,0.4718,0.1632,0.8273,0.6002,0.5585
ALPHA-36-032,47,Male,The Disillusioned Artist,63.3774,0.4530,0.6804,0.6917,0.6629,0.9103,0.3778,0.3754,0.4190,0.2659,0.7017
ALPHA-14-748,53,Male,The Disillusioned Artist,57.0671,0.2475,0.6412,0.5599,0.5072,0.9868,0.2379,0.2915,0.4249,0.3015,0.8592
ALPHA-50-869,36,Male,The Disillusioned Artist,47.2230,0.1173,0.8253,0.5203,0.5809,0.9704,0.2017,0.2267,0.4600,0.2436,0.8973
ALPHA-82-139,53,Male,The Community Builder,82.0837,0.8270,0.5579,0.8482,0.8602,0.5074,0.6226,0.8553,0.8020,0.9604,0.8646
ALPHA-21-363,51,Female,The Cautious Observer,68.2091,0.2763,0.6094,0.7534,0.8494,0.5896,0.6862,0.7683,0.5945,0.1978,0.8867
ALPHA-32-267,46,Male,The Ambitious Entrepreneur,57.3918,0.6329,0.4797,0.3468,0.7142,0.3748,0.5107,0.2066,0.7560,0.8601,0.7118
ALPHA-88-259,68,Male,The Cautious Observer,65.7462,0.4880,0.7375,0.6018,0.2968,0.6400,0.6565,0.9300,0.2700,0.3106,0.5021
ALPHA-82-698,33,Female,The Community Builder,66.2167,0.6008,0.8986,0.7812,0.7916,0.2914,0.4409,0.4262,0.8718,0.8314,0.7304
ALPHA-07-406,41,Male,The Disillusioned Artist,58.3089,0.3344,0.8502,0.7728,0.7775,0.9518,0.1500,0.5689,0.6709,0.2998,0.4458
ALPHA-40-441,34,Male,The Ambitious Entrepreneur,62.7067,0.6307,0.5914,0.8435,0.9871,0.4846,0.5850,0.1429,0.7502,0.8558,0.4584
ALPHA-64-894,39,Female,The Stoic Engineer,60.5552,0.6681,0.4687,0.6008,0.6288,0.9438,0.6115,0.8019,0.8449,0.2206,0.1370
ALPHA-91-071,21,Female,The Ambitious Entrepreneur,41.9823,0.1269,0.3450,0.2258,0.7377,0.4422,0.5276,0.3036,0.6060,0.6949,0.5729
ALPHA-39-654,27,Female,The Cautious Observer,61.0180,0.3562,0.6347,0.7050,0.3118,0.5553,0.8413,0.9260,0.2328,0.3339,0.2044
ALPHA-94-846,33,Male,The Ambitious Entrepreneur,54.2494,0.7394,0.8954,0.1191,0.9173,0.4170,0.6149,0.2750,0.6852,0.6456,0.7564
ALPHA-01-376,51,Male,The Stoic Engineer,66.7955,0.5939,0.3903,0.4466,0.7454,0.7362,0.9456,0.6835,0.9279,0.1489,0.5272
ALPHA-52-739,21,Female,The Stoic Engineer,63.1619,0.5391,0.2602,0.5266,0.8319,0.8567,0.7088,0.6082,0.7640,0.2741,0.6469
ALPHA-69-259,62,Female,The Disillusioned Artist,52.8759,0.3927,0.6658,0.7636,0.5105,0.9516,0.3882,0.4161,0.4234,0.3811,0.1123
ALPHA-55-051,61,Female,The Ambitious Entrepreneur,61.1895,0.7662,0.7567,0.6535,0.7301,0.5402,0.4513,0.3373,0.6341,0.6758,0.2182
ALPHA-54-337,48,Male,The Stoic Engineer,63.2229,0.6406,0.4026,0.1309,0.6671,0.6991,0.8852,0.6185,0.7318,0.2943,0.7984
ALPHA-03-104,65,Female,The Disillusioned Artist,61.1204,0.4830,0.7199,0.5744,0.6446,0.7660,0.3824,0.3955,0.3706,0.3593,0.6492
ALPHA-41-334,16,Male,The Cautious Observer,64.9481,0.4917,0.6897,0.3662,0.4453,0.4280,0.6768,0.7860,0.4790,0.2831,0.3450
ALPHA-23-650,51,Male,The Disillusioned Artist,57.7731,0.1502,0.6822,0.4309,0.7134,0.9525,0.3449,0.4582,0.4976,0.4089,0.8310
ALPHA-58-427,49,Female,The Stoic Engineer,64.3254,0.5680,0.4867,0.4974,0.7820,0.8498,0.7143,0.8427,0.8313,0.2100,0.6118
ALPHA-26-617,18,Female,The Stoic Engineer,53.8177,0.4601,0.2529,0.2634,0.1202,0.8399,0.8729,0.5806,0.8347,0.3581,0.3215
ALPHA-44-825,21,Male,The Stoic Engineer,54.0255,0.4643,0.4757,0.3304,0.1875,0.9227,0.6647,0.6643,0.7091,0.1493,0.4720
ALPHA-87-511,20,Male,The Ambitious Entrepreneur,51.4327,0.1857,0.5885,0.4534,0.7648,0.4979,0.6466,0.1810,0.9337,0.6038,0.7245
ALPHA-34-385,16,Male,The Disillusioned Artist,49.9192,0.1858,0.6302,0.5729,0.7278,0.9407,0.3609,0.3765,0.1007,0.4851,0.6620
ALPHA-26-440,41,Female,The Community Builder,69.4344,0.7820,0.2481,0.7365,0.6284,0.3424,0.5067,0.7105,0.6286,0.7849,0.6454
ALPHA-05-694,50,Female,The Cautious Observer,57.4162,0.2862,0.7914,0.6873,0.5702,0.3779,0.8035,0.7165,0.3754,0.1081,0.1682
ALPHA-64-741,58,Female,The Idealistic Activist,59.6116,0.5661,0.1102,0.8766,0.1083,0.3563,0.3995,0.2944,0.3541,0.8312,0.4886
ALPHA-59-878,18,Female,The Disillusioned Artist,50.7756,0.2425,0.7164,0.5430,0.7057,0.9377,0.2454,0.2922,0.6639,0.3653,0.7395
ALPHA-40-262,16,Male,The Community Builder,83.3849,0.9230,0.1877,0.9723,0.6641,0.2219,0.6920,0.7642,0.8577,0.9833,0.7348
ALPHA-15-690,58,Male,The Stoic Engineer,61.6483,0.5019,0.2151,0.5999,0.5988,0.7773,0.7018,0.6486,0.8969,0.3786,0.5433
ALPHA-30-623,45,Female,The Disillusioned Artist,53.6159,0.1479,0.8236,0.7567,0.6771,0.7732,0.2147,0.2360,0.5021,0.4785,0.6081
ALPHA-06-065,69,Male,The Cautious Observer,60.0239,0.2751,0.9407,0.3757,0.7304,0.2870,0.7150,0.8809,0.7680,0.2748,0.6192
ALPHA-63-169,63,Female,The Idealistic Activist,51.1800,0.6964,0.4626,0.8447,0.4283,0.1960,0.2550,0.3117,0.5042,0.8869,0.2581
ALPHA-84-945,19,Male,The Cautious Observer,69.1972,0.4130,0.8890,0.6840,0.3586,0.3163,0.8208,0.7050,0.7173,0.2579,0.4181
ALPHA-83-929,37,Female,The Community Builder,75.0942,0.7288,0.3337,0.7721,0.1141,0.1850,0.7031,0.8924,0.3985,0.7873,0.7339
ALPHA-24-928,54,Female,The Disillusioned Artist,55.7563,0.1967,0.7769,0.7460,0.1503,0.9833,0.3063,0.5947,0.4408,0.3261,0.4420
ALPHA-48-059,30,Male,The Idealistic Activist,68.3206,0.7871,0.8120,0.7896,0.4869,0.8671,0.4007,0.3759,0.8535,0.8408,0.6955
ALPHA-66-587,47,Male,The Community Builder,66.4229,0.6823,0.3405,0.7131,0.8776,0.7863,0.5620,0.2504,0.7149,0.7155,0.8921
ALPHA-95-505,16,Male,The Disillusioned Artist,42.0713,0.3320,0.6557,0.4223,0.8728,0.7513,0.3008,0.2051,0.3968,0.4858,0.3262
ALPHA-40-815,35,Female,The Community Builder,74.8340,0.6318,0.8681,0.8777,0.1828,0.6124,0.5907,0.8905,0.5415,0.9166,0.6779
ALPHA-60-377,49,Male,The Idealistic Activist,59.2339,0.5339,0.7933,0.9361,0.7218,0.2833,0.1741,0.2101,0.1200,0.8189,0.6612
ALPHA-14-122,70,Female,The Disillusioned Artist,56.8564,0.2487,0.5488,0.7358,0.3263,0.8714,0.2170,0.3392,0.3745,0.5888,0.7176
ALPHA-47-282,19,Female,The Disillusioned Artist,47.6248,0.4683,0.5818,0.5264,0.5567,0.8664,0.1168,0.3978,0.1932,0.2932,0.4821
ALPHA-31-480,39,Female,The Idealistic Activist,56.8248,0.6452,0.3318,0.7081,0.6488,0.1826,0.2341,0.2750,0.4810,0.7398,0.4638
ALPHA-30-576,63,Female,The Community Builder,75.8185,0.9435,0.6135,0.7325,0.2865,0.7647,0.7288,0.5955,0.1852,0.9189,0.6303
ALPHA-13-121,33,Male,The Disillusioned Artist,44.8865,0.1081,0.5488,0.4086,0.6269,0.7656,0.2769,0.4828,0.7577,0.2009,0.4145
ALPHA-29-145,29,Female,The Stoic Engineer,73.8152,0.3627,0.2980,0.8597,0.4246,0.6214,0.7967,0.5451,0.9074,0.2952,0.8416
ALPHA-56-008,49,Male,The Community Builder,64.8430,0.6585,0.4254,0.7069,0.4997,0.6030,0.5867,0.3894,0.3356,0.7713,0.5723
ALPHA-28-011,40,Female,The Cautious Observer,71.9334,0.4881,0.6229,0.5419,0.8807,0.3420,0.8567,0.7508,0.4542,0.1329,0.7766
ALPHA-33-237,41,Male,The Community Builder,71.8119,0.7617,0.1128,0.9779,0.8282,0.3248,0.4352,0.8300,0.2405,0.7445,0.6882
ALPHA-47-183,16,Female,The Stoic Engineer,54.2973,0.4351,0.2284,0.2474,0.6472,0.7001,0.7305,0.6783,0.9898,0.1210,0.1706
ALPHA-25-172,45,Male,The Cautious Observer,72.2408,0.2380,0.6475,0.8175,0.8566,0.5028,0.7987,0.7970,0.5244,0.3932,0.7899
ALPHA-82-707,51,Male,The Ambitious Entrepreneur,51.1941,0.1919,0.3923,0.2298,0.7246,0.8026,0.4384,0.3745,0.8564,0.6231,0.7415
ALPHA-04-820,53,Male,The Stoic Engineer,64.6133,0.5409,0.4047,0.5807,0.4429,0.6091,0.7705,0.6855,0.8146,0.1935,0.6879
ALPHA-39-893,53,Male,The Stoic Engineer,54.1603,0.4992,0.3812,0.3834,0.3410,0.6293,0.8181,0.6757,0.7507,0.3180,0.2283
ALPHA-15-658,40,Male,The Cautious Observer,74.0487,0.4517,0.7399,0.6943,0.8208,0.5946,0.7424,0.8485,0.7907,0.3588,0.6259
ALPHA-36-613,71,Female,The Stoic Engineer,68.3129,0.5661,0.4766,0.6523,0.8685,0.6496,0.7322,0.5211,0.8148,0.2619,0.7793
ALPHA-73-703,34,Female,The Cautious Observer,61.6838,0.2831,0.7398,0.6447,0.8709,0.1707,0.8306,0.8373,0.7930,0.2249,0.4316
ALPHA-30-685,50,Female,The Idealistic Activist,54.4970,0.6004,0.4768,0.9318,0.1722,0.1443,0.3578,0.2313,0.1854,0.8241,0.1148
ALPHA-08-093,25,Male,The Stoic Engineer,64.2971,0.6288,0.3551,0.5915,0.7720,0.8849,0.8138,0.6513,0.7058,0.2629,0.5880
ALPHA-04-363,64,Female,The Cautious Observer,66.8668,0.2815,0.6601,0.1642,0.8067,0.8971,0.7359,0.9565,0.6535,0.1786,0.7361
ALPHA-43-388,47,Female,The Cautious Observer,63.5274,0.3798,0.9313,0.7399,0.8024,0.2124,0.7247,0.9351,0.8469,0.2107,0.1074
ALPHA-54-577,25,Male,The Idealistic Activist,63.3451,0.8992,0.2658,0.7593,0.4015,0.4830,0.2215,0.3511,0.5053,0.6858,0.6096
ALPHA-34-603,47,Female,The Idealistic Activist,65.8692,0.7774,0.3633,0.9696,0.5711,0.4858,0.1600,0.4996,0.7579,0.8743,0.3583
ALPHA-92-650,69,Female,The Disillusioned Artist,56.7691,0.4494,0.7442,0.6572,0.4440,0.8441,0.1503,0.5710,0.7586,0.5366,0.8270
ALPHA-65-769,25,Female,The Community Builder,83.2786,0.9316,0.5046,0.8422,0.7389,0.8826,0.7373,0.6853,0.4944,0.8192,0.7520
ALPHA-87-849,57,Male,The Stoic Engineer,66.8862,0.5846,0.3189,0.6444,0.2915,0.9062,0.6532,0.6041,0.9517,0.2628,0.4877
ALPHA-70-560,56,Female,The Ambitious Entrepreneur,48.0250,0.8655,0.6518,0.3139,0.9004,0.7706,0.3779,0.2066,0.9041,0.8409,0.2934
ALPHA-16-293,45,Male,The Stoic Engineer,61.7026,0.5969,0.4693,0.2434,0.6327,0.9367,0.8998,0.6872,0.9233,0.1188,0.1448
ALPHA-00-415,16,Male,The Idealistic Activist,66.1448,0.5555,0.6430,0.8489,0.4042,0.2011,0.2900,0.3688,0.7334,0.6830,0.7605
ALPHA-04-174,20,Female,The Stoic Engineer,61.4225,0.5696,0.2831,0.7112,0.8868,0.7542,0.7221,0.5495,0.7818,0.2827,0.1634
ALPHA-68-003,46,Male,The Stoic Engineer,52.1795,0.4527,0.2928,0.3314,0.5398,0.7806,0.7689,0.6212,0.7945,0.3641,0.3037
ALPHA-37-250,37,Female,The Stoic Engineer,61.3659,0.4836,0.3844,0.8380,0.3229,0.7731,0.7283,0.5448,0.7299,0.3984,0.4041
ALPHA-28-526,78,Female,The Stoic Engineer,68.3640,0.4814,0.2453,0.5605,0.1027,0.6399,0.6937,0.7778,0.7687,0.3408,0.6104
ALPHA-67-766,52,Female,The Idealistic Activist,60.9683,0.5135,0.4723,0.7213,0.8562,0.5199,0.1887,0.3935,0.8234,0.9118,0.7571
ALPHA-60-684,38,Male,The Community Builder,70.3967,0.8683,0.5756,0.9568,0.1842,0.7689,0.4608,0.3799,0.1397,0.7137,0.5084
ALPHA-40-999,23,Male,The Stoic Engineer,59.2965,0.3692,0.2434,0.8834,0.8798,0.7907,0.7572,0.5001,0.8408,0.2473,0.3834
ALPHA-62-411,59,Male,The Idealistic Activist,52.0586,0.7266,0.1353,0.8127,0.4362,0.4787,0.4351,0.2737,0.1894,0.7595,0.1977
ALPHA-28-954,55,Male,The Community Builder,70.5717,0.8239,0.6009,0.8648,0.2668,0.1612,0.6887,0.6696,0.1938,0.8421,0.5683
ALPHA-92-219,59,Male,The Idealistic Activist,64.7408,0.8314,0.3319,0.9069,0.6489,0.8670,0.3085,0.3965,0.6208,0.8299,0.4135
ALPHA-38-192,40,Female,The Community Builder,69.4021,0.6895,0.3190,0.9626,0.1377,0.5844,0.4949,0.1333,0.7778,0.8777,0.8806
ALPHA-56-015,33,Male,The Community Builder,83.0193,0.6852,0.6557,0.8345,0.4512,0.6054,0.7780,0.8337,0.7702,0.8014,0.8787
ALPHA-96-091,47,Female,The Stoic Engineer,66.2232,0.5149,0.2913,0.3756,0.3835,0.7400,0.8732,0.8941,0.9290,0.3362,0.4819
ALPHA-17-180,25,Female,The Stoic Engineer,70.1683,0.5552,0.2153,0.4744,0.5841,0.9265,0.7822,0.8352,0.8878,0.3884,0.7240
ALPHA-53-428,47,Male,The Community Builder,70.0964,0.7165,0.1291,0.9066,0.6827,0.5004,0.5888,0.3775,0.4147,0.8854,0.5508
ALPHA-59-656,67,Female,The Community Builder,77.4472,0.8736,0.2641,0.7600,0.5333,0.6133,0.7125,0.8497,0.1107,0.8397,0.5218
ALPHA-99-640,36,Female,The Ambitious Entrepreneur,59.8143,0.5162,0.3306,0.8731,0.8173,0.7559,0.4214,0.1176,0.7770,0.6826,0.8889
ALPHA-73-199,29,Female,The Idealistic Activist,67.4688,0.8808,0.4146,0.9202,0.8662,0.2546,0.4412,0.3026,0.6044,0.6377,0.8893
ALPHA-24-716,48,Male,The Idealistic Activist,61.4922,0.8539,0.4657,0.8902,0.6421,0.2760,0.1446,0.4674,0.3122,0.8648,0.2982
ALPHA-42-755,48,Male,The Community Builder,76.4385,0.9301,0.2053,0.9589,0.2924,0.3166,0.7789,0.4440,0.5552,0.8635,0.7663
ALPHA-77-417,42,Female,The Idealistic Activist,62.9126,0.7339,0.7880,0.8935,0.6141,0.5363,0.2929,0.3425,0.2109,0.7143,0.7215
ALPHA-08-608,50,Female,The Stoic Engineer,54.8963,0.3274,0.4299,0.4545,0.8712,0.8588,0.6219,0.5653,0.8623,0.3309,0.1683
ALPHA-23-351,16,Male,The Community Builder,72.6380,0.8761,0.5671,0.7477,0.1987,0.4061,0.6194,0.2802,0.8482,0.7668,0.8875
ALPHA-19-202,47,Female,The Disillusioned Artist,43.3745,0.2601,0.8325,0.7386,0.4963,0.7641,0.1104,0.3603,0.4618,0.4027,0.1596
ALPHA-34-708,41,Female,The Stoic Engineer,65.0649,0.6632,0.4222,0.4173,0.6885,0.6717,0.9085,0.8706,0.9016,0.3226,0.3941
ALPHA-63-794,23,Female,The Disillusioned Artist,56.8093,0.4643,0.8246,0.6006,0.2296,0.8077,0.1383,0.5650,0.1214,0.3657,0.4141
ALPHA-30-365,39,Male,The Idealistic Activist,58.8913,0.8842,0.6711,0.9559,0.8968,0.6998,0.3248,0.4212,0.1783,0.6204,0.2918
ALPHA-02-957,43,Male,The Community Builder,77.2960,0.6351,0.6600,0.9448,0.8202,0.2196,0.5850,0.7623,0.2637,0.9886,0.7228
ALPHA-51-289,63,Male,The Idealistic Activist,52.5989,0.6932,0.4100,0.7124,0.1939,0.3574,0.2756,0.2564,0.4858,0.6106,0.2043
ALPHA-32-357,62,Female,The Ambitious Entrepreneur,57.0181,0.7185,0.4053,0.6775,0.9723,0.7251,0.4972,0.3879,0.7630,0.7607,0.1131
ALPHA-18-706,32,Female,The Community Builder,72.2674,0.9092,0.3482,0.7432,0.2327,0.2007,0.4322,0.6539,0.3651,0.7306,0.5198
ALPHA-78-107,32,Female,The Community Builder,71.0367,0.6080,0.5728,0.7218,0.3665,0.6461,0.7268,0.7507,0.5098,0.8137,0.6818
ALPHA-49-570,48,Female,The Ambitious Entrepreneur,45.6194,0.1717,0.7921,0.1356,0.9001,0.7116,0.4811,0.1824,0.9142,0.7126,0.7388
ALPHA-36-099,26,Female,The Community Builder,72.9026,0.7767,0.7959,0.8512,0.3577,0.7765,0.5743,0.5044,0.2095,0.8753,0.8196
ALPHA-21-789,27,Male,The Stoic Engineer,67.6286,0.4377,0.3700,0.3516,0.7695,0.9354,0.8460,0.6842,0.9127,0.3156,0.6006
ALPHA-98-821,52,Male,The Stoic Engineer,59.0943,0.4625,0.2200,0.2489,0.8780,0.6426,0.7949,0.8673,0.9026,0.3086,0.3739
ALPHA-87-916,16,Female,The Cautious Observer,58.7351,0.2667,0.7845,0.2328,0.7027,0.4210,0.6954,0.7031,0.3246,0.1140,0.4507
ALPHA-49-161,49,Female,The Disillusioned Artist,48.7246,0.4992,0.8461,0.6218,0.3277,0.7839,0.1367,0.3940,0.8926,0.5664,0.5234
ALPHA-54-249,44,Female,The Stoic Engineer,66.8494,0.4405,0.4778,0.5602,0.2020,0.9151,0.9113,0.7454,0.7964,0.2716,0.2972
ALPHA-44-512,30,Male,The Community Builder,73.9275,0.9105,0.2434,0.7365,0.2673,0.8451,0.6387,0.8973,0.1035,0.7510,0.6121
ALPHA-75-117,20,Female,The Cautious Observer,65.6523,0.3618,0.6439,0.5111,0.2899,0.3296,0.7837,0.7773,0.7580,0.3797,0.7831
ALPHA-01-612,59,Female,The Stoic Engineer,72.3555,0.5558,0.4595,0.6529,0.8164,0.8385,0.8971,0.6273,0.8919,0.3122,0.4452
ALPHA-84-754,72,Female,The Ambitious Entrepreneur,53.5325,0.7086,0.5446,0.4677,0.7811,0.4595,0.3496,0.2242,0.8803,0.7044,0.1707
ALPHA-76-935,43,Male,The Cautious Observer,65.6468,0.2230,0.8053,0.4830,0.5609,0.7869,0.6687,0.9784,0.4251,0.3054,0.3623
ALPHA-12-046,65,Female,The Cautious Observer,54.6607,0.3261,0.6522,0.4074,0.1140,0.7465,0.6426,0.8321,0.2441,0.3423,0.3448
ALPHA-23-298,66,Female,The Ambitious Entrepreneur,45.2673,0.7850,0.1090,0.3105,0.9180,0.5172,0.3898,0.2342,0.6479,0.8001,0.2282
ALPHA-38-713,78,Female,The Disillusioned Artist,64.6784,0.4442,0.5552,0.6730,0.3208,0.8097,0.3426,0.4780,0.5550,0.4050,0.7860
ALPHA-02-259,24,Male,The Community Builder,71.8528,0.8394,0.4391,0.9687,0.5518,0.4250,0.5149,0.5490,0.6343,0.7129,0.8045
ALPHA-46-765,29,Male,The Ambitious Entrepreneur,48.5521,0.4154,0.5664,0.1514,0.8228,0.2916,0.6456,0.3166,0.7519,0.6275,0.6556
ALPHA-58-217,17,Male,The Stoic Engineer,63.9090,0.6284,0.2740,0.3688,0.2620,0.6273,0.7538,0.5929,0.8153,0.3392,0.7058
ALPHA-79-269,34,Female,The Community Builder,76.8211,0.7887,0.4025,0.8890,0.7798,0.3402,0.6930,0.2655,0.2775,0.7408,0.8549
ALPHA-42-516,46,Female,The Disillusioned Artist,64.1176,0.4054,0.6222,0.7064,0.5950,0.9570,0.3669,0.2751,0.4228,0.2815,0.8542
ALPHA-70-496,44,Male,The Ambitious Entrepreneur,62.5103,0.8944,0.7979,0.7806,0.8696,0.6658,0.5057,0.2196,0.6545,0.8250,0.3584
ALPHA-31-669,28,Female,The Cautious Observer,59.0531,0.3714,0.8710,0.4464,0.1594,0.4251,0.6817,0.8087,0.6655,0.1219,0.3485
ALPHA-44-105,30,Male,The Disillusioned Artist,54.9699,0.3702,0.6740,0.7440,0.7976,0.7116,0.2462,0.3484,0.1965,0.4969,0.8966
ALPHA-98-953,49,Male,The Ambitious Entrepreneur,52.4281,0.4221,0.2208,0.5288,0.7137,0.5386,0.4678,0.1456,0.8991,0.5444,0.6217
ALPHA-19-727,41,Male,The Ambitious Entrepreneur,59.3366,0.4055,0.1708,0.3148,0.7122,0.5691,0.6634,0.3438,0.6713,0.8472,0.8173
ALPHA-53-650,34,Female,The Stoic Engineer,69.1441,0.4682,0.2184,0.6497,0.7700,0.7664,0.8304,0.6309,0.9897,0.1458,0.4964
ALPHA-06-322,28,Male,The Disillusioned Artist,50.5011,0.2542,0.7427,0.4966,0.8292,0.8333,0.3851,0.5933,0.4948,0.5692,0.3368
ALPHA-01-242,22,Male,The Disillusioned Artist,44.4264,0.2912,0.8015,0.4077,0.3524,0.7730,0.2540,0.3686,0.7444,0.5501,0.3954
ALPHA-30-644,39,Male,The Ambitious Entrepreneur,59.0861,0.2837,0.4663,0.7832,0.8787,0.8821,0.3703,0.3360,0.9104,0.8463,0.8734
ALPHA-05-389,39,Female,The Community Builder,69.7568,0.7352,0.6857,0.7656,0.4958,0.2653,0.5049,0.2583,0.5205,0.9663,0.8970
ALPHA-04-913,34,Male,The Cautious Observer,71.7001,0.2551,0.8590,0.8205,0.6802,0.3279,0.8437,0.8028,0.8380,0.3453,0.8595
ALPHA-26-033,44,Male,The Stoic Engineer,61.0323,0.5015,0.2158,0.1775,0.4186,0.6110,0.7892,0.7905,0.7014,0.1375,0.1785
ALPHA-19-192,65,Female,The Cautious Observer,54.2367,0.4489,0.9079,0.1417,0.3573,0.6245,0.6029,0.8331,0.4789,0.2218,0.3066
ALPHA-90-206,30,Male,The Ambitious Entrepreneur,62.7951,0.7044,0.3217,0.7621,0.7268,0.1349,0.6370,0.3570,0.6200,0.5162,0.3957
ALPHA-56-437,20,Female,The Stoic Engineer,66.6466,0.3812,0.2807,0.8571,0.6046,0.7521,0.6025,0.6991,0.8467,0.1803,0.4295
ALPHA-35-538,47,Female,The Cautious Observer,62.3899,0.3017,0.9215,0.5693,0.1454,0.2196,0.6227,0.8658,0.2002,0.1011,0.3826
ALPHA-57-883,31,Female,The Idealistic Activist,52.5644,0.5530,0.2915,0.9047,0.3155,0.8348,0.4422,0.2094,0.2744,0.9206,0.1845
ALPHA-87-116,35,Female,The Stoic Engineer,60.9774,0.4651,0.3829,0.2269,0.6813,0.9087,0.8192,0.7731,0.9069,0.1731,0.5834
ALPHA-28-280,26,Male,The Cautious Observer,73.8770,0.4499,0.6900,0.7600,0.4646,0.2050,0.7059,0.7628,0.3880,0.3264,0.8488
ALPHA-08-016,33,Male,The Community Builder,73.1252,0.8644,0.3691,0.9784,0.7810,0.5408,0.5347,0.2267,0.3973,0.7789,0.6107
ALPHA-28-805,28,Male,The Stoic Engineer,67.2255,0.4601,0.3394,0.3032,0.6090,0.6088,0.7918,0.8927,0.7979,0.3136,0.3924
ALPHA-65-913,22,Male,The Disillusioned Artist,43.2827,0.4409,0.8104,0.5352,0.1553,0.7837,0.2281,0.3420,0.4871,0.5939,0.2811
ALPHA-23-513,64,Male,The Community Builder,80.8901,0.6905,0.5598,0.7361,0.3241,0.7583,0.7569,0.8641,0.5642,0.8154,0.8898
ALPHA-33-343,29,Male,The Stoic Engineer,64.4821,0.4693,0.3326,0.5991,0.3047,0.8506,0.6051,0.7088,0.9210,0.2109,0.7834
ALPHA-27-520,48,Female,The Community Builder,69.7656,0.6552,0.2876,0.9000,0.3430,0.6001,0.5935,0.1791,0.3156,0.7685,0.6636
ALPHA-62-584,75,Male,The Cautious Observer,61.7225,0.3210,0.8116,0.5527,0.1605,0.7018,0.6563,0.9372,0.7348,0.1650,0.1784
ALPHA-50-000,38,Male,The Cautious Observer,52.7690,0.4171,0.7168,0.1144,0.6492,0.1184,0.7448,0.7838,0.2386,0.3803,0.1862
ALPHA-97-102,35,Female,The Idealistic Activist,56.2948,0.5350,0.5416,0.8607,0.1724,0.6723,0.3914,0.3080,0.4756,0.8293,0.1026
ALPHA-27-850,53,Male,The Disillusioned Artist,55.0415,0.4301,0.5785,0.6844,0.3630,0.9705,0.3304,0.5402,0.8267,0.3781,0.1039
ALPHA-10-711,68,Female,The Stoic Engineer,68.8266,0.4226,0.4685,0.4961,0.2027,0.8244,0.6767,0.7342,0.8079,0.3049,0.8970
ALPHA-47-807,64,Female,The Stoic Engineer,63.6923,0.4056,0.3462,0.8421,0.6005,0.8871,0.6382,0.8148,0.7115,0.1491,0.5251
ALPHA-96-919,52,Female,The Community Builder,73.1182,0.9088,0.1232,0.7787,0.2345,0.2152,0.5095,0.5911,0.5365,0.9070,0.5969
ALPHA-92-932,23,Female,The Community Builder,61.5427,0.7647,0.1529,0.9087,0.8074,0.3866,0.5103,0.1093,0.2180,0.8963,0.7660
ALPHA-71-175,34,Female,The Disillusioned Artist,50.0960,0.4153,0.6131,0.4850,0.6464,0.9597,0.2114,0.2953,0.3120,0.3602,0.7739
ALPHA-22-606,36,Female,The Ambitious Entrepreneur,44.7265,0.4098,0.8863,0.3071,0.7889,0.6518,0.3357,0.1508,0.7101,0.7153,0.5591
ALPHA-57-440,16,Female,The Stoic Engineer,72.9088,0.3436,0.3173,0.5905,0.6499,0.8906,0.9103,0.6933,0.8709,0.3438,0.8095
ALPHA-81-701,73,Male,The Community Builder,67.8819,0.6523,0.3628,0.9535,0.3406,0.1073,0.7417,0.3239,0.2205,0.8506,0.5192
ALPHA-59-865,49,Female,The Ambitious Entrepreneur,62.4068,0.6638,0.2582,0.7513,0.9411,0.2706,0.5951,0.1781,0.9469,0.5724,0.3732
ALPHA-96-550,38,Female,The Community Builder,77.5557,0.8908,0.5607,0.9239,0.2140,0.7457,0.6635,0.8811,0.1967,0.7040,0.6555
ALPHA-88-801,41,Male,The Idealistic Activist,57.0860,0.7120,0.2636,0.9415,0.8617,0.6674,0.2134,0.3036,0.5081,0.8653,0.3698
ALPHA-15-063,48,Female,The Idealistic Activist,63.0670,0.6622,0.8006,0.8526,0.6007,0.7583,0.3394,0.4613,0.8148,0.7412,0.4593
ALPHA-71-630,50,Male,The Ambitious Entrepreneur,59.8032,0.7181,0.7349,0.6818,0.8570,0.8532,0.5038,0.1349,0.9321,0.6869,0.6116
ALPHA-57-331,29,Male,The Ambitious Entrepreneur,41.8649,0.3861,0.4894,0.1836,0.9874,0.1650,0.5276,0.3611,0.6711,0.8303,0.2710
ALPHA-61-757,83,Female,The Stoic Engineer,66.4058,0.4700,0.4310,0.2839,0.3178,0.8113,0.7773,0.6113,0.9167,0.1616,0.6296
ALPHA-38-963,48,Male,The Disillusioned Artist,52.0102,0.3037,0.8259,0.6732,0.2414,0.7379,0.1683,0.3214,0.8429,0.3857,0.4043
ALPHA-32-431,53,Male,The Stoic Engineer,76.3168,0.3421,0.4194,0.7914,0.8226,0.7232,0.9461,0.7598,0.7861,0.3315,0.7422
ALPHA-00-130,62,Female,The Disillusioned Artist,48.8995,0.3608,0.8126,0.6349,0.3104,0.9366,0.3440,0.2105,0.8541,0.4085,0.4404
ALPHA-10-609,66,Female,The Cautious Observer,70.0503,0.2337,0.6846,0.3918,0.1058,0.4285,0.8375,0.9418,0.8511,0.1972,0.7791
ALPHA-03-214,41,Female,The Cautious Observer,59.6074,0.4330,0.6105,0.8307,0.1505,0.4629,0.7484,0.7196,0.8271,0.2833,0.1206
ALPHA-56-230,39,Female,The Idealistic Activist,63.1127,0.5383,0.2786,0.9715,0.8503,0.5231,0.2168,0.2798,0.3058,0.9470,0.6258
ALPHA-40-057,32,Female,The Disillusioned Artist,54.9573,0.1395,0.8058,0.7178,0.6344,0.9835,0.2848,0.5956,0.4074,0.5029,0.6775
ALPHA-52-836,41,Female,The Stoic Engineer,65.0886,0.4268,0.2161,0.4596,0.3938,0.8803,0.7986,0.6505,0.9189,0.1892,0.8338
ALPHA-29-066,50,Female,The Stoic Engineer,70.2849,0.6971,0.3941,0.5271,0.7080,0.9480,0.7605,0.7660,0.7852,0.2514,0.2814
ALPHA-31-736,59,Female,The Idealistic Activist,57.0142,0.7655,0.3428,0.8199,0.4687,0.7745,0.4014,0.3898,0.3445,0.7585,0.3646
ALPHA-19-026,57,Male,The Disillusioned Artist,49.4867,0.1940,0.5898,0.4051,0.1053,0.9451,0.2204,0.4787,0.2323,0.5076,0.8172
ALPHA-38-507,17,Male,The Community Builder,64.4051,0.6196,0.1917,0.9697,0.7228,0.7866,0.5111,0.1755,0.6010,0.9850,0.8677
ALPHA-39-254,42,Female,The Disillusioned Artist,58.5984,0.2221,0.8032,0.7536,0.7181,0.7155,0.2117,0.5996,0.5323,0.4520,0.6325
ALPHA-73-497,32,Female,The Community Builder,70.7052,0.6878,0.8422,0.9200,0.8130,0.8246,0.7422,0.6878,0.6314,0.8957,0.5437
ALPHA-47-538,49,Female,The Cautious Observer,62.5732,0.4114,0.7443,0.4595,0.7452,0.5713,0.8089,0.7348,0.5076,0.3780,0.2971
ALPHA-24-461,47,Female,The Community Builder,75.7591,0.9425,0.8238,0.8557,0.1640,0.7234,0.4231,0.4798,0.4801,0.7515,0.8430
ALPHA-37-418,50,Female,The Cautious Observer,62.6808,0.3138,0.9386,0.5289,0.2394,0.8108,0.8056,0.7515,0.4025,0.3666,0.6330
ALPHA-88-763,33,Female,The Disillusioned Artist,53.6221,0.3134,0.7794,0.6102,0.3122,0.7529,0.2017,0.4541,0.8220,0.4189,0.7348
ALPHA-55-964,44,Female,The Disillusioned Artist,53.1007,0.1469,0.5390,0.4781,0.8578,0.9245,0.3933,0.2426,0.8466,0.4845,0.8289
ALPHA-77-618,30,Female,The Idealistic Activist,65.0613,0.6588,0.4476,0.9334,0.3629,0.4151,0.4109,0.2027,0.8626,0.7814,0.5102
ALPHA-90-345,45,Female,The Cautious Observer,71.0897,0.4686,0.7376,0.5724,0.1952,0.3336,0.7392,0.9481,0.8857,0.2178,0.7405
ALPHA-55-854,62,Female,The Community Builder,75.3350,0.8340,0.1954,0.9158,0.3333,0.6156,0.6691,0.2219,0.8985,0.7213,0.7329
ALPHA-19-628,56,Female,The Disillusioned Artist,51.4519,0.2831,0.8372,0.7225,0.2755,0.9174,0.3166,0.4030,0.1546,0.2025,0.2789
ALPHA-05-334,36,Female,The Stoic Engineer,65.0721,0.6908,0.2661,0.2003,0.3918,0.6848,0.8900,0.6577,0.7006,0.3691,0.5585
ALPHA-48-721,37,Female,The Ambitious Entrepreneur,47.8692,0.1625,0.7316,0.5749,0.9532,0.4434,0.5722,0.1342,0.9461,0.6662,0.1186
ALPHA-71-420,42,Female,The Community Builder,70.2430,0.7873,0.4385,0.8052,0.6603,0.7125,0.6629,0.1831,0.4587,0.7282,0.7625
ALPHA-74-420,40,Male,The Disillusioned Artist,40.1023,0.1729,0.8682,0.6707,0.4423,0.7006,0.1519,0.3164,0.6952,0.4913,0.1608
ALPHA-83-317,51,Female,The Cautious Observer,64.6925,0.4840,0.9013,0.8739,0.4963,0.7919,0.8139,0.7930,0.2707,0.3343,0.2914
ALPHA-32-604,42,Male,The Community Builder,71.6684,0.8762,0.6345,0.8780,0.5128,0.5386,0.5139,0.3243,0.4395,0.9712,0.6766
ALPHA-85-565,45,Male,The Stoic Engineer,60.5854,0.3343,0.3507,0.5680,0.5872,0.8982,0.8813,0.6617,0.9843,0.1350,0.3070
ALPHA-54-973,35,Male,The Stoic Engineer,69.2568,0.4465,0.2416,0.8759,0.2893,0.6891,0.7637,0.7885,0.8443,0.2976,0.7146
ALPHA-02-551,50,Male,The Community Builder,74.0328,0.7500,0.6201,0.7805,0.2114,0.4714,0.6144,0.6519,0.5910,0.8400,0.7758
ALPHA-32-878,44,Female,The Cautious Observer,63.9732,0.3498,0.9046,0.2559,0.6867,0.4862,0.8444,0.8636,0.3400,0.1847,0.5478
ALPHA-65-197,30,Female,The Community Builder,76.2971,0.6300,0.7173,0.7093,0.5713,0.3601,0.4274,0.8714,0.3548,0.8486,0.8628
ALPHA-83-900,32,Male,The Disillusioned Artist,58.8694,0.3527,0.7356,0.6555,0.3124,0.7128,0.1917,0.3526,0.5323,0.2943,0.8480
ALPHA-38-830,49,Female,The Cautious Observer,73.4741,0.4178,0.6774,0.5021,0.2062,0.2960,0.8649,0.7982,0.7806,0.1163,0.8223
ALPHA-23-492,46,Male,The Stoic Engineer,73.1009,0.6751,0.4386,0.8687,0.8509,0.6461,0.6399,0.6083,0.8822,0.3974,0.7577
ALPHA-71-644,57,Male,The Idealistic Activist,61.2071,0.6040,0.3486,0.7044,0.7679,0.7793,0.4539,0.3177,0.2376,0.9174,0.6982
ALPHA-62-307,35,Male,The Community Builder,72.0290,0.8349,0.6758,0.7181,0.7323,0.3758,0.6710,0.3073,0.2633,0.8890,0.6673
ALPHA-33-280,54,Male,The Community Builder,70.3140,0.6200,0.2218,0.7766,0.4438,0.2738,0.5377,0.7959,0.3086,0.8223,0.6629
ALPHA-52-719,58,Female,The Disillusioned Artist,45.8457,0.2823,0.5481,0.4641,0.7326,0.8074,0.1411,0.5735,0.4446,0.2933,0.1294
ALPHA-89-249,47,Male,The Community Builder,73.5888,0.6717,0.8782,0.8292,0.8290,0.8938,0.7145,0.7310,0.8151,0.7012,0.6669
ALPHA-10-092,56,Female,The Stoic Engineer,58.2445,0.4696,0.2446,0.3124,0.7009,0.8701,0.6627,0.6380,0.8390,0.2336,0.3423
ALPHA-31-451,31,Male,The Cautious Observer,60.7330,0.4017,0.7406,0.2707,0.1193,0.6369,0.6120,0.7774,0.8851,0.3667,0.4472
ALPHA-42-233,30,Male,The Community Builder,75.0556,0.7468,0.7206,0.8201,0.3731,0.2652,0.6491,0.8282,0.4435,0.9659,0.6128
ALPHA-14-694,47,Female,The Stoic Engineer,55.1157,0.4338,0.3283,0.4573,0.5164,0.6144,0.8420,0.5743,0.8575,0.3138,0.1709
ALPHA-56-327,30,Male,The Ambitious Entrepreneur,47.4862,0.7012,0.1938,0.2718,0.9465,0.8634,0.4345,0.1260,0.6064,0.8804,0.2318
ALPHA-83-551,64,Male,The Cautious Observer,65.9474,0.4442,0.8455,0.6071,0.6562,0.8241,0.6848,0.9370,0.6452,0.3905,0.1663
ALPHA-90-110,46,Female,The Idealistic Activist,62.5005,0.6998,0.6765,0.9234,0.5068,0.6426,0.4620,0.4394,0.7434,0.9188,0.4986
ALPHA-34-301,29,Female,The Cautious Observer,75.9005,0.4025,0.9352,0.8532,0.2410,0.4484,0.7959,0.7839,0.6812,0.1184,0.5644
ALPHA-83-287,20,Female,The Community Builder,75.1642,0.7816,0.7880,0.9242,0.4388,0.8395,0.6000,0.8845,0.6738,0.8192,0.6828
ALPHA-73-055,28,Male,The Idealistic Activist,65.6470,0.5910,0.4598,0.8587,0.5373,0.8218,0.4541,0.4199,0.5580,0.8433,0.3888
ALPHA-32-168,61,Male,The Community Builder,68.9673,0.7940,0.4436,0.9149,0.3866,0.5383,0.5803,0.7212,0.5845,0.7471,0.5511
ALPHA-45-626,16,Female,The Ambitious Entrepreneur,65.8825,0.7665,0.8047,0.7766,0.7412,0.4593,0.4048,0.3889,0.7378,0.8750,0.6630
ALPHA-00-941,30,Female,The Community Builder,61.3836,0.8582,0.1839,0.7615,0.6868,0.5125,0.5183,0.2358,0.4124,0.8828,0.5846
ALPHA-40-389,52,Male,The Stoic Engineer,72.2270,0.4325,0.4691,0.6822,0.6759,0.8543,0.9135,0.6882,0.7678,0.2166,0.5166
ALPHA-65-226,26,Male,The Cautious Observer,62.5830,0.2969,0.8316,0.4310,0.1098,0.6727,0.6397,0.8810,0.7437,0.1997,0.2802
ALPHA-67-961,61,Female,The Cautious Observer,64.0464,0.3826,0.8881,0.4549,0.7003,0.5708,0.8011,0.7038,0.6666,0.1748,0.5012
ALPHA-05-942,37,Female,The Ambitious Entrepreneur,44.0958,0.1043,0.8239,0.1443,0.7354,0.6472,0.5674,0.3486,0.8252,0.6079,0.4987
ALPHA-27-970,16,Male,The Stoic Engineer,67.3314,0.4288,0.3908,0.8023,0.2411,0.6979,0.6190,0.8722,0.8006,0.1077,0.6765
ALPHA-62-113,43,Female,The Idealistic Activist,63.7981,0.8107,0.7544,0.8103,0.5794,0.5642,0.3846,0.2041,0.2438,0.7823,0.7327
ALPHA-01-603,41,Female,The Ambitious Entrepreneur,52.8731,0.3757,0.8711,0.6002,0.9468,0.5119,0.3372,0.1492,0.6964,0.7000,0.8179
ALPHA-06-921,21,Male,The Ambitious Entrepreneur,66.5876,0.7743,0.4921,0.8369,0.9841,0.8433,0.6651,0.3656,0.6822,0.6802,0.2244
ALPHA-46-916,47,Male,The Ambitious Entrepreneur,45.6722,0.2272,0.8843,0.5988,0.8027,0.4889,0.5239,0.1205,0.8485,0.5650,0.1175
ALPHA-84-507,31,Male,The Community Builder,70.7111,0.6534,0.4002,0.8038,0.3147,0.8869,0.7254,0.7974,0.8398,0.9073,0.6000
ALPHA-34-815,43,Female,The Ambitious Entrepreneur,51.3797,0.3249,0.2572,0.4130,0.7853,0.1679,0.5766,0.2860,0.7895,0.5074,0.6224
ALPHA-84-104,33,Female,The Community Builder,69.3296,0.6352,0.7843,0.7239,0.2328,0.1409,0.4431,0.8607,0.5708,0.7899,0.6693
ALPHA-45-422,56,Female,The Stoic Engineer,74.0365,0.6307,0.3495,0.8263,0.1592,0.6707,0.7565,0.5458,0.9524,0.2181,0.5877
ALPHA-80-541,65,Male,The Community Builder,67.5460,0.8325,0.2856,0.9565,0.4764,0.2114,0.7096,0.3001,0.1962,0.8054,0.6469
ALPHA-53-283,53,Male,The Community Builder,71.2551,0.9346,0.2713,0.9484,0.3613,0.3314,0.5984,0.2545,0.7943,0.9070,0.8353
ALPHA-95-282,31,Male,The Cautious Observer,56.2027,0.2347,0.9010,0.1034,0.5750,0.6539,0.6166,0.9216,0.4516,0.3324,0.3592
ALPHA-93-068,44,Male,The Ambitious Entrepreneur,49.9673,0.5100,0.3646,0.7306,0.9202,0.5386,0.4566,0.3117,0.8914,0.6121,0.2697
ALPHA-54-753,56,Female,The Community Builder,72.9242,0.8317,0.3758,0.7639,0.6553,0.4716,0.4621,0.2917,0.2163,0.9242,0.8681
ALPHA-48-965,49,Female,The Disillusioned Artist,60.4309,0.4399,0.5440,0.5531,0.7434,0.9005,0.2553,0.5590,0.3604,0.4405,0.8714
ALPHA-99-350,48,Male,The Disillusioned Artist,47.1385,0.3436,0.8440,0.5677,0.4253,0.7144,0.3871,0.2515,0.5038,0.5528,0.1672
ALPHA-05-367,41,Male,The Community Builder,75.0069,0.8582,0.5109,0.9415,0.5703,0.5244,0.6706,0.6079,0.5094,0.7868,0.6600
ALPHA-09-148,25,Male,The Community Builder,72.0979,0.8446,0.5485,0.8055,0.3819,0.7076,0.4974,0.4752,0.3815,0.8758,0.6164
ALPHA-34-416,36,Male,The Stoic Engineer,73.6987,0.3215,0.3811,0.7513,0.2739,0.7293,0.9268,0.5972,0.9650,0.1363,0.6898
ALPHA-09-146,35,Male,The Community Builder,66.4676,0.6138,0.3147,0.8494,0.2264,0.3987,0.5669,0.6588,0.8098,0.8709,0.6328
ALPHA-18-398,54,Female,The Cautious Observer,72.0892,0.4404,0.8037,0.8742,0.3676,0.3921,0.7511,0.9504,0.7174,0.3521,0.7770
ALPHA-78-707,46,Male,The Disillusioned Artist,50.3647,0.2480,0.5632,0.6944,0.6917,0.8680,0.1617,0.4202,0.1413,0.3681,0.6753
ALPHA-87-871,29,Male,The Disillusioned Artist,43.3737,0.1476,0.7609,0.6541,0.6727,0.7929,0.2543,0.2494,0.4273,0.2677,0.2929
ALPHA-95-821,51,Male,The Disillusioned Artist,45.8382,0.1547,0.7785,0.5765,0.5710,0.8260,0.1821,0.5449,0.5884,0.2019,0.5066
ALPHA-08-199,56,Female,The Ambitious Entrepreneur,53.9482,0.3322,0.8450,0.7693,0.8224,0.8476,0.3781,0.1670,0.7378,0.8724,0.7668
ALPHA-76-737,24,Male,The Idealistic Activist,60.3057,0.7878,0.1290,0.8065,0.8864,0.5224,0.4307,0.4545,0.7551,0.7925,0.4809
ALPHA-48-177,48,Male,The Ambitious Entrepreneur,58.5216,0.3485,0.1662,0.8723,0.7888,0.8920,0.5606,0.1980,0.6674,0.5045,0.3359
ALPHA-40-120,46,Male,The Cautious Observer,59.3784,0.2873,0.6297,0.5794,0.5981,0.2367,0.8341,0.9536,0.6018,0.1875,0.2811
ALPHA-21-395,47,Female,The Community Builder,65.1158,0.6173,0.8663,0.8184,0.5372,0.7099,0.6347,0.2930,0.3359,0.7243,0.8133
ALPHA-88-837,52,Female,The Cautious Observer,70.4801,0.4983,0.6013,0.8415,0.7369,0.3168,0.6998,0.8220,0.1977,0.3915,0.5078
ALPHA-31-321,76,Male,The Idealistic Activist,55.2706,0.6690,0.3084,0.7846,0.7346,0.5506,0.3002,0.4476,0.7977,0.6286,0.1237
ALPHA-31-708,61,Male,The Ambitious Entrepreneur,54.3882,0.3759,0.7535,0.8599,0.7453,0.6088,0.3910,0.1594,0.7435,0.5835,0.1750
ALPHA-74-998,60,Female,The Cautious Observer,68.2519,0.4500,0.9060,0.6572,0.2139,0.1125,0.7805,0.8311,0.1494,0.2414,0.4655
ALPHA-42-584,45,Male,The Cautious Observer,60.6786,0.2888,0.8926,0.4845,0.4475,0.1758,0.8979,0.7634,0.6219,0.1523,0.6000
ALPHA-58-279,34,Female,The Stoic Engineer,70.2219,0.6928,0.4364,0.4584,0.7470,0.8562,0.8076,0.7088,0.7960,0.3063,0.6174
ALPHA-31-765,44,Male,The Disillusioned Artist,47.8354,0.2670,0.5007,0.5777,0.2100,0.9799,0.2495,0.2263,0.8456,0.4162,0.3725
ALPHA-93-007,43,Male,The Community Builder,81.0478,0.9445,0.6938,0.9584,0.7668,0.4687,0.4494,0.8817,0.3690,0.8143,0.7100
ALPHA-71-304,54,Female,The Idealistic Activist,57.1188,0.7498,0.8145,0.8935,0.1384,0.2752,0.2303,0.2376,0.4573,0.6049,0.6758
ALPHA-34-806,43,Female,The Ambitious Entrepreneur,44.9343,0.1246,0.7876,0.1971,0.7586,0.4023,0.4993,0.1568,0.7284,0.6357,0.8453
ALPHA-43-719,32,Male,The Cautious Observer,69.7092,0.4464,0.8790,0.6517,0.4998,0.2957,0.6723,0.9804,0.5119,0.1401,0.6902
ALPHA-56-052,54,Female,The Cautious Observer,70.5094,0.3238,0.6140,0.5790,0.8253,0.2579,0.7666,0.9053,0.8013,0.2119,0.7536
ALPHA-27-739,60,Female,The Ambitious Entrepreneur,45.0660,0.2743,0.8644,0.3604,0.9194,0.7323,0.4047,0.1817,0.7045,0.5787,0.4144
ALPHA-47-517,64,Female,The Ambitious Entrepreneur,54.1009,0.7846,0.6142,0.3584,0.9217,0.4296,0.3784,0.2629,0.9156,0.8080,0.7700
ALPHA-21-064,61,Male,The Stoic Engineer,62.1252,0.3044,0.2103,0.5201,0.5669,0.7809,0.6695,0.6961,0.8020,0.1303,0.8902
ALPHA-33-927,53,Male,The Disillusioned Artist,56.7426,0.4627,0.8140,0.7453,0.8599,0.9478,0.2468,0.4278,0.8451,0.4171,0.7396
ALPHA-59-192,49,Female,The Cautious Observer,71.3883,0.2864,0.7573,0.6808,0.5931,0.3912,0.6155,0.8647,0.2080,0.2083,0.7976
ALPHA-44-386,49,Female,The Cautious Observer,66.9788,0.4846,0.7202,0.3891,0.2160,0.3860,0.6262,0.7876,0.8008,0.3407,0.5876
ALPHA-37-950,35,Female,The Cautious Observer,62.1260,0.4641,0.6126,0.1987,0.1189,0.4057,0.7421,0.8522,0.7053,0.3654,0.7463
ALPHA-65-003,28,Female,The Cautious Observer,59.6596,0.4370,0.8606,0.7749,0.7803,0.4410,0.7266,0.7650,0.1257,0.1115,0.2442
ALPHA-98-195,54,Female,The Stoic Engineer,60.1717,0.6415,0.2773,0.1599,0.5633,0.7444,0.8056,0.6496,0.8090,0.3604,0.7363
ALPHA-23-913,45,Male,The Idealistic Activist,58.8591,0.5442,0.5097,0.8330,0.1498,0.2092,0.3175,0.2716,0.3113,0.9452,0.3613
ALPHA-21-816,32,Male,The Community Builder,66.7929,0.7620,0.6475,0.7053,0.3402,0.5024,0.4978,0.6578,0.8259,0.7090,0.6942
ALPHA-33-594,29,Male,The Ambitious Entrepreneur,51.6593,0.1966,0.4814,0.7552,0.9734,0.6252,0.4891,0.2062,0.7865,0.8192,0.4591
ALPHA-45-250,60,Female,The Disillusioned Artist,38.5783,0.2752,0.7988,0.5994,0.1746,0.7268,0.1937,0.2301,0.6948,0.3498,0.1902
ALPHA-11-872,69,Male,The Cautious Observer,62.8157,0.2569,0.7954,0.6196,0.8786,0.6052,0.7760,0.8684,0.6022,0.3102,0.3011
ALPHA-13-716,45,Male,The Ambitious Entrepreneur,53.1061,0.3670,0.1506,0.6370,0.9832,0.7973,0.5551,0.1823,0.8905,0.8809,0.2022
ALPHA-68-276,46,Male,The Disillusioned Artist,41.4620,0.1037,0.6329,0.6567,0.6905,0.7781,0.3861,0.2263,0.5854,0.3646,0.3702
ALPHA-33-110,58,Female,The Stoic Engineer,62.9885,0.3220,0.3341,0.6361,0.6985,0.6052,0.7648,0.5811,0.8968,0.2230,0.2582
ALPHA-52-396,38,Female,The Ambitious Entrepreneur,53.9630,0.5402,0.7760,0.4589,0.7676,0.6888,0.6590,0.1788,0.8055,0.7925,0.3295
ALPHA-62-126,59,Female,The Ambitious Entrepreneur,45.6852,0.7463,0.3717,0.3400,0.8674,0.8366,0.4220,0.1494,0.6454,0.8861,0.3628
ALPHA-94-469,63,Male,The Stoic Engineer,71.8360,0.6443,0.3032,0.7284,0.7938,0.9070,0.7547,0.5731,0.7829,0.2324,0.8547
ALPHA-26-897,44,Male,The Disillusioned Artist,52.3443,0.3062,0.6077,0.7256,0.5468,0.7554,0.1821,0.2324,0.1983,0.3950,0.8452
ALPHA-26-005,54,Male,The Ambitious Entrepreneur,51.8560,0.5768,0.4509,0.4978,0.8370,0.5935,0.4784,0.3528,0.7261,0.5878,0.5185
ALPHA-55-966,64,Male,The Ambitious Entrepreneur,57.4673,0.7362,0.6464,0.8887,0.7486,0.7057,0.5540,0.1861,0.7296,0.5759,0.1378
ALPHA-14-080,43,Male,The Stoic Engineer,63.3679,0.6344,0.3405,0.3782,0.1746,0.7816,0.7864,0.5326,0.7501,0.1062,0.2607
ALPHA-95-701,43,Male,The Ambitious Entrepreneur,65.2338,0.8568,0.3663,0.5698,0.9037,0.7644,0.6318,0.1108,0.8583,0.6280,0.7679
ALPHA-71-491,26,Male,The Idealistic Activist,63.3358,0.7684,0.1229,0.8519,0.6672,0.4823,0.2135,0.4184,0.3632,0.6112,0.4132
ALPHA-28-411,16,Male,The Community Builder,65.6171,0.6835,0.4364,0.7940,0.7589,0.3220,0.4002,0.7722,0.8789,0.9395,0.6214
ALPHA-06-083,75,Female,The Cautious Observer,53.0815,0.2194,0.8224,0.1115,0.7482,0.8675,0.7998,0.8373,0.2148,0.1802,0.2523
ALPHA-36-135,34,Female,The Idealistic Activist,58.1595,0.6698,0.6376,0.7665,0.5754,0.7101,0.4496,0.2719,0.1211,0.7106,0.4378
ALPHA-13-175,55,Male,The Idealistic Activist,74.1312,0.8122,0.7518,0.8708,0.3323,0.4206,0.3462,0.4705,0.4522,0.7056,0.8367
ALPHA-56-631,42,Male,The Disillusioned Artist,54.5424,0.2092,0.8205,0.6255,0.7632,0.9309,0.2183,0.4888,0.5582,0.5796,0.8181
ALPHA-71-416,36,Female,The Stoic Engineer,64.5869,0.4564,0.3985,0.5743,0.7064,0.7462,0.6968,0.8012,0.8065,0.2370,0.3419
ALPHA-08-242,49,Male,The Community Builder,67.2323,0.7556,0.3092,0.7820,0.3929,0.2819,0.6314,0.6601,0.4970,0.7553,0.5031
ALPHA-97-877,34,Female,The Disillusioned Artist,49.4195,0.1780,0.6089,0.7614,0.7822,0.7658,0.3281,0.2051,0.5699,0.5255,0.4558
ALPHA-95-901,51,Female,The Stoic Engineer,57.6034,0.3986,0.4229,0.2743,0.3443,0.7822,0.7505,0.8436,0.8845,0.1087,0.4582
ALPHA-30-690,58,Female,The Stoic Engineer,66.3781,0.3082,0.3667,0.8933,0.2742,0.6833,0.9302,0.7695,0.7253,0.2894,0.2598
ALPHA-38-114,29,Female,The Cautious Observer,55.9017,0.3283,0.7309,0.7142,0.3929,0.4891,0.7613,0.7298,0.7196,0.3519,0.1853
ALPHA-92-071,41,Female,The Disillusioned Artist,53.4291,0.1119,0.7609,0.7449,0.4370,0.8284,0.3602,0.4969,0.5554,0.2930,0.8194
ALPHA-26-426,44,Female,The Idealistic Activist,50.1243,0.6849,0.3823,0.7857,0.7553,0.5801,0.2135,0.3188,0.1413,0.7646,0.1695
ALPHA-85-338,65,Female,The Community Builder,71.5282,0.8273,0.4186,0.9734,0.6829,0.3448,0.6433,0.6454,0.4150,0.8208,0.6080
ALPHA-34-212,32,Female,The Disillusioned Artist,47.7308,0.1526,0.6914,0.6363,0.7030,0.8018,0.2494,0.5095,0.3869,0.2305,0.5377
ALPHA-36-321,55,Female,The Stoic Engineer,62.1241,0.4306,0.3335,0.3037,0.7584,0.9348,0.8505,0.6700,0.7921,0.3845,0.3286
ALPHA-84-208,39,Male,The Ambitious Entrepreneur,53.1733,0.5935,0.6791,0.2691,0.8427,0.6796,0.5955,0.3089,0.6368,0.8545,0.6857
ALPHA-47-796,27,Female,The Stoic Engineer,72.0888,0.4354,0.4769,0.6865,0.1208,0.8914,0.8981,0.7312,0.9411,0.2872,0.4736
ALPHA-03-414,23,Female,The Ambitious Entrepreneur,51.7901,0.6604,0.5433,0.4252,0.8747,0.5053,0.3770,0.1964,0.7194,0.6494,0.7139
ALPHA-72-170,25,Female,The Disillusioned Artist,56.1070,0.2146,0.6561,0.6560,0.1755,0.8219,0.3576,0.4874,0.1859,0.4311,0.7705
ALPHA-43-537,43,Female,The Stoic Engineer,63.8964,0.5535,0.3147,0.2089,0.7793,0.8166,0.6041,0.6698,0.7018,0.3151,0.7115
ALPHA-91-039,49,Male,The Cautious Observer,68.1198,0.2116,0.8162,0.8343,0.5234,0.7895,0.8768,0.8734,0.5546,0.2574,0.6778
ALPHA-06-675,57,Male,The Stoic Engineer,70.5088,0.5747,0.2073,0.6727,0.2980,0.7566,0.7750,0.5082,0.8379,0.1037,0.8772
ALPHA-14-108,57,Female,The Ambitious Entrepreneur,47.2387,0.7176,0.5704,0.2653,0.8835,0.3289,0.6472,0.1184,0.7060,0.7339,0.2932
ALPHA-64-256,36,Female,The Cautious Observer,57.9799,0.3777,0.8187,0.3087,0.3444,0.2471,0.6854,0.8123,0.2765,0.1423,0.2005
ALPHA-10-280,39,Female,The Idealistic Activist,57.8452,0.8566,0.3369,0.8844,0.5847,0.6873,0.2224,0.2236,0.8648,0.6227,0.2818
ALPHA-51-247,44,Female,The Ambitious Entrepreneur,45.8614,0.4028,0.8595,0.2769,0.8379,0.6863,0.4024,0.3840,0.9003,0.7632,0.4716
ALPHA-63-376,60,Male,The Stoic Engineer,66.2401,0.5875,0.4769,0.8010,0.6902,0.6291,0.6387,0.5712,0.8929,0.3437,0.4189
ALPHA-82-966,43,Male,The Stoic Engineer,51.9232,0.3351,0.2054,0.2093,0.7819,0.7466,0.8575,0.6693,0.8854,0.1849,0.1130
ALPHA-86-430,45,Female,The Cautious Observer,61.4614,0.3663,0.8321,0.5564,0.6611,0.6335,0.6948,0.8149,0.7235,0.1582,0.4221
ALPHA-93-849,48,Female,The Ambitious Entrepreneur,50.6076,0.1932,0.2624,0.7724,0.7109,0.6535,0.3302,0.2876,0.7020,0.6929,0.6441
ALPHA-33-842,36,Male,The Ambitious Entrepreneur,53.9975,0.8868,0.3148,0.3183,0.8145,0.5618,0.3428,0.3532,0.7812,0.7208,0.2475
ALPHA-52-592,51,Male,The Disillusioned Artist,50.8871,0.4079,0.6659,0.4238,0.5751,0.9517,0.1839,0.4005,0.1326,0.5689,0.5687
ALPHA-69-437,30,Female,The Stoic Engineer,60.7399,0.3694,0.2132,0.1017,0.2544,0.6142,0.8179,0.7490,0.9334,0.1180,0.5889
ALPHA-12-493,48,Male,The Community Builder,65.4979,0.6659,0.2573,0.8727,0.7265,0.2983,0.4491,0.6239,0.8229,0.8997,0.5437
ALPHA-55-786,69,Female,The Ambitious Entrepreneur,53.0138,0.1305,0.1377,0.3042,0.8672,0.6544,0.3925,0.3987,0.9358,0.8002,0.8355
ALPHA-49-471,37,Male,The Stoic Engineer,72.7797,0.6804,0.2800,0.3897,0.6347,0.7047,0.8631,0.8574,0.9879,0.2949,0.4244
ALPHA-76-677,16,Female,The Disillusioned Artist,48.3898,0.4776,0.6445,0.6794,0.4964,0.8553,0.1683,0.2808,0.2542,0.2834,0.5429
ALPHA-75-290,53,Male,The Ambitious Entrepreneur,48.0935,0.6817,0.2754,0.1008,0.8620,0.1772,0.3552,0.2333,0.8112,0.5545,0.3168
ALPHA-76-869,16,Male,The Idealistic Activist,45.3603,0.5190,0.1765,0.9373,0.1848,0.6634,0.1225,0.2264,0.4298,0.6833,0.1983
ALPHA-53-119,19,Female,The Cautious Observer,71.0491,0.4011,0.7528,0.7933,0.2679,0.5659,0.6129,0.8605,0.2379,0.1073,0.5645
ALPHA-25-797,54,Male,The Disillusioned Artist,53.5210,0.2021,0.7505,0.6929,0.3657,0.8259,0.1944,0.2350,0.6031,0.2975,0.5949
ALPHA-00-362,38,Male,The Community Builder,74.6220,0.6760,0.3224,0.9675,0.2289,0.2714,0.6807,0.7177,0.6837,0.7286,0.8581
ALPHA-21-070,72,Male,The Cautious Observer,55.6339,0.2822,0.7475,0.2859,0.7908,0.6705,0.7877,0.7075,0.3229,0.1943,0.2374
ALPHA-18-898,22,Male,The Idealistic Activist,61.5851,0.8877,0.7669,0.8522,0.7933,0.2826,0.4998,0.2735,0.7812,0.8669,0.5120
ALPHA-49-196,25,Male,The Idealistic Activist,54.8881,0.6471,0.4782,0.9426,0.8878,0.3726,0.1078,0.4539,0.1459,0.6710,0.3444
ALPHA-83-552,40,Female,The Idealistic Activist,58.8103,0.7254,0.7569,0.7563,0.3218,0.1778,0.4171,0.3574,0.6107,0.7027,0.2465
ALPHA-62-809,16,Male,The Ambitious Entrepreneur,51.3756,0.3403,0.3487,0.2490,0.7417,0.1052,0.5753,0.2580,0.7591,0.5094,0.4078
ALPHA-93-097,39,Female,The Disillusioned Artist,46.9774,0.2258,0.6530,0.5504,0.4030,0.9594,0.1207,0.2137,0.2924,0.2520,0.7873
ALPHA-14-374,46,Female,The Disillusioned Artist,52.0221,0.2680,0.8612,0.6481,0.1513,0.8662,0.1884,0.2535,0.6219,0.3938,0.5096
ALPHA-54-619,75,Female,The Community Builder,76.7005,0.7057,0.6768,0.8934,0.2287,0.1462,0.5291,0.7874,0.6981,0.8616,0.5930
ALPHA-35-539,36,Male,The Idealistic Activist,55.2538,0.5084,0.5566,0.7520,0.8341,0.2469,0.3808,0.4900,0.8180,0.8272,0.5472
ALPHA-66-340,46,Female,The Cautious Observer,67.2922,0.2006,0.8044,0.8784,0.1381,0.8673,0.7371,0.8122,0.6491,0.1699,0.2712
ALPHA-08-122,56,Male,The Cautious Observer,58.7274,0.3281,0.9072,0.5298,0.2648,0.4940,0.7659,0.9182,0.7907,0.3753,0.2524
ALPHA-92-367,38,Male,The Cautious Observer,66.9212,0.2931,0.6551,0.2282,0.7017,0.8198,0.8903,0.9547,0.1462,0.1073,0.8166
ALPHA-82-154,53,Female,The Community Builder,68.1418,0.7551,0.2386,0.8751,0.1160,0.6369,0.6653,0.3819,0.2903,0.7083,0.7656
ALPHA-52-398,50,Male,The Disillusioned Artist,60.8029,0.4812,0.8006,0.6263,0.5617,0.8207,0.2647,0.2630,0.3913,0.3652,0.8018
ALPHA-37-320,30,Female,The Stoic Engineer,75.2743,0.6535,0.3613,0.7134,0.8548,0.6896,0.8545,0.6680,0.9193,0.2989,0.8432
ALPHA-86-658,63,Male,The Community Builder,71.7329,0.7855,0.7008,0.8862,0.6428,0.7008,0.7896,0.5856,0.4706,0.9535,0.6056
ALPHA-17-961,21,Female,The Community Builder,81.1406,0.7867,0.1961,0.9153,0.1978,0.8899,0.6587,0.5301,0.8528,0.8912,0.8853
ALPHA-73-528,53,Male,The Ambitious Entrepreneur,55.6705,0.5552,0.2382,0.6468,0.9515,0.8169,0.6921,0.1168,0.7255,0.5301,0.4967
ALPHA-85-618,39,Female,The Cautious Observer,64.3333,0.2007,0.6996,0.1944,0.3919,0.4341,0.7087,0.9078,0.3187,0.2294,0.7513
ALPHA-65-698,49,Male,The Community Builder,73.4935,0.8246,0.1222,0.7863,0.7922,0.3015,0.6316,0.8984,0.6107,0.7970,0.5709
ALPHA-40-852,37,Female,The Disillusioned Artist,53.4975,0.4589,0.8279,0.6200,0.8877,0.8217,0.3998,0.2230,0.8949,0.4799,0.2061
ALPHA-21-288,44,Male,The Ambitious Entrepreneur,58.6022,0.4053,0.5921,0.6688,0.8045,0.4350,0.3941,0.3451,0.7815,0.8195,0.7868
ALPHA-31-341,38,Female,The Cautious Observer,66.9984,0.4161,0.8287,0.2718,0.4150,0.3228,0.7125,0.7880,0.4506,0.3796,0.8143
ALPHA-12-016,53,Male,The Disillusioned Artist,55.8667,0.1035,0.6465,0.4389,0.2876,0.7449,0.2653,0.4567,0.8495,0.4531,0.8221
ALPHA-02-440,34,Male,The Ambitious Entrepreneur,38.5060,0.4796,0.3345,0.1461,0.8694,0.3620,0.3024,0.3805,0.6991,0.8633,0.1553
ALPHA-10-446,56,Male,The Disillusioned Artist,54.1896,0.2459,0.8556,0.7356,0.5136,0.8877,0.1371,0.2127,0.2986,0.3068,0.8345
ALPHA-72-253,50,Female,The Idealistic Activist,65.9865,0.5838,0.4586,0.9225,0.4073,0.7926,0.1962,0.2411,0.3217,0.6540,0.8315
ALPHA-75-072,26,Female,The Cautious Observer,67.4680,0.3232,0.6358,0.8254,0.5626,0.4675,0.6273,0.8452,0.8255,0.3010,0.5024
ALPHA-24-944,51,Female,The Disillusioned Artist,51.4499,0.4344,0.6087,0.7996,0.4549,0.7916,0.3818,0.2308,0.7356,0.3047,0.4590
ALPHA-85-280,26,Female,The Community Builder,70.6155,0.9309,0.7230,0.9647,0.5584,0.5922,0.4967,0.4867,0.4943,0.8866,0.7118
ALPHA-67-424,33,Male,The Idealistic Activist,61.2635,0.7842,0.7917,0.9820,0.4543,0.6443,0.3176,0.2519,0.2211,0.8488,0.7336
ALPHA-37-066,41,Female,The Disillusioned Artist,51.2321,0.2183,0.7148,0.4751,0.4227,0.7349,0.1401,0.5623,0.2169,0.3216,0.7940
ALPHA-77-503,28,Male,The Ambitious Entrepreneur,47.6217,0.2619,0.2173,0.8228,0.9127,0.6604,0.5116,0.2134,0.8106,0.5423,0.2348
ALPHA-87-958,35,Female,The Disillusioned Artist,47.4570,0.3418,0.5590,0.5041,0.2148,0.8846,0.1846,0.2274,0.2322,0.3762,0.8874
ALPHA-28-514,31,Male,The Disillusioned Artist,45.6616,0.1709,0.8883,0.4203,0.4671,0.9294,0.2280,0.4460,0.3354,0.2460,0.4060
ALPHA-42-776,42,Male,The Idealistic Activist,58.5645,0.8120,0.7239,0.8037,0.8349,0.2579,0.2869,0.4533,0.1067,0.6817,0.2951
ALPHA-97-968,38,Male,The Cautious Observer,71.0435,0.4768,0.7995,0.8736,0.6087,0.1496,0.7571,0.8362,0.6139,0.3600,0.5125
ALPHA-29-848,47,Female,The Disillusioned Artist,61.6495,0.1982,0.5768,0.7891,0.2476,0.9658,0.3214,0.5232,0.6969,0.2456,0.8704
ALPHA-76-837,50,Female,The Cautious Observer,60.6356,0.4773,0.8005,0.1108,0.2843,0.1912,0.8867,0.7329,0.3505,0.3126,0.3832
ALPHA-73-828,24,Female,The Ambitious Entrepreneur,62.1295,0.8117,0.4563,0.4511,0.9122,0.8787,0.6104,0.2686,0.7985,0.7491,0.8692
ALPHA-64-913,42,Male,The Disillusioned Artist,53.4748,0.3690,0.7754,0.5973,0.4230,0.9805,0.1283,0.4787,0.4330,0.3634,0.5313
ALPHA-67-437,39,Female,The Ambitious Entrepreneur,47.6300,0.2006,0.3973,0.5770,0.9092,0.8839,0.3415,0.2074,0.6602,0.5823,0.7470
ALPHA-03-688,74,Male,The Community Builder,77.0916,0.7851,0.8782,0.7306,0.1140,0.3100,0.7958,0.8259,0.4841,0.8690,0.5890
ALPHA-62-346,47,Male,The Cautious Observer,56.9462,0.3704,0.8271,0.4452,0.1819,0.5358,0.6658,0.9171,0.6149,0.3455,0.2028
ALPHA-37-041,39,Female,The Disillusioned Artist,51.4232,0.1606,0.5310,0.5389,0.8352,0.8918,0.3579,0.5824,0.1539,0.4712,0.1407
ALPHA-72-528,46,Female,The Cautious Observer,70.0876,0.3526,0.7463,0.6758,0.3887,0.8585,0.7960,0.8648,0.7080,0.2243,0.6073
ALPHA-58-243,47,Male,The Disillusioned Artist,44.6243,0.2027,0.8744,0.4922,0.5209,0.7146,0.1985,0.4031,0.1439,0.5158,0.3156
ALPHA-61-800,16,Male,The Community Builder,79.7827,0.9135,0.2157,0.7456,0.8045,0.3915,0.7326,0.8628,0.6219,0.9622,0.7138
ALPHA-23-812,61,Female,The Ambitious Entrepreneur,51.7174,0.2303,0.5261,0.2461,0.8533,0.4694,0.6304,0.3310,0.8728,0.6142,0.6753
ALPHA-85-909,22,Male,The Stoic Engineer,76.8776,0.5157,0.2717,0.8045,0.4216,0.7669,0.8019,0.8834,0.9585,0.1249,0.4852
ALPHA-64-687,39,Female,The Idealistic Activist,55.9055,0.5964,0.7784,0.8302,0.5116,0.1443,0.4075,0.2586,0.6978,0.6804,0.4050
ALPHA-48-036,41,Male,The Ambitious Entrepreneur,53.9613,0.7365,0.4931,0.3329,0.8799,0.7335,0.6851,0.1188,0.6629,0.8145,0.5328
ALPHA-08-158,48,Male,The Cautious Observer,57.3611,0.3024,0.6943,0.4013,0.5937,0.7709,0.8273,0.9466,0.1334,0.1036,0.2140
ALPHA-17-578,52,Male,The Disillusioned Artist,60.8259,0.4221,0.7096,0.5995,0.8949,0.7761,0.1041,0.5338,0.2560,0.4792,0.8875
ALPHA-68-522,23,Female,The Idealistic Activist,64.5850,0.6729,0.8948,0.8257,0.3252,0.4582,0.2702,0.4654,0.4851,0.7155,0.4684
ALPHA-30-786,21,Male,The Stoic Engineer,69.3023,0.5937,0.2633,0.6577,0.5496,0.8880,0.8645,0.7573,0.7820,0.2830,0.4961
ALPHA-48-465,51,Male,The Idealistic Activist,58.2177,0.6603,0.7676,0.7776,0.2671,0.4582,0.3819,0.3347,0.3590,0.8373,0.5318
ALPHA-88-207,42,Male,The Cautious Observer,72.7884,0.4520,0.7644,0.4869,0.1658,0.8265,0.7954,0.8200,0.2859,0.1372,0.8102
ALPHA-28-336,32,Male,The Ambitious Entrepreneur,45.6825,0.2536,0.2735,0.2884,0.7367,0.6208,0.4586,0.1713,0.9296,0.5993,0.4974
ALPHA-18-105,34,Female,The Disillusioned Artist,43.0183,0.1280,0.5504,0.4770,0.4097,0.7961,0.1227,0.4339,0.3808,0.4022,0.5866
ALPHA-90-105,38,Female,The Stoic Engineer,66.2395,0.3213,0.3444,0.4804,0.3600,0.7417,0.6421,0.5073,0.8946,0.3158,0.7990
ALPHA-75-119,34,Male,The Cautious Observer,59.3455,0.2425,0.8535,0.2891,0.1556,0.3005,0.7091,0.9682,0.2706,0.2134,0.2033
ALPHA-56-689,42,Male,The Cautious Observer,68.8994,0.4488,0.8395,0.4598,0.3627,0.7065,0.8719,0.9753,0.7413,0.3651,0.8136
ALPHA-61-194,36,Male,The Stoic Engineer,75.6906,0.5386,0.3005,0.4996,0.1250,0.6728,0.8043,0.8183,0.8399,0.3271,0.7523
ALPHA-16-625,16,Male,The Cautious Observer,60.4173,0.4398,0.6846,0.2322,0.1610,0.2279,0.7618,0.7088,0.3364,0.2527,0.4453
ALPHA-47-167,35,Female,The Community Builder,60.2940,0.7103,0.1487,0.7938,0.4085,0.7684,0.4304,0.2360,0.7363,0.7776,0.7957
ALPHA-89-248,34,Male,The Idealistic Activist,63.3177,0.7236,0.2226,0.8512,0.1814,0.4864,0.2204,0.3902,0.8588,0.7334,0.8458
ALPHA-44-451,22,Male,The Idealistic Activist,66.5462,0.6856,0.1949,0.9308,0.4419,0.4494,0.3252,0.4938,0.7894,0.6519,0.3961
ALPHA-89-947,48,Female,The Idealistic Activist,61.1799,0.6070,0.4000,0.7702,0.2292,0.5434,0.3770,0.3533,0.7744,0.8650,0.5810
ALPHA-60-396,24,Female,The Disillusioned Artist,48.1673,0.3598,0.8489,0.6442,0.4578,0.7113,0.2859,0.3391,0.7660,0.2865,0.3696
ALPHA-68-190,64,Female,The Idealistic Activist,63.8532,0.7923,0.2515,0.9361,0.5069,0.2883,0.3425,0.4925,0.3982,0.9358,0.2776
ALPHA-54-224,51,Male,The Cautious Observer,74.2674,0.3779,0.6072,0.7009,0.8086,0.7942,0.6937,0.8187,0.7214,0.3401,0.7970
ALPHA-45-843,40,Male,The Cautious Observer,64.3855,0.4991,0.9411,0.2631,0.3430,0.6847,0.8241,0.8521,0.2265,0.2608,0.4438
ALPHA-83-634,66,Female,The Idealistic Activist,65.4412,0.8513,0.7606,0.9788,0.4511,0.3192,0.4743,0.4425,0.8520,0.9177,0.4883
ALPHA-15-005,35,Male,The Cautious Observer,66.2643,0.4271,0.8740,0.2947,0.2069,0.4400,0.8892,0.9559,0.2925,0.1961,0.5526
ALPHA-05-294,54,Female,The Stoic Engineer,61.0025,0.5591,0.3133,0.1078,0.8546,0.6020,0.9334,0.5529,0.8449,0.3064,0.5778
ALPHA-22-459,52,Male,The Community Builder,72.8322,0.7552,0.7394,0.9826,0.5841,0.1131,0.4257,0.3903,0.4366,0.9143,0.7415
ALPHA-45-576,42,Male,The Stoic Engineer,77.0567,0.5783,0.4232,0.8028,0.2001,0.6635,0.9059,0.5841,0.7110,0.2070,0.8053
ALPHA-91-340,37,Female,The Cautious Observer,64.3410,0.4529,0.9264,0.3597,0.1495,0.7992,0.8321,0.9369,0.2042,0.3817,0.2270
ALPHA-24-906,50,Female,The Ambitious Entrepreneur,63.4969,0.7012,0.7192,0.7217,0.7537,0.8172,0.4809,0.1616,0.9137,0.8414,0.7475
ALPHA-84-066,17,Male,The Stoic Engineer,63.8172,0.5666,0.3547,0.4622,0.2283,0.8518,0.7558,0.7203,0.7678,0.2399,0.4820
ALPHA-54-735,57,Male,The Idealistic Activist,59.4258,0.6509,0.7383,0.7008,0.7759,0.2870,0.4978,0.4699,0.5393,0.6690,0.1631
ALPHA-99-414,19,Male,The Cautious Observer,61.7543,0.3526,0.9075,0.4873,0.4027,0.7718,0.7048,0.8149,0.8939,0.3843,0.2565
ALPHA-11-190,34,Female,The Stoic Engineer,69.5046,0.6736,0.2188,0.4740,0.4663,0.8649,0.8698,0.6510,0.9327,0.1987,0.3742
ALPHA-01-258,68,Female,The Ambitious Entrepreneur,49.1699,0.2243,0.7201,0.8165,0.7539,0.7403,0.5447,0.1767,0.8219,0.8556,0.1101
ALPHA-09-615,42,Female,The Idealistic Activist,61.0824,0.5205,0.8800,0.7289,0.6036,0.5390,0.1195,0.3947,0.4615,0.7327,0.6924
ALPHA-53-522,44,Male,The Community Builder,75.4871,0.8504,0.3444,0.9401,0.1278,0.4606,0.5821,0.5653,0.6516,0.9515,0.8263
ALPHA-73-818,27,Male,The Stoic Engineer,72.9815,0.6213,0.4269,0.8568,0.5670,0.8118,0.9017,0.6361,0.9317,0.3630,0.3087
ALPHA-52-492,59,Female,The Cautious Observer,61.8424,0.3504,0.6811,0.2170,0.7195,0.2734,0.8658,0.8693,0.2324,0.2200,0.2964
ALPHA-02-921,52,Female,The Ambitious Entrepreneur,49.5571,0.8444,0.2903,0.2140,0.8599,0.2565,0.3879,0.1917,0.7100,0.5342,0.2548
ALPHA-14-054,38,Female,The Ambitious Entrepreneur,48.0661,0.2882,0.4563,0.4054,0.8041,0.6815,0.6143,0.1250,0.7177,0.6141,0.7281
ALPHA-55-252,52,Male,The Community Builder,78.2729,0.7663,0.6351,0.7398,0.5412,0.2892,0.6359,0.7410,0.3805,0.8381,0.7789
ALPHA-68-103,57,Female,The Community Builder,74.0865,0.7074,0.4460,0.9125,0.2049,0.1398,0.5348,0.6348,0.7842,0.9558,0.7885
ALPHA-22-034,35,Female,The Idealistic Activist,63.0794,0.6503,0.8656,0.9323,0.4025,0.4946,0.3414,0.3074,0.7254,0.8843,0.3814
ALPHA-56-545,45,Male,The Stoic Engineer,67.8047,0.5572,0.3313,0.3076,0.1234,0.6263,0.9464,0.8414,0.9564,0.1692,0.4716
ALPHA-62-410,16,Female,The Stoic Engineer,71.5440,0.3368,0.3640,0.3293,0.5155,0.6744,0.9480,0.7156,0.9009,0.2995,0.8421
ALPHA-09-544,23,Female,The Cautious Observer,70.8340,0.4560,0.6866,0.8767,0.6504,0.2968,0.8379,0.7871,0.6970,0.1404,0.5958
ALPHA-68-661,53,Female,The Cautious Observer,60.7065,0.3115,0.9154,0.3984,0.5616,0.5919,0.6550,0.8169,0.8678,0.1269,0.7736
ALPHA-32-667,52,Female,The Stoic Engineer,56.2598,0.6328,0.4039,0.2998,0.4318,0.9393,0.7459,0.5393,0.7119,0.2606,0.4451
ALPHA-09-071,31,Male,The Idealistic Activist,61.2836,0.6176,0.6583,0.7420,0.5702,0.1448,0.3519,0.2498,0.7263,0.8067,0.7043
ALPHA-08-110,50,Male,The Disillusioned Artist,56.5560,0.4578,0.7557,0.7301,0.2046,0.8435,0.3434,0.2071,0.5637,0.3654,0.6501
ALPHA-32-843,32,Male,The Idealistic Activist,56.3034,0.8876,0.4224,0.8245,0.4822,0.8663,0.1176,0.2207,0.7622,0.6960,0.7005
ALPHA-62-919,34,Female,The Cautious Observer,62.8319,0.3523,0.6842,0.8236,0.5001,0.3095,0.8239,0.7279,0.1636,0.3939,0.2308
ALPHA-77-681,49,Male,The Stoic Engineer,60.3909,0.3503,0.2105,0.4434,0.6003,0.6196,0.7671,0.6189,0.7203,0.3231,0.7260
ALPHA-25-402,56,Male,The Cautious Observer,59.5611,0.3050,0.6262,0.4112,0.8915,0.5853,0.8212,0.8683,0.3474,0.2382,0.3626
ALPHA-04-156,54,Female,The Stoic Engineer,53.6298,0.6084,0.2630,0.1974,0.1913,0.8687,0.6793,0.6370,0.7513,0.2989,0.2353
ALPHA-55-606,49,Male,The Stoic Engineer,55.9442,0.6275,0.3039,0.3922,0.4640,0.9309,0.8511,0.6786,0.7613,0.3106,0.1257
ALPHA-59-498,34,Male,The Ambitious Entrepreneur,48.9998,0.2766,0.3349,0.8329,0.9605,0.3109,0.3290,0.3265,0.6123,0.8476,0.4485
ALPHA-19-984,53,Male,The Ambitious Entrepreneur,52.1060,0.6030,0.6756,0.2155,0.9410,0.5493,0.4167,0.3447,0.8246,0.7914,0.5750
ALPHA-11-594,42,Male,The Stoic Engineer,65.3619,0.5334,0.4621,0.7874,0.1140,0.9315,0.6599,0.8264,0.7154,0.1563,0.3212
ALPHA-13-520,26,Female,The Cautious Observer,69.9808,0.2152,0.6520,0.8263,0.4058,0.3736,0.7416,0.9317,0.6519,0.2692,0.8643
ALPHA-96-319,37,Female,The Idealistic Activist,63.1983,0.8074,0.8792,0.8078,0.4896,0.6324,0.4399,0.3679,0.8472,0.7008,0.6002
ALPHA-26-632,36,Female,The Cautious Observer,65.8686,0.4102,0.8689,0.6092,0.3142,0.6669,0.6914,0.7685,0.8957,0.2324,0.3373
ALPHA-39-969,21,Female,The Community Builder,68.9005,0.8571,0.5680,0.7581,0.3350,0.5216,0.4395,0.6668,0.4363,0.7137,0.7240
ALPHA-21-794,32,Male,The Cautious Observer,63.4481,0.3578,0.8768,0.3756,0.8216,0.7038,0.8502,0.8837,0.1684,0.1437,0.4318
ALPHA-94-758,27,Male,The Idealistic Activist,57.4104,0.6893,0.6118,0.7450,0.2673,0.7631,0.1135,0.4934,0.2582,0.6150,0.3227
ALPHA-81-905,43,Male,The Stoic Engineer,73.3011,0.5188,0.4368,0.4875,0.7458,0.7410,0.9114,0.8437,0.7423,0.2431,0.8104
ALPHA-46-217,23,Male,The Cautious Observer,75.0903,0.3713,0.8161,0.8431,0.4613,0.8067,0.7431,0.7320,0.7844,0.3610,0.8878
ALPHA-87-979,46,Female,The Disillusioned Artist,60.1731,0.4531,0.8529,0.4668,0.6031,0.9863,0.3788,0.3234,0.5213,0.3644,0.8585
ALPHA-49-923,51,Female,The Ambitious Entrepreneur,61.4964,0.6920,0.6959,0.8255,0.9698,0.6324,0.3649,0.3223,0.6691,0.5961,0.7366
ALPHA-32-273,41,Female,The Cautious Observer,62.2010,0.4361,0.7509,0.2472,0.2824,0.8578,0.8526,0.7165,0.4081,0.2024,0.8710
ALPHA-97-846,52,Male,The Community Builder,65.8189,0.8297,0.1154,0.7007,0.5052,0.3939,0.6624,0.3314,0.1579,0.8794,0.5705
ALPHA-03-462,33,Male,The Stoic Engineer,61.2891,0.4123,0.3360,0.3187,0.3275,0.6907,0.7631,0.6130,0.7582,0.1391,0.7013
ALPHA-69-395,48,Male,The Idealistic Activist,54.2601,0.5911,0.1929,0.7724,0.7121,0.3675,0.2015,0.4790,0.8667,0.7032,0.1296
ALPHA-68-711,68,Male,The Community Builder,73.7787,0.8865,0.6891,0.8958,0.3276,0.6765,0.5273,0.8050,0.3153,0.7510,0.6608
ALPHA-38-143,36,Female,The Disillusioned Artist,52.5756,0.4837,0.6139,0.5385,0.2558,0.7008,0.1696,0.4994,0.7909,0.3348,0.6781
ALPHA-73-999,34,Female,The Community Builder,81.1445,0.8336,0.7857,0.8737,0.7651,0.7580,0.6467,0.7208,0.6260,0.9806,0.8959
ALPHA-28-981,48,Male,The Ambitious Entrepreneur,46.8111,0.4690,0.3044,0.4237,0.8873,0.3787,0.3438,0.1178,0.8295,0.6653,0.3454
ALPHA-11-095,54,Female,The Idealistic Activist,65.6813,0.5769,0.2323,0.9764,0.8442,0.6446,0.1551,0.4960,0.4018,0.7479,0.8226
ALPHA-27-098,48,Male,The Cautious Observer,59.6319,0.4817,0.6259,0.1719,0.4102,0.2863,0.7862,0.8300,0.4077,0.2109,0.2418
ALPHA-52-834,51,Male,The Community Builder,69.0921,0.9424,0.5695,0.7173,0.7097,0.5302,0.7874,0.4099,0.3256,0.9247,0.5877
ALPHA-85-284,37,Male,The Cautious Observer,72.8419,0.4587,0.6445,0.7589,0.4085,0.8271,0.6806,0.9691,0.4825,0.1161,0.5965
ALPHA-52-130,64,Male,The Community Builder,69.4773,0.8631,0.6727,0.9641,0.2319,0.6086,0.4994,0.3349,0.5980,0.8620,0.5039
ALPHA-77-009,77,Female,The Idealistic Activist,56.4719,0.5532,0.5068,0.9817,0.1433,0.6040,0.3723,0.2218,0.5165,0.7267,0.3678
ALPHA-68-359,19,Female,The Idealistic Activist,52.0870,0.6928,0.8019,0.7655,0.5606,0.7200,0.4440,0.3829,0.5934,0.6380,0.1866
ALPHA-23-034,39,Female,The Cautious Observer,75.6981,0.3088,0.7264,0.7353,0.3209,0.2392,0.7687,0.9756,0.2394,0.2646,0.8436
ALPHA-49-605,37,Female,The Disillusioned Artist,48.9856,0.1525,0.7713,0.5371,0.7778,0.8014,0.1852,0.3656,0.6661,0.5381,0.6609
ALPHA-82-112,51,Male,The Disillusioned Artist,53.4390,0.3581,0.7614,0.7277,0.8343,0.7520,0.2118,0.4006,0.5351,0.2724,0.5344
ALPHA-93-385,43,Male,The Idealistic Activist,55.3972,0.7670,0.2390,0.8654,0.6271,0.7938,0.1087,0.4603,0.5734,0.8424,0.2067
ALPHA-28-505,33,Male,The Idealistic Activist,62.0563,0.5830,0.3896,0.8052,0.4925,0.4852,0.4388,0.3199,0.4558,0.7647,0.5355
ALPHA-80-437,32,Female,The Ambitious Entrepreneur,48.1219,0.6297,0.2731,0.2994,0.9606,0.7772,0.3545,0.2682,0.9240,0.5601,0.3777
ALPHA-94-382,60,Female,The Community Builder,81.4809,0.8662,0.5086,0.9008,0.5099,0.6658,0.4898,0.8294,0.4127,0.9461,0.7646
ALPHA-01-562,65,Male,The Community Builder,62.9087,0.7374,0.8011,0.7617,0.3816,0.6942,0.4025,0.1561,0.5620,0.7149,0.7646
ALPHA-10-059,16,Male,The Idealistic Activist,64.5945,0.6608,0.3744,0.9844,0.5486,0.1125,0.2266,0.4869,0.7611,0.9475,0.5823
ALPHA-53-580,36,Male,The Ambitious Entrepreneur,62.4299,0.8126,0.6626,0.7879,0.8110,0.8936,0.3475,0.3159,0.6936,0.8877,0.7270
ALPHA-34-045,43,Male,The Community Builder,76.9780,0.8111,0.3563,0.9775,0.3340,0.6663,0.7688,0.4463,0.4971,0.7199,0.6542
ALPHA-98-859,16,Male,The Disillusioned Artist,52.8718,0.2274,0.5165,0.5435,0.7149,0.8288,0.2742,0.4301,0.4764,0.2666,0.5871
ALPHA-05-126,32,Female,The Community Builder,74.1140,0.8061,0.2723,0.9316,0.8306,0.5702,0.5478,0.6364,0.3093,0.9038,0.6797
ALPHA-81-219,52,Male,The Stoic Engineer,66.7557,0.5461,0.2197,0.7296,0.2397,0.8393,0.9026,0.6126,0.7491,0.1956,0.4580
ALPHA-95-139,85,Female,The Community Builder,69.1961,0.6631,0.6492,0.7665,0.2683,0.8897,0.5683,0.4930,0.1162,0.7025,0.6488
ALPHA-25-099,53,Female,The Idealistic Activist,72.5665,0.7564,0.6215,0.9578,0.3787,0.8957,0.4906,0.4172,0.6486,0.6874,0.7690
ALPHA-36-838,39,Female,The Cautious Observer,64.3750,0.2690,0.6902,0.7330,0.3855,0.4151,0.8235,0.7692,0.2975,0.3266,0.3503
ALPHA-62-939,62,Female,The Idealistic Activist,51.9949,0.5767,0.2080,0.7145,0.1732,0.1974,0.2873,0.2972,0.6941,0.9199,0.2253
ALPHA-90-764,33,Male,The Community Builder,63.8806,0.6794,0.8301,0.7805,0.3914,0.4553,0.6908,0.3130,0.1034,0.8918,0.6475
ALPHA-35-521,25,Female,The Cautious Observer,60.3215,0.3605,0.6418,0.1450,0.6089,0.6880,0.6146,0.8881,0.6879,0.1430,0.4330
ALPHA-54-534,32,Male,The Ambitious Entrepreneur,57.9664,0.6775,0.8133,0.5281,0.8190,0.3222,0.3237,0.3909,0.6798,0.5581,0.8050
ALPHA-73-534,49,Male,The Community Builder,68.6364,0.9321,0.6572,0.8324,0.8328,0.5622,0.6589,0.5405,0.4581,0.8573,0.5536
ALPHA-25-405,51,Female,The Stoic Engineer,63.2304,0.3777,0.4157,0.3529,0.2862,0.6907,0.7712,0.8501,0.8074,0.1666,0.8218
ALPHA-19-293,25,Male,The Community Builder,71.7803,0.6438,0.4627,0.8960,0.2160,0.7138,0.5303,0.5953,0.4027,0.9493,0.5022
ALPHA-69-230,38,Male,The Disillusioned Artist,54.7005,0.1664,0.6414,0.7099,0.8729,0.9270,0.1968,0.5637,0.5267,0.4880,0.7946
ALPHA-46-075,54,Female,The Ambitious Entrepreneur,65.4953,0.7854,0.8778,0.3047,0.7872,0.3671,0.6067,0.3233,0.8906,0.8974,0.7812
ALPHA-97-483,42,Male,The Disillusioned Artist,41.8471,0.2407,0.5541,0.5139,0.1903,0.8682,0.3529,0.5182,0.8770,0.3753,0.1239
ALPHA-26-190,39,Female,The Cautious Observer,68.9868,0.3714,0.7882,0.1543,0.1443,0.3991,0.7156,0.9392,0.2526,0.3743,0.7584
ALPHA-90-077,53,Male,The Community Builder,70.7053,0.7935,0.6055,0.8857,0.4639,0.6329,0.4804,0.7876,0.4443,0.7716,0.6329
ALPHA-13-802,16,Female,The Cautious Observer,66.5949,0.4177,0.7030,0.3434,0.6521,0.4269,0.7268,0.9027,0.7522,0.1584,0.5499
ALPHA-09-870,36,Male,The Disillusioned Artist,50.0051,0.2940,0.6870,0.5152,0.6626,0.7247,0.2989,0.4591,0.1731,0.4312,0.7622
ALPHA-06-603,45,Male,The Community Builder,70.2560,0.7536,0.7343,0.7481,0.5042,0.7237,0.5959,0.8640,0.5586,0.7984,0.6391
ALPHA-33-776,53,Female,The Ambitious Entrepreneur,51.2400,0.3752,0.7329,0.7874,0.7430,0.1910,0.4557,0.3987,0.7500,0.5325,0.3449
ALPHA-02-775,24,Female,The Ambitious Entrepreneur,48.2078,0.2887,0.3960,0.6867,0.8232,0.4207,0.6649,0.2825,0.9464,0.6401,0.1403
ALPHA-75-995,49,Female,The Community Builder,65.3376,0.6220,0.5977,0.9142,0.6701,0.2646,0.7610,0.2675,0.3963,0.7644,0.7494
ALPHA-34-516,53,Male,The Cautious Observer,64.3686,0.3863,0.9201,0.4937,0.5657,0.6205,0.6980,0.7916,0.8750,0.1694,0.6707
ALPHA-52-972,47,Female,The Idealistic Activist,51.6063,0.5694,0.6739,0.8178,0.3105,0.3216,0.3911,0.4310,0.7395,0.8126,0.1347
ALPHA-76-646,24,Male,The Community Builder,66.6855,0.7171,0.2901,0.7500,0.2545,0.6968,0.4880,0.4118,0.7450,0.8266,0.5797
ALPHA-19-497,48,Male,The Community Builder,74.5805,0.7510,0.4439,0.8020,0.4822,0.6216,0.7556,0.4416,0.4819,0.8428,0.6771
ALPHA-54-780,22,Male,The Cautious Observer,62.7333,0.4884,0.6476,0.4386,0.5090,0.1134,0.7224,0.7238,0.2044,0.1427,0.1438
ALPHA-66-447,36,Male,The Cautious Observer,61.1075,0.3860,0.9008,0.1883,0.8268,0.1905,0.7509,0.9211,0.3909,0.3195,0.3902
ALPHA-22-724,38,Female,The Community Builder,71.4850,0.6184,0.3454,0.8894,0.3431,0.8083,0.7566,0.8559,0.8235,0.7418,0.6067
ALPHA-53-876,44,Female,The Community Builder,67.6952,0.7048,0.5970,0.8189,0.2619,0.1165,0.7487,0.1349,0.8850,0.9007,0.6181
ALPHA-37-146,16,Female,The Stoic Engineer,63.4213,0.6875,0.4128,0.2302,0.6360,0.7961,0.8015,0.7068,0.8342,0.3112,0.7028
ALPHA-10-999,45,Male,The Ambitious Entrepreneur,58.1790,0.6049,0.5617,0.6722,0.7777,0.3982,0.5183,0.2310,0.7095,0.6349,0.7825
ALPHA-26-046,49,Male,The Disillusioned Artist,55.6981,0.3530,0.5532,0.6291,0.6718,0.7875,0.1990,0.5875,0.2446,0.3215,0.7407
ALPHA-94-679,31,Male,The Cautious Observer,70.6886,0.4837,0.7568,0.8352,0.4049,0.2615,0.6551,0.8098,0.4259,0.3148,0.3514
ALPHA-89-224,50,Male,The Cautious Observer,68.9275,0.4482,0.9387,0.6609,0.5156,0.3740,0.6468,0.8228,0.1913,0.2733,0.3558
ALPHA-47-719,25,Male,The Ambitious Entrepreneur,54.4775,0.6990,0.5683,0.5830,0.8191,0.2168,0.4645,0.1671,0.8368,0.8082,0.6441
ALPHA-24-614,30,Female,The Stoic Engineer,75.7950,0.4852,0.3950,0.8148,0.8970,0.7248,0.6952,0.7504,0.8044,0.2456,0.7759
ALPHA-52-776,28,Female,The Idealistic Activist,62.4767,0.8783,0.1187,0.8151,0.4173,0.7290,0.3829,0.4102,0.4945,0.6343,0.3026
ALPHA-84-909,62,Male,The Idealistic Activist,61.7281,0.7501,0.4312,0.7468,0.2814,0.6703,0.2243,0.4432,0.4757,0.6092,0.3421
ALPHA-23-856,63,Female,The Ambitious Entrepreneur,43.6035,0.1894,0.2453,0.7947,0.8520,0.3672,0.4537,0.1856,0.7373,0.7168,0.2374
ALPHA-06-808,31,Female,The Disillusioned Artist,37.3219,0.3227,0.7285,0.4143,0.6689,0.9094,0.1597,0.2989,0.4057,0.3609,0.2086
ALPHA-73-060,46,Female,The Idealistic Activist,56.6542,0.7758,0.7992,0.7215,0.5719,0.5448,0.2637,0.4748,0.5116,0.6214,0.1750
ALPHA-01-608,57,Male,The Ambitious Entrepreneur,47.3387,0.2977,0.7199,0.1001,0.7591,0.8516,0.3579,0.1707,0.8634,0.7303,0.5681
ALPHA-71-116,62,Male,The Ambitious Entrepreneur,62.5920,0.8094,0.8154,0.7196,0.8324,0.3989,0.5734,0.2790,0.6611,0.6110,0.6171
ALPHA-66-261,45,Female,The Ambitious Entrepreneur,56.2552,0.7107,0.1306,0.7008,0.8997,0.1265,0.3518,0.3367,0.7349,0.6350,0.3336
ALPHA-47-755,53,Female,The Community Builder,67.6190,0.7761,0.5134,0.7492,0.6144,0.7355,0.5790,0.7149,0.7949,0.7683,0.5427
ALPHA-22-922,26,Male,The Disillusioned Artist,52.8399,0.1623,0.5344,0.6038,0.1757,0.8579,0.1536,0.5096,0.7969,0.2524,0.7457
ALPHA-48-709,31,Female,The Cautious Observer,65.9090,0.2104,0.8910,0.6179,0.6982,0.7228,0.8097,0.7334,0.3845,0.3232,0.7558
ALPHA-79-589,28,Male,The Ambitious Entrepreneur,59.8889,0.5988,0.5337,0.8643,0.8618,0.1678,0.3938,0.1721,0.6131,0.7125,0.4475
ALPHA-33-461,27,Male,The Cautious Observer,72.7906,0.3498,0.8005,0.5887,0.3491,0.6176,0.7205,0.9566,0.4353,0.1870,0.8017
ALPHA-42-531,19,Male,The Disillusioned Artist,51.3394,0.1552,0.8838,0.6634,0.7054,0.8929,0.1675,0.5382,0.7416,0.2049,0.4886
ALPHA-92-663,39,Female,The Disillusioned Artist,57.1356,0.1379,0.5015,0.7584,0.1195,0.7803,0.3549,0.5180,0.1109,0.4481,0.8772
ALPHA-80-990,41,Female,The Idealistic Activist,59.6216,0.5989,0.6589,0.7658,0.8905,0.7629,0.2121,0.2464,0.3214,0.6716,0.5949
ALPHA-56-049,63,Female,The Ambitious Entrepreneur,60.0914,0.2364,0.2063,0.7241,0.8654,0.8919,0.6441,0.1403,0.8741,0.6573,0.8836
ALPHA-24-130,56,Female,The Stoic Engineer,68.3713,0.5021,0.4773,0.8359,0.2842,0.8934,0.7564,0.5310,0.9749,0.2365,0.7046
ALPHA-90-322,33,Female,The Cautious Observer,60.3763,0.2961,0.7202,0.7083,0.3245,0.8428,0.8629,0.8467,0.6731,0.2983,0.2906
ALPHA-19-722,23,Male,The Idealistic Activist,62.6180,0.5476,0.7337,0.8872,0.3062,0.1287,0.3913,0.2661,0.8476,0.9121,0.4798
ALPHA-33-659,16,Male,The Cautious Observer,63.1765,0.4290,0.7852,0.2616,0.1838,0.1555,0.6110,0.8746,0.8873,0.3028,0.7741
ALPHA-44-478,35,Female,The Stoic Engineer,62.2256,0.5732,0.3011,0.3021,0.7984,0.6720,0.8252,0.8929,0.9497,0.3941,0.1707
ALPHA-57-445,57,Female,The Stoic Engineer,73.4074,0.4221,0.2719,0.8390,0.4277,0.7174,0.7077,0.8496,0.7451,0.1502,0.4909
ALPHA-41-468,51,Male,The Cautious Observer,57.3403,0.3104,0.6957,0.3372,0.2489,0.6119,0.6586,0.9253,0.6870,0.3102,0.3556
ALPHA-59-257,22,Female,The Community Builder,71.1635,0.7001,0.2676,0.8908,0.4017,0.6550,0.7357,0.3119,0.1320,0.7873,0.7948
ALPHA-63-770,22,Female,The Cautious Observer,63.1106,0.4000,0.8696,0.2701,0.6234,0.1491,0.8650,0.8849,0.2251,0.3915,0.4107
ALPHA-42-005,44,Male,The Idealistic Activist,62.1551,0.5006,0.8071,0.8154,0.4670,0.1029,0.3244,0.4226,0.3967,0.7621,0.8917
ALPHA-05-037,16,Male,The Community Builder,69.2993,0.6192,0.4204,0.9645,0.4347,0.4120,0.5198,0.4131,0.5850,0.8752,0.6926
ALPHA-13-700,38,Male,The Cautious Observer,72.9352,0.2563,0.9091,0.5064,0.3787,0.2422,0.8673,0.8881,0.6379,0.2013,0.8843
ALPHA-09-991,24,Male,The Cautious Observer,59.4739,0.2297,0.6126,0.2633,0.5330,0.3627,0.8212,0.7483,0.4335,0.2743,0.7748
ALPHA-00-880,23,Male,The Ambitious Entrepreneur,52.3168,0.2793,0.2861,0.3944,0.7991,0.2551,0.6128,0.3533,0.7623,0.7696,0.2020
ALPHA-98-988,33,Male,The Ambitious Entrepreneur,41.5223,0.1498,0.4619,0.3923,0.9670,0.1870,0.5103,0.1126,0.7609,0.6829,0.4497
ALPHA-87-160,41,Male,The Stoic Engineer,72.7183,0.5236,0.3396,0.6242,0.5661,0.7578,0.8263,0.7204,0.8615,0.2262,0.8249
ALPHA-17-371,65,Female,The Ambitious Entrepreneur,54.1235,0.1155,0.5369,0.6126,0.7059,0.2403,0.6445,0.3745,0.6832,0.6628,0.2820
ALPHA-93-691,38,Male,The Ambitious Entrepreneur,47.9824,0.3631,0.7024,0.2882,0.8582,0.4160,0.4905,0.1562,0.6378,0.5235,0.6899
ALPHA-09-226,47,Male,The Cautious Observer,62.2149,0.2840,0.9304,0.7758,0.4880,0.3131,0.8943,0.7005,0.2085,0.1834,0.2545
ALPHA-03-001,39,Male,The Cautious Observer,61.6128,0.3509,0.8034,0.5665,0.6973,0.6865,0.7092,0.9765,0.6515,0.2266,0.3940
ALPHA-98-000,16,Male,The Cautious Observer,64.5611,0.4823,0.9291,0.3415,0.5657,0.4127,0.6364,0.7832,0.3720,0.1787,0.5817
ALPHA-97-668,71,Male,The Ambitious Entrepreneur,56.7987,0.3696,0.1780,0.5094,0.7053,0.4711,0.5651,0.2240,0.7190,0.6298,0.8212
ALPHA-11-236,16,Female,The Disillusioned Artist,64.0388,0.4957,0.8700,0.7771,0.4132,0.8837,0.3573,0.4724,0.3954,0.4625,0.5215
ALPHA-68-381,23,Female,The Stoic Engineer,70.7707,0.3724,0.2976,0.7726,0.8337,0.7752,0.8651,0.5954,0.7007,0.1180,0.8431
ALPHA-62-373,27,Male,The Disillusioned Artist,55.9112,0.4636,0.5590,0.7483,0.5266,0.9586,0.3908,0.5823,0.1467,0.3729,0.1865
ALPHA-34-843,52,Male,The Cautious Observer,60.8184,0.2873,0.7238,0.6726,0.1936,0.6366,0.6348,0.9675,0.4927,0.2773,0.2484
ALPHA-12-234,39,Male,The Idealistic Activist,63.7191,0.8764,0.2285,0.9020,0.1536,0.8899,0.1379,0.2780,0.7328,0.7342,0.4260
ALPHA-31-984,41,Male,The Disillusioned Artist,53.0454,0.4587,0.6702,0.6335,0.5412,0.9541,0.1965,0.4670,0.3535,0.2226,0.1707
ALPHA-42-951,60,Female,The Stoic Engineer,71.2286,0.3636,0.2891,0.8367,0.4681,0.8766,0.8625,0.8739,0.8099,0.1497,0.3066
ALPHA-12-982,33,Male,The Disillusioned Artist,50.4001,0.1727,0.7632,0.7480,0.6694,0.8437,0.1031,0.2991,0.4531,0.5658,0.3896
ALPHA-35-758,48,Female,The Disillusioned Artist,48.0416,0.1961,0.5873,0.4744,0.6450,0.7156,0.1840,0.3742,0.5704,0.5164,0.8781
ALPHA-25-330,63,Female,The Disillusioned Artist,63.5940,0.3477,0.8466,0.7204,0.6337,0.9023,0.2955,0.5444,0.2997,0.5389,0.8235
ALPHA-73-065,36,Male,The Disillusioned Artist,56.2838,0.1161,0.6514,0.7051,0.8830,0.9801,0.3415,0.3764,0.3200,0.2002,0.7572
ALPHA-32-871,41,Female,The Community Builder,75.0520,0.8840,0.3205,0.7891,0.7953,0.7600,0.5369,0.5039,0.8441,0.9128,0.8646
ALPHA-84-020,27,Male,The Disillusioned Artist,55.1998,0.3589,0.8696,0.4620,0.6980,0.8395,0.2347,0.5695,0.6725,0.5269,0.7560
ALPHA-29-937,23,Male,The Ambitious Entrepreneur,55.9234,0.5291,0.8024,0.3241,0.9242,0.2995,0.4385,0.3788,0.9092,0.6203,0.5945
ALPHA-37-858,32,Male,The Cautious Observer,76.7096,0.3997,0.6062,0.7959,0.2037,0.5927,0.8880,0.7801,0.4699,0.1300,0.6833
ALPHA-90-284,21,Female,The Stoic Engineer,65.8963,0.4283,0.3167,0.8398,0.4823,0.9322,0.6342,0.5732,0.9588,0.2779,0.5288
ALPHA-51-383,43,Male,The Idealistic Activist,60.4668,0.8732,0.5622,0.7227,0.4559,0.5039,0.4744,0.4189,0.6872,0.7146,0.3895
ALPHA-32-287,42,Female,The Ambitious Entrepreneur,65.5186,0.7914,0.8405,0.5569,0.9685,0.2540,0.4694,0.3824,0.7015,0.6276,0.6219
ALPHA-01-576,16,Female,The Community Builder,72.2812,0.6031,0.6418,0.8808,0.4118,0.2027,0.4609,0.8101,0.3173,0.9517,0.5236
ALPHA-47-710,52,Male,The Cautious Observer,64.3723,0.4596,0.6348,0.6489,0.1040,0.5079,0.8382,0.8424,0.6574,0.3385,0.1704
ALPHA-16-228,24,Female,The Community Builder,75.1277,0.8865,0.5999,0.8754,0.3967,0.8472,0.5931,0.6899,0.5476,0.7343,0.5029
ALPHA-13-913,52,Male,The Idealistic Activist,58.5873,0.8312,0.1026,0.8470,0.8308,0.3759,0.4336,0.3860,0.6915,0.7447,0.2839
ALPHA-38-645,67,Male,The Ambitious Entrepreneur,49.6476,0.3343,0.3556,0.2690,0.7382,0.5352,0.3404,0.3492,0.7803,0.5109,0.7216
ALPHA-15-465,33,Male,The Stoic Engineer,64.3715,0.5727,0.3096,0.2259,0.1130,0.8503,0.7254,0.6120,0.9636,0.3306,0.7652
ALPHA-78-206,43,Female,The Stoic Engineer,56.9784,0.5693,0.4437,0.3229,0.1762,0.8459,0.8453,0.7781,0.9759,0.3594,0.1897
ALPHA-88-391,65,Female,The Stoic Engineer,61.7111,0.4600,0.2744,0.7069,0.6033,0.6671,0.6355,0.5709,0.9148,0.3621,0.6584
ALPHA-76-317,69,Female,The Disillusioned Artist,59.7078,0.4487,0.8736,0.7560,0.6252,0.7422,0.3870,0.3955,0.6391,0.2839,0.3551
ALPHA-09-335,72,Male,The Stoic Engineer,58.3081,0.6025,0.3608,0.1282,0.3390,0.8804,0.6354,0.7381,0.7805,0.3702,0.4507
ALPHA-29-877,47,Female,The Community Builder,69.9800,0.7495,0.7918,0.9115,0.8162,0.7650,0.4668,0.3818,0.7549,0.9360,0.7730
ALPHA-31-429,40,Male,The Idealistic Activist,56.4493,0.5697,0.1273,0.7988,0.4138,0.4705,0.3111,0.2087,0.5758,0.7025,0.6776
ALPHA-66-960,43,Female,The Community Builder,80.1606,0.6712,0.7404,0.7585,0.7737,0.2812,0.7187,0.7103,0.2956,0.7029,0.8240
ALPHA-62-455,23,Male,The Ambitious Entrepreneur,38.1273,0.2364,0.5744,0.3409,0.7112,0.3550,0.3295,0.3151,0.8121,0.7445,0.1676
ALPHA-58-055,35,Male,The Idealistic Activist,61.9123,0.7270,0.2149,0.8867,0.6329,0.4684,0.1883,0.4258,0.6032,0.9235,0.8671
ALPHA-57-244,33,Male,The Disillusioned Artist,56.2703,0.3127,0.5318,0.5586,0.8021,0.9599,0.2390,0.3383,0.6018,0.3844,0.7458
ALPHA-17-866,38,Female,The Idealistic Activist,63.3106,0.6105,0.6188,0.8742,0.3923,0.5767,0.1058,0.3944,0.4336,0.8040,0.8945
ALPHA-90-160,43,Male,The Disillusioned Artist,54.8216,0.4268,0.8541,0.7985,0.4150,0.7045,0.3200,0.5383,0.4311,0.5485,0.4651
ALPHA-42-649,16,Female,The Stoic Engineer,64.4709,0.5002,0.3816,0.2486,0.1902,0.9194,0.9200,0.7371,0.7491,0.3610,0.7877
ALPHA-42-183,25,Male,The Community Builder,71.6066,0.7331,0.4942,0.8270,0.4891,0.5510,0.7127,0.4149,0.8882,0.9876,0.8893
ALPHA-45-990,37,Male,The Stoic Engineer,67.9153,0.6121,0.3628,0.8201,0.6604,0.9003,0.6403,0.5921,0.9599,0.1962,0.3429
ALPHA-38-223,49,Female,The Disillusioned Artist,39.2638,0.1340,0.7653,0.6374,0.1588,0.9787,0.2237,0.2203,0.6408,0.5825,0.1177
ALPHA-66-568,22,Female,The Cautious Observer,70.6723,0.4794,0.6286,0.6052,0.3343,0.8204,0.8745,0.7211,0.8846,0.1646,0.4220
ALPHA-43-034,27,Male,The Ambitious Entrepreneur,55.9163,0.8829,0.2237,0.5859,0.9389,0.6923,0.4908,0.1471,0.7695,0.8060,0.2992
ALPHA-96-862,56,Male,The Ambitious Entrepreneur,43.4985,0.5811,0.7532,0.4308,0.9378,0.4067,0.3398,0.2794,0.8258,0.5420,0.2333
ALPHA-89-437,52,Female,The Ambitious Entrepreneur,47.4366,0.1417,0.2355,0.1810,0.8889,0.4881,0.4620,0.1508,0.7564,0.5298,0.7622
ALPHA-41-492,36,Male,The Cautious Observer,57.0058,0.2020,0.7599,0.2822,0.7031,0.2354,0.6907,0.7474,0.2175,0.1563,0.7008
ALPHA-72-456,27,Male,The Community Builder,78.3873,0.6393,0.3228,0.9140,0.5474,0.1495,0.5461,0.7626,0.3537,0.8515,0.8977
ALPHA-34-446,61,Female,The Disillusioned Artist,53.8920,0.4992,0.8158,0.4162,0.4869,0.9536,0.2865,0.5590,0.8550,0.4103,0.7666
ALPHA-52-189,51,Male,The Idealistic Activist,66.0353,0.7156,0.5154,0.7866,0.5252,0.5406,0.2550,0.4328,0.4923,0.8814,0.8995
ALPHA-72-406,35,Male,The Disillusioned Artist,47.1206,0.3561,0.8851,0.6295,0.5940,0.9841,0.1174,0.5180,0.1223,0.3010,0.2903
ALPHA-32-770,49,Male,The Community Builder,71.2631,0.8864,0.3184,0.8354,0.5679,0.6188,0.4346,0.3302,0.4052,0.9889,0.7222
ALPHA-24-937,61,Female,The Ambitious Entrepreneur,46.5171,0.6194,0.4935,0.1216,0.7418,0.8957,0.3544,0.2829,0.8790,0.7230,0.3734
ALPHA-14-803,23,Male,The Cautious Observer,71.0106,0.4291,0.8431,0.7976,0.2446,0.3376,0.7194,0.9180,0.5224,0.2067,0.5816
ALPHA-65-152,49,Male,The Idealistic Activist,58.7229,0.7830,0.1057,0.7483,0.2984,0.6731,0.2022,0.3297,0.5116,0.7493,0.7988
ALPHA-49-866,29,Male,The Cautious Observer,57.0822,0.3567,0.6247,0.4082,0.4605,0.2423,0.7769,0.7495,0.8512,0.1237,0.1063
ALPHA-41-464,32,Male,The Stoic Engineer,65.0698,0.5166,0.3626,0.1209,0.7824,0.8602,0.8305,0.8531,0.7830,0.1307,0.3681
ALPHA-86-763,43,Male,The Cautious Observer,69.2356,0.4613,0.7417,0.6141,0.7703,0.1032,0.6348,0.7848,0.2965,0.2470,0.4817
ALPHA-12-644,46,Male,The Community Builder,58.7878,0.6488,0.6812,0.7680,0.8148,0.5938,0.4469,0.3038,0.4477,0.7003,0.7435
ALPHA-41-725,61,Female,The Cautious Observer,55.2239,0.3607,0.7489,0.1351,0.1280,0.6591,0.6555,0.9255,0.7957,0.3093,0.2793
ALPHA-97-094,47,Female,The Ambitious Entrepreneur,50.7458,0.2805,0.8634,0.6485,0.9080,0.3293,0.4231,0.1419,0.8472,0.6503,0.7722
ALPHA-11-627,22,Male,The Ambitious Entrepreneur,51.9132,0.7285,0.8850,0.1556,0.7847,0.4754,0.6808,0.1336,0.7136,0.6768,0.5460
ALPHA-69-824,59,Female,The Stoic Engineer,70.7021,0.4766,0.3249,0.4808,0.2658,0.9232,0.8457,0.7859,0.9156,0.3134,0.6314
ALPHA-85-460,25,Female,The Ambitious Entrepreneur,57.9490,0.4021,0.4794,0.7691,0.9076,0.3026,0.3775,0.3832,0.8659,0.7024,0.6646
ALPHA-82-421,62,Female,The Disillusioned Artist,56.9503,0.4954,0.6797,0.5104,0.3420,0.9894,0.2852,0.4389,0.2706,0.2856,0.8830
ALPHA-70-147,36,Female,The Stoic Engineer,55.4790,0.6103,0.4286,0.3107,0.1772,0.6463,0.6146,0.5914,0.9668,0.2282,0.2727
ALPHA-96-281,34,Male,The Stoic Engineer,60.2216,0.5964,0.4382,0.2154,0.1738,0.7047,0.6047,0.6992,0.7579,0.1295,0.4140
ALPHA-67-790,53,Male,The Cautious Observer,71.5069,0.2031,0.8182,0.7394,0.6685,0.2466,0.8602,0.8565,0.6742,0.3249,0.7278
ALPHA-05-260,35,Male,The Stoic Engineer,55.0907,0.5708,0.2370,0.3577,0.4809,0.8907,0.6160,0.7365,0.9717,0.3525,0.2651
ALPHA-67-317,61,Female,The Disillusioned Artist,46.5809,0.3052,0.6602,0.4668,0.8416,0.9611,0.1475,0.3085,0.6048,0.4586,0.8265
ALPHA-32-087,31,Male,The Disillusioned Artist,49.3366,0.2138,0.7700,0.4629,0.6234,0.7488,0.1944,0.3488,0.2725,0.3818,0.7882
ALPHA-60-414,53,Female,The Disillusioned Artist,65.1456,0.4977,0.8391,0.6708,0.7621,0.7802,0.3180,0.5601,0.2698,0.4512,0.7742
ALPHA-54-729,56,Female,The Cautious Observer,64.5393,0.2517,0.8542,0.5670,0.3672,0.3631,0.7761,0.9612,0.5855,0.2342,0.1240
ALPHA-73-923,51,Male,The Disillusioned Artist,47.9607,0.2064,0.7430,0.4691,0.8086,0.9557,0.3387,0.5114,0.7976,0.5231,0.6572
ALPHA-01-432,67,Male,The Disillusioned Artist,47.2382,0.4466,0.5971,0.6005,0.4127,0.9698,0.1707,0.3042,0.6268,0.3319,0.1828
ALPHA-50-188,58,Female,The Cautious Observer,63.0409,0.3513,0.9455,0.6346,0.7124,0.4459,0.8789,0.8664,0.3803,0.3700,0.4315
ALPHA-17-391,47,Female,The Disillusioned Artist,49.6998,0.4374,0.5867,0.6651,0.1531,0.8146,0.2486,0.4375,0.4729,0.3838,0.4045
ALPHA-18-039,49,Female,The Stoic Engineer,65.1396,0.3374,0.2838,0.8373,0.8139,0.7717,0.6088,0.8304,0.8217,0.1285,0.2198
ALPHA-24-609,16,Male,The Idealistic Activist,56.9150,0.6580,0.1988,0.8415,0.6627,0.2627,0.2215,0.3512,0.8547,0.8983,0.3573
ALPHA-21-192,39,Male,The Community Builder,76.8065,0.6790,0.5792,0.9260,0.6622,0.7248,0.7422,0.8568,0.1965,0.8434,0.6081
ALPHA-01-014,36,Female,The Community Builder,72.1383,0.7109,0.5624,0.9085,0.6380,0.8156,0.4887,0.5759,0.3216,0.9071,0.7357
ALPHA-94-900,34,Female,The Cautious Observer,67.1693,0.4500,0.6902,0.2632,0.4747,0.5980,0.6903,0.9536,0.1996,0.1577,0.8662
ALPHA-08-784,29,Female,The Disillusioned Artist,50.0580,0.1905,0.5150,0.6624,0.3588,0.8065,0.1306,0.3229,0.3092,0.3640,0.6502
ALPHA-15-357,30,Female,The Ambitious Entrepreneur,58.4780,0.2111,0.2653,0.8251,0.9701,0.5919,0.6879,0.2327,0.7374,0.8845,0.6737
ALPHA-35-732,32,Male,The Ambitious Entrepreneur,45.6744,0.3113,0.2698,0.1897,0.7339,0.2938,0.4883,0.1468,0.6251,0.8956,0.2950
ALPHA-63-798,70,Female,The Community Builder,73.9402,0.7821,0.2685,0.7317,0.7328,0.5514,0.4136,0.5149,0.2127,0.9686,0.8822
ALPHA-67-351,37,Male,The Idealistic Activist,54.3959,0.5981,0.4293,0.7285,0.1785,0.7507,0.2663,0.2803,0.7474,0.8541,0.1864
ALPHA-74-961,16,Female,The Community Builder,75.0956,0.8744,0.6006,0.9745,0.3176,0.7658,0.6587,0.2927,0.5085,0.9453,0.7636
ALPHA-15-676,26,Female,The Stoic Engineer,66.6446,0.5368,0.4851,0.5865,0.3292,0.6754,0.7645,0.6387,0.7093,0.3551,0.4011
ALPHA-80-495,60,Male,The Stoic Engineer,50.2642,0.6471,0.3236,0.2280,0.3802,0.7447,0.6759,0.6360,0.9246,0.2395,0.1026
ALPHA-71-820,44,Male,The Idealistic Activist,60.4925,0.8890,0.5889,0.8850,0.1794,0.1056,0.2010,0.3490,0.7667,0.9451,0.1717
ALPHA-54-379,52,Female,The Ambitious Entrepreneur,60.1268,0.2634,0.4359,0.7492,0.9386,0.3587,0.5032,0.1697,0.7096,0.5557,0.8077
ALPHA-40-839,42,Female,The Ambitious Entrepreneur,55.8331,0.8509,0.5050,0.2444,0.9148,0.2868,0.4611,0.3074,0.9354,0.8733,0.2401
ALPHA-70-146,41,Female,The Community Builder,65.8593,0.7928,0.8529,0.9128,0.5376,0.5362,0.4980,0.2564,0.2421,0.7376,0.8140
ALPHA-66-164,24,Male,The Disillusioned Artist,48.8582,0.1251,0.5365,0.4966,0.2811,0.8103,0.2627,0.3495,0.5847,0.5150,0.5992
ALPHA-36-516,40,Male,The Stoic Engineer,55.5897,0.4784,0.3592,0.1954,0.5111,0.7067,0.8031,0.5821,0.8917,0.3789,0.5481
ALPHA-72-289,56,Male,The Stoic Engineer,58.5904,0.5017,0.2946,0.6034,0.6589,0.9491,0.7396,0.5730,0.7850,0.2220,0.3850
ALPHA-24-717,55,Female,The Community Builder,75.5313,0.7691,0.8958,0.9190,0.3290,0.3420,0.7106,0.4406,0.2715,0.8415,0.8786
ALPHA-44-322,77,Male,The Stoic Engineer,73.4271,0.4692,0.3470,0.5246,0.7793,0.8349,0.9395,0.7996,0.8770,0.2184,0.8436
ALPHA-32-501,53,Male,The Idealistic Activist,70.1007,0.8302,0.2172,0.9475,0.4694,0.8840,0.3402,0.3908,0.4697,0.6383,0.7421
ALPHA-82-448,27,Male,The Stoic Engineer,72.6905,0.6968,0.4492,0.7226,0.6567,0.8743,0.6431,0.8336,0.7760,0.3688,0.6652
ALPHA-14-092,17,Female,The Idealistic Activist,61.7568,0.6151,0.7052,0.7743,0.7902,0.7496,0.3349,0.2799,0.1934,0.7376,0.6877
ALPHA-82-291,46,Female,The Community Builder,78.1858,0.8990,0.3500,0.7903,0.4319,0.3426,0.6544,0.7443,0.6644,0.9141,0.5219
ALPHA-10-059,47,Female,The Disillusioned Artist,47.0817,0.2070,0.5709,0.4098,0.2703,0.9866,0.3515,0.5204,0.4906,0.4569,0.3541
ALPHA-81-909,57,Female,The Ambitious Entrepreneur,44.1863,0.3795,0.8276,0.1410,0.7913,0.8169,0.5571,0.2858,0.9083,0.8869,0.5179
ALPHA-10-255,45,Female,The Stoic Engineer,67.6019,0.5428,0.4706,0.7158,0.2472,0.8726,0.7375,0.5058,0.9706,0.1114,0.8721
ALPHA-08-792,16,Male,The Cautious Observer,66.4448,0.4470,0.6596,0.3176,0.6128,0.5637,0.7639,0.9082,0.2401,0.2269,0.7796
ALPHA-70-665,29,Male,The Disillusioned Artist,51.8683,0.4083,0.7507,0.7188,0.7765,0.8076,0.3447,0.3116,0.1770,0.4666,0.4741
ALPHA-93-105,51,Male,The Stoic Engineer,66.6754,0.4397,0.4507,0.8976,0.5411,0.6815,0.7915,0.5523,0.7930,0.3936,0.6100
ALPHA-69-082,23,Female,The Community Builder,61.5466,0.7008,0.6386,0.8621,0.5656,0.2907,0.5819,0.1784,0.3478,0.7785,0.6103
ALPHA-09-198,42,Female,The Stoic Engineer,66.0897,0.3979,0.3984,0.8579,0.5707,0.9342,0.8900,0.8584,0.9604,0.1131,0.1251
ALPHA-97-592,63,Male,The Community Builder,77.3603,0.8581,0.3424,0.8800,0.2287,0.7817,0.5935,0.8900,0.8102,0.9192,0.5343
ALPHA-23-086,41,Male,The Cautious Observer,69.1637,0.3092,0.9483,0.4605,0.4121,0.8074,0.7545,0.8563,0.4863,0.2568,0.8204
ALPHA-29-689,53,Female,The Idealistic Activist,63.4752,0.5653,0.8409,0.8794,0.2626,0.6644,0.4696,0.3924,0.5854,0.6079,0.4865
ALPHA-15-658,35,Female,The Idealistic Activist,53.5824,0.8518,0.1381,0.8902,0.4133,0.1574,0.1780,0.4060,0.7752,0.7922,0.2214
ALPHA-64-538,44,Male,The Cautious Observer,70.3861,0.4897,0.6893,0.3845,0.2337,0.7855,0.8701,0.8668,0.3270,0.2553,0.6547
ALPHA-90-634,16,Male,The Idealistic Activist,64.2795,0.5370,0.2240,0.9630,0.8621,0.5235,0.3923,0.4759,0.1357,0.8487,0.5499
ALPHA-63-995,42,Male,The Community Builder,79.5338,0.8216,0.1495,0.7417,0.4557,0.1107,0.7805,0.7361,0.8594,0.7618,0.8805
ALPHA-72-510,26,Female,The Cautious Observer,62.9380,0.2506,0.6654,0.6186,0.4867,0.5472,0.8699,0.8836,0.5588,0.2954,0.2792
ALPHA-61-457,32,Male,The Community Builder,69.8585,0.7033,0.7816,0.9441,0.6185,0.8126,0.4292,0.3494,0.4259,0.8625,0.7576
ALPHA-02-837,47,Female,The Cautious Observer,60.8420,0.2824,0.6107,0.5413,0.6072,0.7786,0.8078,0.7108,0.3686,0.1947,0.5934
ALPHA-06-820,45,Male,The Stoic Engineer,59.9444,0.5512,0.2375,0.1284,0.8875,0.8647,0.6020,0.8725,0.7811,0.1777,0.7566
ALPHA-02-610,42,Male,The Idealistic Activist,55.2423,0.5914,0.8343,0.8239,0.4867,0.3538,0.3921,0.4657,0.1998,0.9120,0.4059
ALPHA-46-230,33,Male,The Cautious Observer,71.8612,0.3052,0.7721,0.5203,0.2258,0.2351,0.7433,0.9271,0.8704,0.3097,0.6389
ALPHA-25-988,53,Male,The Community Builder,68.7103,0.6295,0.1075,0.9537,0.5463,0.8143,0.4941,0.1864,0.2094,0.7800,0.6818
ALPHA-27-228,30,Male,The Disillusioned Artist,42.4438,0.1389,0.5549,0.5810,0.4697,0.8920,0.2537,0.2050,0.3227,0.2952,0.1781
ALPHA-30-571,37,Male,The Stoic Engineer,70.9545,0.6035,0.3892,0.4209,0.5619,0.8307,0.8525,0.7660,0.8532,0.2379,0.7983
ALPHA-75-239,49,Male,The Disillusioned Artist,50.2541,0.4382,0.7988,0.7340,0.6475,0.8808,0.2244,0.5289,0.3661,0.2921,0.4213
ALPHA-07-006,71,Female,The Community Builder,70.4393,0.7245,0.7779,0.8354,0.8743,0.8493,0.4082,0.4655,0.8514,0.8525,0.6327
ALPHA-65-545,44,Female,The Idealistic Activist,58.2113,0.8469,0.8475,0.8888,0.4443,0.2692,0.1209,0.3740,0.3809,0.9336,0.5828
ALPHA-54-600,42,Female,The Disillusioned Artist,54.0481,0.3714,0.5917,0.4807,0.2720,0.9182,0.1627,0.4486,0.4801,0.4377,0.5142
ALPHA-79-346,54,Female,The Idealistic Activist,54.9515,0.6269,0.7137,0.9816,0.1656,0.1587,0.1873,0.4143,0.1421,0.8820,0.2103
ALPHA-52-090,52,Male,The Stoic Engineer,67.7698,0.5658,0.2949,0.8324,0.7306,0.7492,0.6363,0.7133,0.8201,0.2167,0.1271
ALPHA-41-342,46,Female,The Community Builder,76.4277,0.8191,0.2596,0.8070,0.8918,0.4541,0.7165,0.3634,0.5421,0.7914,0.8175
ALPHA-87-848,50,Male,The Disillusioned Artist,57.0077,0.1666,0.7565,0.6560,0.6011,0.8351,0.3691,0.4741,0.5331,0.3933,0.4956
ALPHA-54-613,46,Male,The Disillusioned Artist,51.2446,0.3910,0.5536,0.5487,0.3547,0.8988,0.2502,0.4833,0.4611,0.5645,0.4139
ALPHA-88-472,74,Male,The Idealistic Activist,55.3556,0.5133,0.1865,0.9788,0.2363,0.5502,0.3117,0.4253,0.2818,0.8061,0.1097
ALPHA-53-128,37,Female,The Stoic Engineer,57.8575,0.5050,0.3605,0.3975,0.3132,0.8309,0.6985,0.6207,0.7811,0.3030,0.5942
ALPHA-54-382,57,Female,The Community Builder,69.3130,0.7716,0.6761,0.7653,0.4062,0.7543,0.4909,0.6728,0.8326,0.9873,0.5328
ALPHA-07-345,16,Male,The Ambitious Entrepreneur,48.6917,0.5397,0.3655,0.4231,0.9005,0.1844,0.4753,0.2352,0.6486,0.5388,0.4439
ALPHA-44-890,32,Female,The Disillusioned Artist,49.7564,0.1236,0.6127,0.4082,0.4482,0.7920,0.3090,0.4923,0.6562,0.2901,0.3658
ALPHA-14-107,33,Female,The Disillusioned Artist,48.1601,0.1299,0.7953,0.7897,0.1327,0.9633,0.2589,0.3884,0.8281,0.2000,0.6248
ALPHA-44-636,47,Male,The Cautious Observer,71.2592,0.4647,0.7593,0.8325,0.1644,0.3004,0.8552,0.8834,0.1118,0.1488,0.2027
ALPHA-10-860,33,Male,The Community Builder,72.5023,0.7585,0.4135,0.9180,0.4814,0.8159,0.7104,0.5332,0.5406,0.7276,0.8919
ALPHA-71-881,35,Male,The Stoic Engineer,62.8667,0.3091,0.4883,0.4826,0.6280,0.9195,0.7608,0.7694,0.7558,0.3112,0.5950
ALPHA-20-266,43,Female,The Stoic Engineer,59.3770,0.6404,0.3078,0.1233,0.6252,0.8188,0.8686,0.6570,0.9289,0.2933,0.4884
ALPHA-31-858,37,Female,The Community Builder,81.1670,0.9014,0.1866,0.9829,0.1774,0.5572,0.7580,0.7211,0.3719,0.9846,0.5301
ALPHA-30-949,31,Female,The Disillusioned Artist,49.7801,0.2055,0.7706,0.7943,0.1770,0.7001,0.2822,0.3922,0.6499,0.5794,0.1225
ALPHA-94-028,32,Male,The Cautious Observer,59.3098,0.4200,0.8391,0.3645,0.3840,0.6497,0.6206,0.8571,0.8425,0.1795,0.3031
ALPHA-03-394,34,Female,The Community Builder,77.6456,0.8348,0.4027,0.8305,0.5209,0.2211,0.5513,0.7982,0.5613,0.8924,0.5799
ALPHA-36-698,26,Female,The Idealistic Activist,53.2474,0.7293,0.6419,0.7847,0.2793,0.5684,0.2713,0.2228,0.5626,0.9235,0.3449
ALPHA-31-027,38,Male,The Community Builder,73.1518,0.6840,0.8371,0.8642,0.6471,0.5128,0.4159,0.7397,0.6053,0.9500,0.5943
ALPHA-93-684,20,Female,The Disillusioned Artist,48.2447,0.1016,0.5207,0.4947,0.1606,0.9572,0.3435,0.4084,0.2137,0.4437,0.3573
ALPHA-38-220,33,Female,The Community Builder,68.2332,0.7511,0.6726,0.9231,0.8723,0.2363,0.5870,0.2399,0.6311,0.7085,0.6900
ALPHA-68-197,17,Male,The Disillusioned Artist,36.6007,0.2227,0.7666,0.4395,0.6234,0.8898,0.1709,0.2048,0.8966,0.4014,0.2759
ALPHA-42-922,35,Male,The Stoic Engineer,68.5016,0.4240,0.2426,0.8124,0.1423,0.8912,0.7042,0.7638,0.7407,0.3182,0.7481
ALPHA-88-071,37,Female,The Cautious Observer,62.9692,0.2401,0.9045,0.1369,0.1778,0.6894,0.8500,0.8711,0.8222,0.1342,0.8325
ALPHA-90-836,37,Female,The Cautious Observer,68.0613,0.4116,0.6055,0.4867,0.4020,0.7703,0.8836,0.7733,0.6503,0.1274,0.5060
ALPHA-78-656,63,Female,The Idealistic Activist,57.8327,0.8368,0.7693,0.9861,0.7866,0.7447,0.2727,0.3195,0.1943,0.9026,0.1317
ALPHA-42-300,75,Male,The Community Builder,65.7614,0.7738,0.3917,0.8060,0.4151,0.7917,0.6795,0.3191,0.8969,0.7713,0.7156
ALPHA-85-841,39,Female,The Idealistic Activist,68.6639,0.7397,0.3770,0.9606,0.6439,0.3867,0.3264,0.2772,0.1414,0.7022,0.6665
ALPHA-44-703,72,Male,The Ambitious Entrepreneur,48.9312,0.4128,0.3038,0.2394,0.9100,0.6362,0.5244,0.2311,0.7976,0.6693,0.5350
ALPHA-96-569,30,Female,The Cautious Observer,67.9875,0.4777,0.7347,0.5932,0.6479,0.2815,0.8453,0.8826,0.8214,0.1110,0.3582
ALPHA-34-562,60,Male,The Stoic Engineer,71.4341,0.3899,0.4028,0.8924,0.3593,0.7016,0.6892,0.8477,0.8733,0.1598,0.7065
ALPHA-73-726,36,Female,The Cautious Observer,70.4536,0.2367,0.7898,0.6542,0.8505,0.4651,0.8385,0.8243,0.4934,0.1250,0.8381
ALPHA-24-135,52,Male,The Cautious Observer,65.6727,0.4992,0.7191,0.5703,0.4119,0.2345,0.6956,0.7474,0.4588,0.2937,0.8305
ALPHA-14-371,44,Male,The Disillusioned Artist,46.4815,0.3103,0.7280,0.7048,0.8652,0.8425,0.3120,0.5067,0.4935,0.4932,0.2329
ALPHA-43-640,43,Female,The Ambitious Entrepreneur,46.5512,0.1126,0.5065,0.1317,0.7158,0.6006,0.3069,0.2739,0.8755,0.5350,0.6208
ALPHA-51-751,67,Male,The Community Builder,74.9210,0.9455,0.6063,0.7153,0.8963,0.2899,0.4195,0.8175,0.4930,0.7156,0.7443
ALPHA-43-823,36,Female,The Idealistic Activist,62.4591,0.6801,0.5523,0.7807,0.3388,0.5221,0.4517,0.2800,0.4590,0.8390,0.4188
ALPHA-77-994,29,Male,The Ambitious Entrepreneur,55.2831,0.3952,0.4431,0.4766,0.9804,0.8493,0.5554,0.3137,0.9291,0.8013,0.3455
ALPHA-36-407,38,Male,The Stoic Engineer,62.0575,0.5623,0.3544,0.5365,0.6409,0.8965,0.6524,0.6184,0.8480,0.1083,0.1303
ALPHA-91-796,54,Female,The Community Builder,74.1385,0.6702,0.6459,0.9596,0.4996,0.2269,0.6678,0.2237,0.4670,0.9064,0.8773
ALPHA-77-479,25,Female,The Cautious Observer,62.9541,0.2182,0.7253,0.7351,0.1458,0.8897,0.6837,0.7332,0.1741,0.3333,0.2190
ALPHA-50-259,45,Female,The Community Builder,75.6476,0.8580,0.3003,0.8048,0.1288,0.7146,0.5526,0.7920,0.5394,0.8645,0.8283
ALPHA-76-870,49,Female,The Idealistic Activist,47.3244,0.5122,0.8995,0.7612,0.3389,0.4232,0.2828,0.2894,0.2264,0.6137,0.2740
ALPHA-39-164,19,Female,The Ambitious Entrepreneur,49.7332,0.5253,0.7346,0.1439,0.7655,0.5040,0.5193,0.2137,0.7067,0.7009,0.8587
ALPHA-80-791,49,Female,The Community Builder,70.7229,0.7014,0.3844,0.9111,0.2131,0.5798,0.7367,0.3900,0.6579,0.7053,0.7484
ALPHA-60-835,81,Female,The Ambitious Entrepreneur,53.9794,0.5144,0.6598,0.3402,0.7441,0.5162,0.4908,0.1168,0.8577,0.8397,0.7907
ALPHA-41-527,56,Male,The Stoic Engineer,76.0521,0.3023,0.2472,0.8769,0.1505,0.7819,0.6211,0.7817,0.7832,0.2386,0.8971
ALPHA-59-908,42,Male,The Cautious Observer,67.2049,0.2839,0.9270,0.8569,0.7562,0.1758,0.7129,0.8304,0.5215,0.2937,0.2955
ALPHA-96-187,20,Male,The Ambitious Entrepreneur,63.1991,0.6280,0.8977,0.7447,0.9635,0.2322,0.5886,0.3241,0.6532,0.8430,0.6962
ALPHA-43-820,67,Female,The Disillusioned Artist,51.3440,0.3236,0.7289,0.5355,0.6706,0.7741,0.3876,0.2714,0.5340,0.2104,0.5092
ALPHA-73-167,52,Female,The Disillusioned Artist,54.9548,0.2923,0.5909,0.7930,0.6177,0.8039,0.1989,0.5182,0.2770,0.4451,0.4317
ALPHA-92-355,67,Male,The Ambitious Entrepreneur,48.3935,0.5710,0.8772,0.1903,0.9848,0.7750,0.4475,0.2128,0.9161,0.8445,0.4347
ALPHA-45-878,77,Female,The Stoic Engineer,60.2879,0.3699,0.2479,0.3734,0.2073,0.7516,0.8856,0.8222,0.8264,0.3465,0.4971
ALPHA-78-791,49,Male,The Cautious Observer,63.0843,0.4451,0.8658,0.6256,0.7273,0.8319,0.6206,0.9267,0.3555,0.3781,0.4275
ALPHA-67-520,56,Female,The Cautious Observer,56.7179,0.3679,0.8657,0.1104,0.5934,0.5569,0.6616,0.8025,0.2683,0.2277,0.7964
ALPHA-92-236,40,Female,The Stoic Engineer,70.7981,0.6764,0.4854,0.8566,0.5336,0.7056,0.7077,0.8606,0.7492,0.2384,0.3994
ALPHA-68-815,47,Female,The Cautious Observer,69.3413,0.4032,0.6314,0.5248,0.1245,0.8171,0.7609,0.8449,0.7528,0.2998,0.8124
ALPHA-24-744,39,Male,The Ambitious Entrepreneur,58.3692,0.8295,0.3583,0.5065,0.9386,0.2543,0.3315,0.3385,0.6658,0.8340,0.2301
ALPHA-58-925,29,Female,The Cautious Observer,58.9933,0.3448,0.7430,0.5120,0.7906,0.4577,0.6693,0.7468,0.8709,0.1145,0.3074
ALPHA-51-567,36,Female,The Disillusioned Artist,56.9752,0.4799,0.7570,0.5297,0.8215,0.9037,0.3658,0.4037,0.5541,0.4268,0.5272
ALPHA-49-593,38,Female,The Stoic Engineer,64.6778,0.6036,0.3081,0.1013,0.8476,0.9283,0.7141,0.8799,0.7433,0.3223,0.5812
ALPHA-80-797,52,Female,The Idealistic Activist,70.6993,0.7608,0.3292,0.7915,0.7990,0.3236,0.3941,0.4461,0.1493,0.9204,0.8053
ALPHA-67-098,38,Male,The Ambitious Entrepreneur,49.8613,0.1799,0.4883,0.6303,0.7123,0.1004,0.5351,0.2292,0.8073,0.8419,0.3497
ALPHA-02-360,37,Female,The Disillusioned Artist,56.6659,0.3948,0.5488,0.5995,0.7375,0.7458,0.1782,0.3144,0.7976,0.2138,0.8875
ALPHA-61-750,46,Female,The Community Builder,71.8487,0.8109,0.1546,0.9178,0.4366,0.5870,0.5963,0.7331,0.3544,0.7694,0.6823
ALPHA-59-147,23,Male,The Ambitious Entrepreneur,57.3395,0.6979,0.5738,0.7656,0.9147,0.8131,0.5015,0.1815,0.8992,0.6612,0.4889
ALPHA-91-287,29,Male,The Community Builder,67.3502,0.8462,0.3704,0.8116,0.4123,0.8389,0.6778,0.2321,0.3496,0.9152,0.5327
ALPHA-25-674,41,Male,The Idealistic Activist,63.9284,0.6125,0.6958,0.7104,0.8256,0.7092,0.1507,0.4555,0.6297,0.7304,0.7270
ALPHA-86-971,51,Female,The Community Builder,76.5079,0.7781,0.8112,0.8349,0.7050,0.4093,0.6313,0.7565,0.3688,0.7566,0.5656
ALPHA-12-363,59,Male,The Disillusioned Artist,58.7150,0.3721,0.7845,0.7552,0.3667,0.9759,0.1232,0.5989,0.3675,0.2752,0.6019
ALPHA-31-873,36,Female,The Cautious Observer,59.0693,0.2321,0.6235,0.4277,0.7592,0.6407,0.8947,0.7543,0.3490,0.3736,0.2577
ALPHA-21-420,73,Female,The Cautious Observer,68.6126,0.4170,0.9121,0.3569,0.6029,0.7952,0.8954,0.9339,0.2001,0.1488,0.6693
ALPHA-13-004,31,Female,The Stoic Engineer,51.7366,0.3579,0.3075,0.1244,0.6157,0.7371,0.6591,0.6320,0.7949,0.2551,0.4986
ALPHA-97-671,33,Male,The Idealistic Activist,65.7144,0.7407,0.7820,0.9036,0.4078,0.8155,0.3011,0.4234,0.2272,0.8099,0.4645
ALPHA-62-302,24,Male,The Community Builder,70.0288,0.8669,0.3943,0.8154,0.4067,0.3572,0.4300,0.2547,0.7246,0.9549,0.8677
ALPHA-45-284,71,Male,The Community Builder,61.2768,0.6531,0.6422,0.9581,0.5291,0.8609,0.4426,0.2749,0.6688,0.7878,0.5751
ALPHA-76-317,30,Female,The Cautious Observer,64.7709,0.2432,0.6018,0.6222,0.3097,0.4853,0.6659,0.7776,0.7049,0.3904,0.4272
ALPHA-83-899,43,Male,The Stoic Engineer,58.2991,0.6448,0.4611,0.5167,0.5677,0.8304,0.7848,0.6728,0.7935,0.1509,0.1620
ALPHA-01-644,16,Male,The Stoic Engineer,66.5749,0.5027,0.3994,0.6521,0.8819,0.9083,0.7735,0.8712,0.7175,0.1968,0.1718
ALPHA-10-044,37,Male,The Community Builder,76.3228,0.8156,0.8672,0.9266,0.1624,0.8351,0.7952,0.8552,0.8935,0.9150,0.5071
ALPHA-25-543,22,Female,The Idealistic Activist,57.0841,0.5062,0.7580,0.9502,0.3124,0.1887,0.2586,0.3946,0.8563,0.8873,0.5482
ALPHA-89-743,48,Female,The Stoic Engineer,56.7850,0.5309,0.3652,0.2250,0.2003,0.6282,0.7436,0.6059,0.7763,0.2211,0.3989
ALPHA-20-805,44,Male,The Cautious Observer,65.5292,0.3908,0.6030,0.4482,0.3257,0.4974,0.7071,0.7440,0.4162,0.3112,0.5933
ALPHA-84-672,43,Male,The Stoic Engineer,64.0936,0.3773,0.4316,0.2798,0.6650,0.6135,0.8104,0.5711,0.8462,0.2053,0.7846
ALPHA-33-566,35,Male,The Community Builder,72.6088,0.8316,0.8054,0.9611,0.1698,0.2080,0.6876,0.6341,0.3357,0.7122,0.6258
ALPHA-62-578,66,Male,The Ambitious Entrepreneur,59.7604,0.6284,0.2126,0.7739,0.8220,0.7151,0.3938,0.3945,0.6087,0.8965,0.4702
ALPHA-93-177,50,Female,The Idealistic Activist,68.7885,0.7517,0.3305,0.7602,0.1009,0.8628,0.3828,0.4323,0.4661,0.9021,0.8650
ALPHA-46-954,38,Female,The Community Builder,66.2833,0.6851,0.1808,0.7305,0.5052,0.4052,0.4535,0.3952,0.1465,0.7339,0.7592
ALPHA-92-788,37,Male,The Idealistic Activist,64.5856,0.8868,0.4722,0.9437,0.2801,0.8799,0.4058,0.2718,0.3562,0.6778,0.2928
ALPHA-11-233,73,Female,The Idealistic Activist,53.3886,0.8904,0.4554,0.7768,0.7252,0.7140,0.2310,0.2128,0.7544,0.8551,0.3697
ALPHA-63-544,30,Male,The Idealistic Activist,59.5096,0.6181,0.5271,0.7397,0.8559,0.1968,0.1895,0.3972,0.7196,0.7726,0.7523
ALPHA-98-588,40,Male,The Community Builder,69.8570,0.7220,0.8968,0.9179,0.3900,0.4473,0.4512,0.5622,0.8611,0.8117,0.5001
ALPHA-99-261,46,Male,The Cautious Observer,66.6180,0.4716,0.9048,0.6312,0.7847,0.4399,0.8279,0.7031,0.1183,0.1070,0.3654
ALPHA-04-798,20,Female,The Idealistic Activist,67.2935,0.7469,0.6361,0.9802,0.7625,0.1076,0.3199,0.4564,0.4038,0.6744,0.4141
ALPHA-84-282,36,Female,The Cautious Observer,53.2649,0.4651,0.8634,0.1718,0.3944,0.4281,0.6077,0.8381,0.7319,0.1149,0.3758
ALPHA-86-641,58,Female,The Idealistic Activist,63.0899,0.7999,0.4014,0.8315,0.7470,0.2689,0.2008,0.4597,0.8307,0.9054,0.2572
ALPHA-86-261,54,Female,The Disillusioned Artist,52.3540,0.4656,0.6941,0.4462,0.7922,0.7497,0.3129,0.3105,0.6971,0.5920,0.3864
ALPHA-47-229,32,Male,The Cautious Observer,74.8955,0.2932,0.6210,0.7044,0.5044,0.8303,0.8750,0.8726,0.5268,0.2081,0.7298
ALPHA-28-036,48,Male,The Stoic Engineer,60.1168,0.5644,0.4158,0.7200,0.2953,0.9182,0.7761,0.6631,0.8039,0.3510,0.1537
ALPHA-90-893,16,Male,The Ambitious Entrepreneur,37.4435,0.3012,0.1977,0.1387,0.8444,0.7856,0.4734,0.3345,0.8415,0.5793,0.2084
ALPHA-81-850,46,Male,The Idealistic Activist,66.7599,0.8101,0.6379,0.7491,0.4258,0.3991,0.2536,0.4723,0.1941,0.8799,0.8858
ALPHA-16-063,52,Male,The Idealistic Activist,57.3521,0.5722,0.6474,0.8056,0.3855,0.1528,0.3254,0.3511,0.3639,0.7492,0.6860
ALPHA-45-983,47,Male,The Community Builder,81.6075,0.8971,0.8967,0.8764,0.3076,0.5391,0.4268,0.8233,0.8288,0.8158,0.7977
ALPHA-13-184,22,Female,The Idealistic Activist,59.5307,0.6084,0.3027,0.9072,0.8115,0.8790,0.3418,0.2858,0.6494,0.7612,0.2654
ALPHA-79-986,39,Female,The Stoic Engineer,59.1637,0.6460,0.4534,0.1410,0.4068,0.6683,0.7558,0.5082,0.8845,0.3202,0.5521
ALPHA-67-986,39,Female,The Idealistic Activist,62.2447,0.5709,0.8377,0.8729,0.5465,0.4209,0.1492,0.4173,0.2024,0.7960,0.5445
ALPHA-98-129,36,Male,The Ambitious Entrepreneur,46.1733,0.2824,0.8965,0.5611,0.9209,0.6016,0.5469,0.1802,0.8431,0.6111,0.4774
ALPHA-67-177,24,Female,The Stoic Engineer,74.5169,0.4248,0.3383,0.6129,0.5414,0.6383,0.8834,0.8529,0.7006,0.3965,0.6391
ALPHA-47-742,43,Female,The Stoic Engineer,58.5595,0.6030,0.4569,0.4577,0.7039,0.8820,0.8099,0.7031,0.9544,0.2920,0.1179
ALPHA-91-368,48,Female,The Cautious Observer,72.9572,0.4951,0.7806,0.8637,0.5391,0.5613,0.6750,0.8046,0.3769,0.3144,0.7106
ALPHA-53-450,58,Female,The Stoic Engineer,61.1740,0.5801,0.3714,0.1545,0.1190,0.8998,0.8109,0.8439,0.8819,0.2773,0.3289
ALPHA-79-389,16,Female,The Ambitious Entrepreneur,40.1016,0.1222,0.4941,0.2268,0.9087,0.4251,0.3051,0.1954,0.7455,0.6513,0.7833
ALPHA-52-089,58,Female,The Disillusioned Artist,41.2406,0.2436,0.6990,0.6024,0.1418,0.9022,0.1707,0.2936,0.3255,0.3776,0.3982
ALPHA-22-400,29,Male,The Idealistic Activist,55.4124,0.5653,0.5387,0.8309,0.7769,0.1985,0.4639,0.2770,0.6290,0.8107,0.2771
ALPHA-07-265,77,Male,The Ambitious Entrepreneur,45.5999,0.4122,0.4379,0.2482,0.7778,0.8389,0.5120,0.3915,0.6514,0.7256,0.3696
ALPHA-61-563,20,Female,The Cautious Observer,70.0384,0.2062,0.9012,0.5693,0.2340,0.3373,0.7114,0.9893,0.4132,0.2675,0.6713
ALPHA-13-025,55,Female,The Idealistic Activist,56.8588,0.5143,0.5555,0.9123,0.4887,0.7240,0.1803,0.3206,0.5348,0.6439,0.5619
ALPHA-08-647,18,Male,The Disillusioned Artist,49.6920,0.3880,0.7036,0.7198,0.7297,0.7815,0.3277,0.2830,0.5056,0.4003,0.4522
ALPHA-79-300,24,Female,The Disillusioned Artist,56.7901,0.4832,0.5186,0.4829,0.5602,0.9184,0.2440,0.5682,0.5262,0.3171,0.7065
ALPHA-89-801,22,Male,The Disillusioned Artist,46.6587,0.2369,0.6171,0.5430,0.4675,0.8741,0.1927,0.2559,0.8003,0.4871,0.8301
ALPHA-72-686,48,Male,The Community Builder,64.7682,0.8047,0.5555,0.7306,0.2328,0.6229,0.4683,0.2984,0.3511,0.7886,0.5595
ALPHA-85-068,51,Male,The Ambitious Entrepreneur,44.3810,0.2404,0.8571,0.6814,0.8953,0.3114,0.5780,0.2217,0.7004,0.8630,0.2354
ALPHA-26-173,27,Female,The Stoic Engineer,61.2768,0.3020,0.2716,0.6916,0.1845,0.9432,0.9463,0.6218,0.8599,0.3715,0.1617
ALPHA-29-194,16,Female,The Ambitious Entrepreneur,53.6486,0.7852,0.5966,0.3646,0.8532,0.3653,0.5279,0.2837,0.6906,0.5168,0.1441
ALPHA-73-127,64,Male,The Cautious Observer,51.7854,0.2013,0.7095,0.3493,0.6586,0.1665,0.6833,0.7543,0.1929,0.1674,0.2990
ALPHA-22-520,47,Female,The Disillusioned Artist,53.3705,0.2848,0.6195,0.5492,0.7016,0.9582,0.3689,0.2180,0.7409,0.3992,0.7367
ALPHA-44-722,80,Male,The Ambitious Entrepreneur,59.2285,0.3252,0.2141,0.5990,0.9147,0.7337,0.4406,0.2231,0.7633,0.5704,0.7676
ALPHA-47-172,46,Female,The Community Builder,73.7851,0.7859,0.8632,0.7897,0.8900,0.2391,0.6911,0.8590,0.3157,0.8323,0.5863
ALPHA-29-749,60,Male,The Idealistic Activist,63.6552,0.5611,0.7166,0.9295,0.2367,0.1992,0.1799,0.4393,0.2011,0.6019,0.7300
ALPHA-84-038,22,Male,The Stoic Engineer,57.4532,0.3549,0.4610,0.2970,0.8175,0.7016,0.8532,0.6799,0.9725,0.1938,0.1228
ALPHA-23-087,57,Female,The Ambitious Entrepreneur,40.5368,0.1645,0.3447,0.4912,0.8039,0.8696,0.3523,0.1250,0.7389,0.7715,0.4626
ALPHA-27-922,52,Female,The Idealistic Activist,62.5909,0.8123,0.8229,0.9461,0.3246,0.5268,0.1674,0.3177,0.4374,0.8438,0.6154
ALPHA-15-319,36,Female,The Cautious Observer,73.4967,0.2463,0.6376,0.6784,0.5331,0.5457,0.8941,0.7705,0.6071,0.3757,0.6735
ALPHA-20-121,28,Male,The Cautious Observer,56.8735,0.2711,0.6266,0.1494,0.1387,0.8384,0.8506,0.9608,0.3085,0.2733,0.2909
ALPHA-87-153,49,Male,The Ambitious Entrepreneur,62.9052,0.4788,0.8514,0.6849,0.8064,0.1746,0.6482,0.3387,0.6415,0.7270,0.6420
ALPHA-16-589,26,Female,The Community Builder,62.2788,0.7783,0.5355,0.9070,0.4268,0.6914,0.4911,0.2936,0.8094,0.8132,0.6039
ALPHA-79-023,60,Male,The Idealistic Activist,61.3747,0.8813,0.2785,0.7707,0.5146,0.3345,0.4191,0.2313,0.6023,0.6715,0.1910
ALPHA-92-652,55,Male,The Disillusioned Artist,49.6745,0.1225,0.7481,0.6423,0.6216,0.8998,0.3544,0.2534,0.1982,0.4328,0.8815
ALPHA-20-083,48,Female,The Cautious Observer,69.9110,0.2042,0.8803,0.3624,0.7979,0.1095,0.6160,0.9811,0.5107,0.2298,0.8768
ALPHA-24-594,18,Female,The Idealistic Activist,59.9713,0.6445,0.2589,0.9534,0.5769,0.1380,0.2394,0.3532,0.5187,0.6297,0.5895
ALPHA-32-381,51,Male,The Idealistic Activist,63.1987,0.8728,0.4389,0.8785,0.3565,0.8483,0.1189,0.4822,0.1117,0.9282,0.5111
ALPHA-72-587,64,Male,The Community Builder,58.7879,0.6137,0.2951,0.8065,0.6242,0.6207,0.5231,0.1309,0.7493,0.9119,0.7954
ALPHA-33-323,18,Male,The Ambitious Entrepreneur,52.3651,0.2330,0.2581,0.4593,0.7990,0.7866,0.6286,0.2496,0.6079,0.8890,0.3006
ALPHA-73-620,19,Male,The Community Builder,64.7138,0.6898,0.2296,0.7962,0.1344,0.8643,0.6320,0.3886,0.2417,0.9614,0.7599
ALPHA-96-688,38,Female,The Stoic Engineer,66.7254,0.6338,0.4008,0.4794,0.3881,0.8577,0.9162,0.7444,0.8992,0.2365,0.6222
ALPHA-76-743,45,Female,The Cautious Observer,68.1723,0.2684,0.7073,0.6080,0.7097,0.3112,0.7212,0.9075,0.4528,0.3889,0.4121
ALPHA-67-025,49,Male,The Cautious Observer,53.2982,0.3976,0.7552,0.1275,0.5032,0.6824,0.6663,0.7046,0.8022,0.2593,0.5976
ALPHA-66-117,31,Female,The Disillusioned Artist,45.8922,0.2830,0.6085,0.5427,0.3549,0.8241,0.2801,0.2394,0.5948,0.5279,0.4997
ALPHA-46-079,38,Male,The Cautious Observer,62.1465,0.3237,0.9136,0.2710,0.4374,0.1525,0.6444,0.9731,0.7875,0.3263,0.5452
ALPHA-62-585,73,Female,The Cautious Observer,68.8813,0.2083,0.8085,0.7001,0.6708,0.3730,0.7127,0.7927,0.3742,0.2813,0.5952
ALPHA-93-927,28,Male,The Ambitious Entrepreneur,40.8243,0.2254,0.8944,0.1864,0.7363,0.4069,0.3707,0.2995,0.6526,0.5885,0.4165
ALPHA-96-201,60,Male,The Stoic Engineer,72.3065,0.4830,0.3567,0.5851,0.1129,0.8624,0.7025,0.8084,0.9586,0.1776,0.7279
ALPHA-77-888,58,Female,The Stoic Engineer,63.1376,0.6811,0.3497,0.2806,0.2040,0.8517,0.8186,0.7390,0.9893,0.1256,0.1307
ALPHA-91-082,40,Male,The Ambitious Entrepreneur,58.0769,0.8904,0.8049,0.4510,0.8477,0.6419,0.4070,0.1585,0.8293,0.8971,0.6071
ALPHA-92-057,44,Male,The Idealistic Activist,55.2592,0.8418,0.7619,0.9781,0.1715,0.7329,0.4491,0.2588,0.8706,0.8893,0.1507
ALPHA-57-101,43,Male,The Cautious Observer,62.5035,0.2509,0.7810,0.6258,0.4025,0.6365,0.6551,0.9129,0.8456,0.2892,0.6552
ALPHA-23-040,52,Male,The Stoic Engineer,56.3125,0.4967,0.3118,0.1190,0.2407,0.9132,0.8587,0.6240,0.8707,0.1485,0.2929
ALPHA-39-077,60,Female,The Idealistic Activist,66.0063,0.6990,0.5136,0.7903,0.3428,0.1694,0.1725,0.3417,0.7145,0.6129,0.7933
ALPHA-54-267,44,Female,The Disillusioned Artist,47.7312,0.3300,0.8165,0.4379,0.2005,0.9880,0.1588,0.2850,0.2020,0.5299,0.5921
ALPHA-04-012,36,Female,The Community Builder,64.2774,0.9159,0.8742,0.8639,0.1832,0.2316,0.4332,0.2389,0.6766,0.9665,0.6993
ALPHA-80-812,57,Female,The Stoic Engineer,58.3880,0.5141,0.2888,0.2792,0.3966,0.7003,0.8821,0.6295,0.7860,0.1816,0.4410
ALPHA-17-651,40,Female,The Cautious Observer,63.2166,0.4171,0.6162,0.8137,0.2557,0.1371,0.7893,0.9243,0.6155,0.3789,0.1107
ALPHA-19-153,16,Male,The Community Builder,70.7795,0.6856,0.7427,0.7864,0.7516,0.8261,0.5069,0.8324,0.1229,0.7512,0.8000
ALPHA-20-405,38,Female,The Disillusioned Artist,44.2502,0.4473,0.8775,0.5643,0.1529,0.9120,0.2032,0.3761,0.2303,0.5031,0.2281
ALPHA-53-117,51,Male,The Idealistic Activist,55.5591,0.5087,0.1515,0.8993,0.7041,0.8042,0.3167,0.3069,0.3759,0.8002,0.4832
ALPHA-50-226,33,Female,The Ambitious Entrepreneur,65.6278,0.6410,0.1885,0.7824,0.9541,0.4663,0.6156,0.1434,0.8925,0.8671,0.5757
ALPHA-60-326,49,Female,The Ambitious Entrepreneur,57.1578,0.5820,0.5729,0.8537,0.8177,0.1103,0.6180,0.1241,0.6973,0.6786,0.1394
ALPHA-05-877,35,Female,The Idealistic Activist,69.6737,0.7522,0.7275,0.9689,0.8250,0.5117,0.3312,0.4109,0.1222,0.6599,0.6799
ALPHA-97-444,24,Male,The Ambitious Entrepreneur,58.5065,0.1567,0.1995,0.6105,0.7362,0.1747,0.4247,0.3250,0.9375,0.8912,0.7886
ALPHA-69-011,19,Female,The Cautious Observer,68.8372,0.3141,0.9022,0.4179,0.1230,0.4196,0.6450,0.8635,0.1662,0.3102,0.8925
ALPHA-42-371,33,Male,The Community Builder,75.9952,0.8202,0.4975,0.9483,0.1034,0.2515,0.7564,0.7132,0.7241,0.8706,0.6309
ALPHA-49-247,19,Female,The Idealistic Activist,68.2127,0.6572,0.8243,0.8943,0.1489,0.7708,0.3064,0.4916,0.6989,0.6940,0.6338
ALPHA-25-109,46,Female,The Stoic Engineer,62.0218,0.4916,0.2104,0.2478,0.4292,0.9223,0.8084,0.5140,0.8477,0.2841,0.5232
ALPHA-59-841,46,Female,The Community Builder,80.2315,0.9231,0.1378,0.9036,0.1093,0.7448,0.6313,0.7448,0.5579,0.8022,0.5529
ALPHA-06-114,57,Female,The Community Builder,77.1669,0.7511,0.1435,0.9717,0.6269,0.2371,0.5974,0.8607,0.8652,0.9366,0.5397
ALPHA-53-990,16,Female,The Stoic Engineer,68.3810,0.3661,0.4139,0.7955,0.3729,0.7845,0.6845,0.6392,0.8353,0.2357,0.6686
ALPHA-17-040,31,Female,The Disillusioned Artist,42.8147,0.1950,0.7861,0.4781,0.4804,0.8862,0.3909,0.3665,0.5859,0.5836,0.2321
ALPHA-82-362,52,Female,The Idealistic Activist,56.7681,0.7002,0.7781,0.8098,0.2473,0.7366,0.1034,0.3504,0.6578,0.9406,0.4397
ALPHA-06-795,35,Male,The Cautious Observer,71.0741,0.2432,0.7591,0.6422,0.7944,0.6221,0.8094,0.8423,0.7527,0.3529,0.7255
ALPHA-96-332,47,Male,The Ambitious Entrepreneur,50.0379,0.5281,0.4457,0.1486,0.7986,0.7214,0.4013,0.2987,0.7831,0.6308,0.7198
ALPHA-58-924,46,Female,The Ambitious Entrepreneur,48.5434,0.2831,0.6351,0.5247,0.9400,0.5613,0.4706,0.1791,0.7833,0.8948,0.2834
ALPHA-75-332,31,Male,The Idealistic Activist,62.9535,0.7946,0.4367,0.9246,0.4308,0.2671,0.1001,0.4097,0.4082,0.7478,0.3327
ALPHA-02-283,24,Female,The Community Builder,82.8899,0.8924,0.4073,0.9765,0.4097,0.4855,0.6834,0.8237,0.8570,0.7336,0.7912
ALPHA-83-601,35,Female,The Ambitious Entrepreneur,64.8835,0.5426,0.2982,0.6287,0.8111,0.4396,0.6783,0.1952,0.6005,0.8275,0.7349
ALPHA-21-665,32,Female,The Ambitious Entrepreneur,44.5346,0.2701,0.2806,0.5013,0.9175,0.7722,0.5044,0.2182,0.9024,0.8107,0.2144
ALPHA-57-127,36,Male,The Ambitious Entrepreneur,59.6372,0.4157,0.3035,0.1556,0.8272,0.1437,0.6407,0.3446,0.8208,0.6920,0.8343
ALPHA-05-764,38,Male,The Stoic Engineer,74.4762,0.4695,0.4515,0.7225,0.1046,0.6568,0.6599,0.8346,0.9841,0.3497,0.7128
ALPHA-37-506,48,Female,The Cautious Observer,65.2055,0.4107,0.6555,0.4753,0.4242,0.8456,0.6802,0.8485,0.7698,0.2469,0.6585
ALPHA-88-644,39,Male,The Cautious Observer,81.1812,0.3767,0.9406,0.8685,0.8381,0.4764,0.8998,0.9350,0.7773,0.3214,0.7251
ALPHA-63-520,49,Female,The Disillusioned Artist,50.7285,0.2004,0.8892,0.4776,0.2281,0.8997,0.1580,0.3581,0.6446,0.4648,0.5988
ALPHA-40-131,19,Male,The Ambitious Entrepreneur,45.5300,0.7647,0.6670,0.3916,0.9090,0.5779,0.3512,0.2197,0.7519,0.5611,0.1886
ALPHA-39-949,45,Female,The Ambitious Entrepreneur,56.2424,0.6996,0.1921,0.4303,0.7246,0.3272,0.6337,0.3607,0.6958,0.5464,0.2652
ALPHA-06-879,28,Female,The Idealistic Activist,65.9417,0.5541,0.5237,0.9454,0.1735,0.1004,0.1744,0.4176,0.6661,0.8064,0.8508
ALPHA-57-475,29,Male,The Community Builder,76.0243,0.6699,0.8626,0.9201,0.8808,0.5536,0.6010,0.5103,0.5542,0.9468,0.8851
ALPHA-79-296,32,Male,The Idealistic Activist,51.8699,0.6314,0.2390,0.8771,0.5652,0.2215,0.2196,0.4634,0.4088,0.8415,0.1003
ALPHA-81-199,66,Male,The Idealistic Activist,64.0332,0.7221,0.5441,0.9290,0.1875,0.6823,0.3539,0.2188,0.6319,0.7867,0.7502
ALPHA-63-944,38,Male,The Community Builder,79.3274,0.7982,0.5932,0.7194,0.4638,0.1447,0.7125,0.7199,0.5247,0.7338,0.6970
ALPHA-24-876,24,Male,The Cautious Observer,58.5200,0.3832,0.8722,0.5715,0.7385,0.4160,0.7788,0.7040,0.3311,0.3230,0.2728
ALPHA-49-773,25,Female,The Idealistic Activist,59.2065,0.6079,0.3365,0.7625,0.6850,0.6850,0.3862,0.3276,0.4641,0.6206,0.3804
ALPHA-86-667,16,Male,The Cautious Observer,52.8784,0.2812,0.9313,0.1911,0.8025,0.1191,0.8737,0.7273,0.2082,0.1805,0.1111
ALPHA-21-400,25,Female,The Idealistic Activist,52.5735,0.7347,0.8288,0.7637,0.2260,0.8258,0.2625,0.3907,0.4944,0.6584,0.3012
ALPHA-27-578,42,Female,The Community Builder,66.0679,0.8511,0.7016,0.9173,0.5247,0.2520,0.4670,0.1346,0.2289,0.8088,0.6458
ALPHA-21-356,26,Female,The Idealistic Activist,59.0393,0.8322,0.8265,0.8601,0.8932,0.8671,0.1159,0.3559,0.8539,0.9115,0.5724
ALPHA-15-339,55,Male,The Community Builder,74.1605,0.7656,0.6925,0.9630,0.1695,0.6209,0.7305,0.6121,0.5147,0.9720,0.5656
ALPHA-84-787,51,Female,The Idealistic Activist,60.7301,0.6528,0.6688,0.8727,0.3225,0.6410,0.3690,0.4304,0.6801,0.9000,0.5148
ALPHA-10-534,33,Female,The Ambitious Entrepreneur,55.5973,0.7833,0.6652,0.8272,0.9033,0.3852,0.6638,0.2249,0.8213,0.6489,0.1454
ALPHA-60-054,60,Female,The Ambitious Entrepreneur,50.0322,0.2506,0.2945,0.6303,0.7591,0.4352,0.3934,0.3328,0.7518,0.7232,0.6472
ALPHA-85-933,29,Male,The Community Builder,75.2019,0.7175,0.7271,0.9528,0.6820,0.3473,0.7151,0.7396,0.3981,0.7652,0.7902
ALPHA-23-203,23,Male,The Disillusioned Artist,50.1366,0.1388,0.5977,0.7765,0.8982,0.8667,0.1339,0.5550,0.1652,0.4592,0.5660
ALPHA-46-724,26,Male,The Idealistic Activist,60.1937,0.6658,0.5228,0.8282,0.4910,0.8151,0.2172,0.4676,0.7265,0.7892,0.5458
ALPHA-00-030,36,Male,The Idealistic Activist,56.4774,0.7042,0.1495,0.7569,0.4706,0.2058,0.4197,0.2751,0.6017,0.9274,0.4072
ALPHA-96-736,24,Female,The Idealistic Activist,67.8647,0.5417,0.2548,0.7686,0.4391,0.8620,0.3633,0.4960,0.7110,0.9321,0.8282
ALPHA-57-362,47,Male,The Stoic Engineer,65.6977,0.6407,0.3672,0.1593,0.7251,0.6193,0.8728,0.8614,0.9416,0.2784,0.2235
ALPHA-91-415,33,Male,The Community Builder,66.5534,0.7681,0.6077,0.8968,0.6100,0.8014,0.4673,0.4564,0.6067,0.7530,0.7241
ALPHA-81-644,31,Female,The Cautious Observer,58.2500,0.2231,0.8942,0.1717,0.7332,0.5826,0.7030,0.7531,0.6532,0.3492,0.6231
ALPHA-73-167,16,Female,The Stoic Engineer,72.8838,0.4422,0.4001,0.6525,0.3015,0.9215,0.8407,0.8520,0.8672,0.1166,0.8156
ALPHA-09-814,21,Female,The Cautious Observer,49.8700,0.3714,0.7385,0.1496,0.5531,0.5503,0.7885,0.8126,0.5902,0.1489,0.1380
ALPHA-72-447,30,Male,The Stoic Engineer,56.3261,0.3130,0.3268,0.5424,0.1607,0.9058,0.8302,0.5927,0.8150,0.3053,0.1872
ALPHA-34-835,63,Male,The Cautious Observer,61.8810,0.3960,0.7985,0.2220,0.2792,0.3667,0.6028,0.7905,0.8601,0.2334,0.5678
ALPHA-93-936,69,Female,The Ambitious Entrepreneur,52.9620,0.1057,0.1459,0.7688,0.7173,0.4581,0.4687,0.3184,0.8265,0.8984,0.5350
ALPHA-74-413,20,Male,The Ambitious Entrepreneur,52.0620,0.8007,0.3438,0.2062,0.8291,0.2584,0.3275,0.1399,0.9306,0.5257,0.6013
ALPHA-63-536,24,Female,The Idealistic Activist,55.1588,0.7063,0.5058,0.7723,0.7433,0.3572,0.2297,0.3005,0.1179,0.9332,0.5214
ALPHA-63-525,25,Male,The Idealistic Activist,60.4520,0.8486,0.1703,0.7908,0.8918,0.5088,0.3695,0.2243,0.6118,0.6584,0.3323
ALPHA-93-769,37,Female,The Community Builder,71.9490,0.7233,0.6228,0.9508,0.4170,0.8055,0.7552,0.3385,0.7432,0.8058,0.5814
ALPHA-09-117,38,Male,The Idealistic Activist,59.1615,0.8691,0.4657,0.7498,0.5321,0.2810,0.4153,0.2249,0.5446,0.8890,0.2339
ALPHA-68-481,32,Male,The Idealistic Activist,63.2871,0.6505,0.5900,0.9756,0.3132,0.4869,0.4785,0.4071,0.8445,0.6445,0.2094
ALPHA-90-314,29,Male,The Stoic Engineer,70.0290,0.6800,0.2852,0.6362,0.6959,0.9196,0.8060,0.7123,0.7805,0.1762,0.1694
ALPHA-94-322,61,Female,The Disillusioned Artist,51.7353,0.3073,0.5579,0.4719,0.6809,0.7002,0.3755,0.4166,0.4809,0.4235,0.7190
ALPHA-40-366,54,Female,The Ambitious Entrepreneur,61.9287,0.7788,0.3405,0.4433,0.7420,0.1532,0.5778,0.3375,0.6977,0.5059,0.6136
ALPHA-97-238,16,Female,The Ambitious Entrepreneur,51.5947,0.4389,0.6680,0.3511,0.8036,0.3618,0.5216,0.2004,0.8630,0.8039,0.7738
ALPHA-19-764,41,Male,The Idealistic Activist,67.8829,0.7905,0.5109,0.7506,0.2265,0.3951,0.4876,0.4843,0.6638,0.6654,0.8650
ALPHA-25-340,43,Female,The Community Builder,62.5132,0.7032,0.1444,0.9794,0.8794,0.7139,0.6049,0.1064,0.8340,0.8873,0.5140
ALPHA-71-092,63,Female,The Cautious Observer,69.7949,0.3881,0.7303,0.5446,0.8263,0.7459,0.8433,0.9796,0.6472,0.1512,0.8746
ALPHA-79-494,57,Female,The Idealistic Activist,71.5503,0.8372,0.8151,0.7859,0.7174,0.1010,0.4235,0.4948,0.3301,0.7718,0.5795
ALPHA-99-489,38,Female,The Stoic Engineer,55.9772,0.6158,0.4117,0.4396,0.4968,0.6187,0.8289,0.7203,0.9563,0.1176,0.1128
ALPHA-14-460,16,Male,The Stoic Engineer,58.1538,0.3992,0.2822,0.1931,0.1017,0.6886,0.8220,0.7121,0.9358,0.3226,0.3501
ALPHA-40-760,44,Male,The Disillusioned Artist,46.5831,0.2290,0.6900,0.4091,0.6064,0.9404,0.1338,0.4043,0.4435,0.4220,0.4266
ALPHA-73-257,43,Male,The Idealistic Activist,58.4345,0.6329,0.4885,0.7554,0.4456,0.2206,0.1136,0.3670,0.1092,0.6403,0.5502
ALPHA-17-097,16,Female,The Community Builder,70.2438,0.8074,0.4314,0.9691,0.7064,0.3291,0.7985,0.3591,0.4757,0.9035,0.5056
ALPHA-28-849,44,Male,The Ambitious Entrepreneur,49.9272,0.4348,0.8260,0.4168,0.8178,0.5844,0.5121,0.3822,0.6887,0.5893,0.2346
ALPHA-22-465,28,Male,The Idealistic Activist,53.3741,0.7729,0.6225,0.9745,0.2244,0.1187,0.1116,0.4141,0.8729,0.6491,0.2204
ALPHA-45-650,36,Female,The Stoic Engineer,68.3352,0.3523,0.2089,0.6758,0.5654,0.8800,0.7489,0.7670,0.9462,0.1939,0.6527
ALPHA-68-651,58,Female,The Community Builder,69.8480,0.7870,0.3309,0.8201,0.7562,0.3028,0.7234,0.5014,0.3398,0.8885,0.5268
ALPHA-15-992,31,Female,The Idealistic Activist,64.0027,0.7364,0.1011,0.8851,0.8735,0.1940,0.1729,0.4632,0.2031,0.7598,0.5810
ALPHA-95-319,45,Female,The Community Builder,61.0596,0.9118,0.7453,0.8929,0.8832,0.1016,0.4476,0.2260,0.4748,0.7354,0.5639
ALPHA-63-152,47,Female,The Disillusioned Artist,48.8841,0.2489,0.5269,0.4926,0.4012,0.8602,0.1827,0.2601,0.2442,0.5041,0.8325
ALPHA-67-749,48,Male,The Idealistic Activist,58.9855,0.7756,0.2234,0.8411,0.1139,0.3956,0.1791,0.2913,0.2985,0.7820,0.8049
ALPHA-74-304,55,Male,The Stoic Engineer,57.2779,0.4847,0.4808,0.2856,0.1086,0.8307,0.8531,0.7960,0.9665,0.1710,0.2934
ALPHA-13-215,16,Female,The Disillusioned Artist,41.1897,0.4743,0.8157,0.5062,0.1654,0.8203,0.1360,0.2765,0.4327,0.4826,0.2432
ALPHA-40-078,53,Male,The Ambitious Entrepreneur,54.8860,0.1151,0.4670,0.5004,0.7568,0.7764,0.3922,0.3846,0.8663,0.7093,0.6834
ALPHA-54-899,31,Female,The Idealistic Activist,54.0889,0.5478,0.1653,0.7796,0.7188,0.8417,0.3103,0.2791,0.4897,0.6294,0.4735
ALPHA-04-877,33,Male,The Cautious Observer,76.0344,0.4389,0.8138,0.5539,0.3104,0.4624,0.8309,0.9428,0.1990,0.1411,0.7201
ALPHA-31-578,45,Female,The Stoic Engineer,75.0364,0.6727,0.4197,0.5659,0.8708,0.8797,0.8748,0.7437,0.7689,0.2689,0.8303
ALPHA-05-316,40,Female,The Idealistic Activist,54.6792,0.6199,0.2809,0.8819,0.7781,0.5030,0.1911,0.3600,0.6651,0.7798,0.3915
ALPHA-86-153,31,Male,The Stoic Engineer,69.1377,0.6333,0.3355,0.4813,0.4925,0.7331,0.8479,0.7672,0.8770,0.3653,0.7692
ALPHA-25-543,53,Female,The Disillusioned Artist,54.0394,0.4220,0.7894,0.7685,0.1320,0.7536,0.1614,0.5871,0.5229,0.5826,0.5234
ALPHA-61-021,50,Female,The Cautious Observer,57.6705,0.4889,0.8689,0.1489,0.7462,0.2956,0.7545,0.7617,0.8398,0.2444,0.4464
ALPHA-13-755,45,Female,The Idealistic Activist,63.0460,0.6568,0.7944,0.8035,0.7258,0.4726,0.3595,0.3186,0.6048,0.6509,0.4549
ALPHA-60-025,51,Male,The Cautious Observer,60.7080,0.2091,0.7639,0.3040,0.5940,0.3401,0.8014,0.7701,0.4596,0.2888,0.3429
ALPHA-84-545,16,Female,The Ambitious Entrepreneur,48.3389,0.6365,0.2612,0.3546,0.7630,0.7857,0.6724,0.3439,0.7042,0.8157,0.1684
ALPHA-20-786,57,Female,The Idealistic Activist,53.7223,0.5487,0.2534,0.9523,0.2636,0.2554,0.2767,0.2928,0.5742,0.7642,0.1744
ALPHA-05-257,60,Male,The Cautious Observer,66.8805,0.3273,0.7233,0.7376,0.4908,0.6100,0.6012,0.8390,0.2472,0.1288,0.5759
ALPHA-23-915,47,Female,The Ambitious Entrepreneur,61.3060,0.6247,0.8563,0.8234,0.7485,0.5768,0.4907,0.2382,0.9138,0.7301,0.4234
ALPHA-81-008,16,Male,The Idealistic Activist,66.1889,0.8168,0.6995,0.8441,0.1666,0.4064,0.4452,0.2955,0.5447,0.8309,0.7682
ALPHA-77-151,49,Male,The Idealistic Activist,54.8210,0.5103,0.1231,0.8376,0.2557,0.2938,0.4969,0.3971,0.6582,0.8442,0.1987
ALPHA-08-278,53,Female,The Ambitious Entrepreneur,54.1256,0.4554,0.2679,0.2323,0.9624,0.3156,0.4603,0.3642,0.6216,0.7621,0.5882
ALPHA-24-138,39,Male,The Idealistic Activist,62.5905,0.7174,0.2382,0.8797,0.3584,0.8687,0.4570,0.2803,0.2751,0.6628,0.7025
ALPHA-97-677,77,Female,The Community Builder,62.6193,0.7464,0.5290,0.7058,0.8235,0.2674,0.4614,0.2672,0.7835,0.7330,0.8064
ALPHA-91-979,24,Female,The Ambitious Entrepreneur,67.2182,0.7926,0.2849,0.7781,0.9050,0.3280,0.6620,0.3505,0.8983,0.8892,0.7639
ALPHA-48-546,38,Female,The Idealistic Activist,65.5808,0.8090,0.2336,0.9507,0.8621,0.5733,0.4802,0.2268,0.8777,0.6980,0.3814
ALPHA-85-310,16,Male,The Disillusioned Artist,52.4275,0.1332,0.7268,0.7777,0.6460,0.7249,0.2650,0.5410,0.6599,0.3072,0.4757
ALPHA-88-425,50,Female,The Stoic Engineer,67.1555,0.3708,0.3709,0.5336,0.6444,0.7622,0.6684,0.7038,0.9609,0.3834,0.8923
ALPHA-70-132,81,Male,The Stoic Engineer,66.6625,0.5217,0.4421,0.4534,0.5193,0.8767,0.8611,0.6883,0.7303,0.2725,0.8396
ALPHA-22-370,31,Male,The Stoic Engineer,67.7721,0.4581,0.4733,0.7651,0.6261,0.7736,0.8493,0.5108,0.8830,0.2069,0.6615
ALPHA-02-643,37,Female,The Community Builder,67.2066,0.6085,0.2515,0.9034,0.5388,0.6191,0.4320,0.3054,0.8567,0.8387,0.6205
ALPHA-51-008,24,Female,The Idealistic Activist,56.8533,0.5477,0.3997,0.9208,0.4316,0.8238,0.1287,0.2254,0.7686,0.8073,0.4533
ALPHA-14-747,49,Male,The Community Builder,77.6134,0.8722,0.5060,0.7528,0.6011,0.5097,0.6793,0.5326,0.1784,0.9102,0.8000
ALPHA-25-088,18,Female,The Idealistic Activist,52.4288,0.7324,0.7434,0.7064,0.6733,0.4011,0.1241,0.2079,0.7398,0.6647,0.6796
ALPHA-79-423,68,Male,The Community Builder,66.1943,0.6250,0.2754,0.9312,0.3844,0.7763,0.4695,0.1874,0.7936,0.7837,0.6391
ALPHA-35-465,42,Female,The Ambitious Entrepreneur,57.1225,0.8901,0.3895,0.8227,0.8706,0.6909,0.4383,0.3350,0.9206,0.8252,0.1215
ALPHA-53-174,26,Female,The Community Builder,64.0159,0.9042,0.5733,0.7302,0.6694,0.5709,0.5231,0.1142,0.5249,0.8305,0.7842
ALPHA-54-535,39,Female,The Idealistic Activist,61.7285,0.5139,0.1405,0.9881,0.2356,0.5718,0.3059,0.3991,0.7032,0.7509,0.7214
ALPHA-84-228,35,Female,The Ambitious Entrepreneur,61.1393,0.8416,0.8838,0.8002,0.7408,0.1323,0.3958,0.1954,0.8826,0.8101,0.3181
ALPHA-96-547,60,Male,The Cautious Observer,69.1530,0.2510,0.7135,0.4976,0.1913,0.7238,0.8517,0.9299,0.3177,0.2417,0.8643
ALPHA-97-361,25,Female,The Community Builder,66.7526,0.7753,0.3290,0.7498,0.2534,0.3349,0.7122,0.2581,0.6990,0.7473,0.5931
ALPHA-54-785,58,Male,The Community Builder,82.3548,0.8541,0.3966,0.9495,0.7111,0.2418,0.7426,0.6178,0.5865,0.7767,0.6801
ALPHA-89-269,35,Male,The Ambitious Entrepreneur,48.2738,0.2158,0.4647,0.7872,0.7976,0.5158,0.3688,0.2959,0.7058,0.7001,0.3065
ALPHA-65-834,60,Male,The Community Builder,69.5727,0.9161,0.5928,0.9013,0.6242,0.3330,0.5601,0.5484,0.2259,0.8045,0.5162
ALPHA-69-178,33,Male,The Disillusioned Artist,50.6138,0.2070,0.7623,0.7078,0.5694,0.8806,0.3893,0.5640,0.3214,0.4266,0.4326
ALPHA-04-731,29,Female,The Cautious Observer,72.9588,0.3391,0.7607,0.5051,0.2767,0.6219,0.8736,0.7306,0.6650,0.2993,0.8409
ALPHA-60-260,85,Female,The Community Builder,77.2479,0.8809,0.2118,0.8709,0.4108,0.5895,0.7851,0.4098,0.5335,0.7295,0.8106
ALPHA-64-336,37,Male,The Idealistic Activist,60.6631,0.8482,0.1753,0.8046,0.3784,0.5524,0.3746,0.3033,0.3055,0.7965,0.4362
ALPHA-13-635,25,Male,The Cautious Observer,69.2259,0.3824,0.7209,0.4287,0.7051,0.7451,0.7337,0.7265,0.7792,0.1695,0.7695
ALPHA-61-955,64,Female,The Idealistic Activist,60.9190,0.8764,0.4785,0.9008,0.7039,0.6248,0.1210,0.2925,0.1036,0.7219,0.7247
ALPHA-29-700,38,Male,The Cautious Observer,72.5104,0.3745,0.8778,0.8814,0.7496,0.2978,0.6830,0.9075,0.3124,0.3450,0.4286
ALPHA-13-293,47,Male,The Ambitious Entrepreneur,55.9831,0.2152,0.7433,0.7587,0.7045,0.4074,0.5463,0.3508,0.9441,0.8708,0.2693
ALPHA-16-396,39,Male,The Community Builder,67.8466,0.6626,0.7128,0.7724,0.1830,0.7007,0.5184,0.6674,0.3385,0.8661,0.6909
ALPHA-64-547,41,Male,The Idealistic Activist,59.2287,0.8233,0.6145,0.8379,0.1269,0.6657,0.4817,0.4579,0.8494,0.7828,0.2463
ALPHA-23-982,60,Female,The Disillusioned Artist,47.9718,0.1697,0.7380,0.7830,0.1674,0.9521,0.1733,0.2552,0.5638,0.2323,0.1813
ALPHA-01-612,36,Male,The Disillusioned Artist,50.0873,0.3560,0.6628,0.5540,0.3054,0.7752,0.2168,0.4786,0.8924,0.5574,0.2841
ALPHA-57-876,32,Female,The Community Builder,68.6285,0.9069,0.3054,0.7442,0.4248,0.2718,0.6571,0.2157,0.3928,0.8714,0.7772
ALPHA-39-476,70,Female,The Disillusioned Artist,42.9192,0.1648,0.5759,0.5411,0.3746,0.7950,0.1190,0.2998,0.7426,0.4491,0.5542
ALPHA-44-927,42,Male,The Stoic Engineer,60.5433,0.3822,0.4964,0.4696,0.1910,0.7753,0.8122,0.5786,0.7466,0.3368,0.3369
ALPHA-88-240,16,Female,The Ambitious Entrepreneur,57.4206,0.5117,0.3790,0.8444,0.7542,0.6506,0.6572,0.2030,0.7913,0.6730,0.1635
ALPHA-63-888,52,Male,The Community Builder,76.1842,0.8367,0.4609,0.9849,0.4257,0.6142,0.6900,0.5103,0.2303,0.7533,0.5942
ALPHA-43-552,40,Female,The Community Builder,69.7764,0.7969,0.8446,0.9236,0.7205,0.7669,0.4865,0.6739,0.2542,0.7452,0.5958
ALPHA-43-200,45,Male,The Ambitious Entrepreneur,44.8369,0.2396,0.3614,0.3508,0.8010,0.8224,0.6641,0.1711,0.6214,0.8869,0.4715
ALPHA-74-562,19,Female,The Idealistic Activist,53.3972,0.5482,0.8025,0.7530,0.6577,0.6615,0.2456,0.4150,0.3287,0.6437,0.5056
ALPHA-41-572,23,Female,The Ambitious Entrepreneur,55.8570,0.8339,0.5458,0.2908,0.8748,0.7715,0.3876,0.3920,0.7700,0.8610,0.6818
ALPHA-58-750,41,Male,The Cautious Observer,66.8599,0.4090,0.6890,0.6477,0.2195,0.4781,0.7425,0.8003,0.8679,0.2982,0.3371
ALPHA-60-584,32,Male,The Idealistic Activist,65.1891,0.7103,0.5757,0.9852,0.5537,0.5338,0.1468,0.4360,0.8809,0.7269,0.4229
ALPHA-31-587,46,Male,The Ambitious Entrepreneur,56.8520,0.4186,0.5894,0.7630,0.9125,0.4810,0.3236,0.3127,0.9236,0.6318,0.5737
ALPHA-16-870,37,Female,The Community Builder,74.0719,0.9175,0.4930,0.8554,0.7423,0.4756,0.4798,0.5476,0.3445,0.7105,0.6932
ALPHA-18-323,50,Female,The Community Builder,68.2644,0.8026,0.1982,0.8883,0.2815,0.4627,0.5240,0.6721,0.8981,0.8638,0.5257
ALPHA-70-248,52,Male,The Cautious Observer,63.7551,0.4190,0.6842,0.6079,0.4056,0.8726,0.7566,0.9840,0.8851,0.2200,0.2028
ALPHA-95-915,47,Female,The Community Builder,73.6949,0.7999,0.6064,0.8424,0.7277,0.6734,0.5798,0.6361,0.7959,0.7281,0.8081
ALPHA-44-300,19,Male,The Stoic Engineer,63.5141,0.5534,0.2285,0.5851,0.1674,0.6911,0.6331,0.8275,0.8441,0.3408,0.2772
ALPHA-63-765,37,Male,The Ambitious Entrepreneur,55.9490,0.7741,0.7345,0.2203,0.9426,0.1329,0.5503,0.3461,0.7030,0.8734,0.3622
ALPHA-58-336,56,Female,The Stoic Engineer,61.9107,0.5366,0.4173,0.3227,0.3224,0.7757,0.7700,0.5525,0.7379,0.3172,0.5656
ALPHA-53-827,52,Male,The Disillusioned Artist,49.2081,0.2023,0.6458,0.4992,0.4726,0.9380,0.3567,0.5582,0.5314,0.5956,0.1469
ALPHA-55-488,85,Female,The Disillusioned Artist,52.5459,0.3191,0.7181,0.7858,0.2861,0.8456,0.3634,0.3280,0.1610,0.3204,0.4429
ALPHA-92-056,64,Male,The Community Builder,70.7888,0.7375,0.7281,0.8818,0.5722,0.3727,0.4333,0.5097,0.8405,0.9377,0.6835
ALPHA-27-893,77,Male,The Community Builder,78.1833,0.7830,0.6070,0.7760,0.5135,0.5490,0.6455,0.7608,0.6545,0.9557,0.6137
ALPHA-05-076,45,Male,The Disillusioned Artist,57.4670,0.3967,0.7323,0.5982,0.7891,0.8257,0.3404,0.4656,0.5676,0.5283,0.4521
ALPHA-22-202,30,Female,The Community Builder,67.5612,0.7982,0.4154,0.9694,0.5056,0.3774,0.5660,0.5695,0.6137,0.9614,0.5044
ALPHA-69-359,67,Male,The Stoic Engineer,58.1616,0.4435,0.2565,0.3427,0.6505,0.8392,0.7704,0.7997,0.7427,0.2972,0.3206
ALPHA-82-747,29,Male,The Ambitious Entrepreneur,56.4019,0.7750,0.7102,0.6021,0.9804,0.4753,0.4508,0.3702,0.7274,0.5067,0.5475
ALPHA-89-577,26,Female,The Community Builder,73.9238,0.7890,0.4845,0.7009,0.5729,0.7675,0.4422,0.6302,0.1596,0.8249,0.7864
ALPHA-26-007,65,Male,The Idealistic Activist,57.4814,0.8584,0.5087,0.8027,0.4313,0.2623,0.1931,0.4774,0.4088,0.8758,0.4185
ALPHA-67-492,41,Male,The Idealistic Activist,60.5596,0.8469,0.1218,0.9458,0.7482,0.4362,0.3381,0.2444,0.4160,0.8749,0.2782
ALPHA-66-074,33,Female,The Ambitious Entrepreneur,50.6854,0.1840,0.6537,0.3757,0.8741,0.7712,0.3046,0.1309,0.8142,0.6596,0.8486
ALPHA-15-851,19,Female,The Disillusioned Artist,50.4247,0.4317,0.5148,0.7384,0.7484,0.9084,0.3990,0.2989,0.7520,0.3600,0.4220
ALPHA-85-150,44,Female,The Cautious Observer,57.8547,0.3090,0.9296,0.1879,0.6772,0.8815,0.6002,0.8620,0.7530,0.1166,0.8330
ALPHA-43-131,59,Male,The Idealistic Activist,64.0672,0.5939,0.4414,0.9122,0.3130,0.1895,0.1455,0.3118,0.5743,0.7955,0.7149
ALPHA-02-793,16,Female,The Disillusioned Artist,56.1297,0.3215,0.5634,0.5520,0.8999,0.7546,0.2433,0.5705,0.8815,0.3385,0.7821
ALPHA-66-081,53,Male,The Stoic Engineer,65.8669,0.4484,0.3486,0.3659,0.2356,0.9174,0.6620,0.7872,0.9851,0.3853,0.7637
ALPHA-37-330,20,Male,The Community Builder,74.4016,0.6224,0.2855,0.7407,0.5839,0.4648,0.6565,0.6679,0.8494,0.7136,0.7817
ALPHA-07-945,27,Female,The Stoic Engineer,66.1626,0.4835,0.3913,0.6881,0.4939,0.8630,0.6243,0.7883,0.7633,0.2882,0.6165
ALPHA-98-315,31,Female,The Disillusioned Artist,48.3278,0.3107,0.5160,0.7195,0.2915,0.7005,0.1899,0.5840,0.2323,0.2671,0.4047
ALPHA-78-882,53,Female,The Cautious Observer,60.9571,0.4355,0.6900,0.6598,0.7572,0.5601,0.6080,0.7847,0.4427,0.2130,0.2010
ALPHA-12-986,49,Male,The Idealistic Activist,58.6707,0.8185,0.2594,0.9103,0.5755,0.3923,0.4426,0.2532,0.3286,0.8859,0.4187
ALPHA-72-459,34,Female,The Community Builder,72.1348,0.6783,0.5440,0.9109,0.6616,0.4834,0.5776,0.8948,0.1214,0.8315,0.7077
ALPHA-01-460,56,Female,The Ambitious Entrepreneur,57.0193,0.5798,0.6853,0.7925,0.9075,0.6680,0.5511,0.1172,0.8096,0.7391,0.7270
ALPHA-51-697,28,Male,The Cautious Observer,69.8007,0.2795,0.7767,0.8465,0.6208,0.3837,0.8911,0.9059,0.7036,0.3625,0.3728
ALPHA-89-927,42,Male,The Disillusioned Artist,54.4784,0.4338,0.7110,0.7688,0.1605,0.8261,0.3630,0.5888,0.7859,0.2725,0.2690
ALPHA-03-213,21,Male,The Community Builder,67.9688,0.8165,0.8887,0.8085,0.8284,0.6250,0.5584,0.2828,0.4523,0.8309,0.7977
ALPHA-91-052,50,Male,The Community Builder,72.2057,0.7803,0.8433,0.8824,0.7434,0.1527,0.4286,0.6120,0.2372,0.9528,0.8047
ALPHA-03-172,72,Female,The Disillusioned Artist,56.4646,0.4008,0.6831,0.5561,0.5752,0.7943,0.2605,0.5665,0.5536,0.2555,0.3483
ALPHA-97-320,44,Male,The Ambitious Entrepreneur,48.2117,0.3740,0.6216,0.4242,0.9395,0.7491,0.3728,0.2300,0.6888,0.8621,0.1503
ALPHA-57-521,47,Female,The Idealistic Activist,60.8783,0.5348,0.6720,0.9348,0.2943,0.6254,0.1918,0.2243,0.5153,0.7562,0.5621
ALPHA-61-103,39,Male,The Stoic Engineer,65.6280,0.3875,0.2369,0.4635,0.1058,0.8420,0.8342,0.6161,0.8664,0.2927,0.5587
ALPHA-14-907,62,Female,The Stoic Engineer,60.9933,0.5715,0.3187,0.4852,0.1232,0.7184,0.6133,0.8909,0.7079,0.1227,0.3104
ALPHA-03-020,44,Female,The Disillusioned Artist,51.4441,0.2377,0.6014,0.5407,0.3405,0.9348,0.2493,0.5445,0.6821,0.3648,0.5776
ALPHA-63-268,63,Female,The Idealistic Activist,58.2907,0.5460,0.3753,0.7760,0.1584,0.2492,0.1566,0.3671,0.7738,0.9411,0.8943
ALPHA-54-363,62,Male,The Cautious Observer,60.5420,0.3675,0.6834,0.3165,0.6947,0.1863,0.8292,0.8788,0.1476,0.1216,0.2103
ALPHA-85-619,64,Female,The Stoic Engineer,60.7276,0.3171,0.4615,0.1437,0.2871,0.7305,0.8942,0.7235,0.8615,0.2612,0.5415
ALPHA-70-366,52,Female,The Community Builder,68.0840,0.9381,0.5256,0.9299,0.2311,0.4277,0.5017,0.5302,0.6581,0.9001,0.6037
ALPHA-78-538,47,Female,The Stoic Engineer,58.0146,0.5799,0.4480,0.2704,0.4394,0.7305,0.7932,0.5393,0.9664,0.3486,0.6097
ALPHA-05-940,48,Female,The Disillusioned Artist,54.2007,0.3900,0.8770,0.6341,0.5256,0.9340,0.1831,0.5960,0.1130,0.4993,0.6929
ALPHA-56-026,41,Female,The Disillusioned Artist,42.5595,0.2188,0.6056,0.6505,0.2902,0.7566,0.2022,0.2203,0.6026,0.4771,0.3260
ALPHA-72-653,56,Female,The Community Builder,65.3540,0.7587,0.4000,0.9857,0.6741,0.7005,0.4289,0.4083,0.4153,0.8401,0.6656
ALPHA-65-948,22,Female,The Idealistic Activist,64.5741,0.7829,0.8746,0.8330,0.6262,0.6633,0.4908,0.2577,0.6363,0.6195,0.7142
ALPHA-53-667,21,Female,The Idealistic Activist,63.8048,0.7386,0.8265,0.9191,0.4680,0.4811,0.1851,0.3768,0.5623,0.6962,0.5718
ALPHA-96-688,51,Female,The Ambitious Entrepreneur,58.1947,0.1787,0.8803,0.8035,0.8834,0.7074,0.5968,0.2163,0.6900,0.5645,0.8224
ALPHA-05-060,37,Male,The Disillusioned Artist,47.9932,0.3861,0.8175,0.5777,0.7598,0.7689,0.1027,0.2670,0.6954,0.2418,0.5914
ALPHA-44-534,51,Female,The Idealistic Activist,57.5331,0.8616,0.4191,0.8556,0.8693,0.8739,0.2877,0.2023,0.1192,0.7940,0.1292
ALPHA-57-125,44,Male,The Idealistic Activist,56.1602,0.7741,0.7881,0.7123,0.4908,0.4508,0.3880,0.4745,0.1502,0.7931,0.2601
ALPHA-01-594,67,Female,The Disillusioned Artist,55.2089,0.4148,0.5415,0.4441,0.7625,0.8734,0.2585,0.4319,0.6297,0.4659,0.7386
ALPHA-19-453,31,Female,The Cautious Observer,52.4943,0.4068,0.8222,0.3689,0.4737,0.1906,0.7680,0.7166,0.4537,0.1927,0.1472
ALPHA-68-156,37,Male,The Cautious Observer,56.9716,0.2542,0.9370,0.1393,0.1360,0.3689,0.8071,0.9229,0.5051,0.1485,0.4072
ALPHA-92-687,37,Male,The Cautious Observer,64.0939,0.4917,0.6125,0.2068,0.2770,0.3779,0.6938,0.7122,0.6276,0.3669,0.5810
ALPHA-95-206,57,Female,The Ambitious Entrepreneur,48.9889,0.4538,0.3396,0.1789,0.9156,0.5889,0.6590,0.1618,0.7952,0.6666,0.7396
ALPHA-45-331,42,Female,The Disillusioned Artist,60.8351,0.4902,0.8267,0.7938,0.5680,0.9211,0.3557,0.3220,0.4731,0.2096,0.5094
ALPHA-41-767,42,Female,The Cautious Observer,63.9245,0.2646,0.9213,0.8616,0.8303,0.6762,0.7575,0.9527,0.7049,0.1122,0.1398
ALPHA-83-654,34,Female,The Idealistic Activist,62.3175,0.6640,0.5281,0.7910,0.6588,0.6732,0.2270,0.3068,0.1889,0.9310,0.6177
ALPHA-90-679,24,Female,The Stoic Engineer,66.1275,0.4450,0.4937,0.6358,0.6166,0.7495,0.7323,0.6173,0.8671,0.1345,0.8187
ALPHA-75-207,50,Female,The Ambitious Entrepreneur,52.9033,0.5770,0.8337,0.2188,0.7476,0.5434,0.5675,0.2007,0.8992,0.8268,0.8440
ALPHA-07-295,38,Female,The Idealistic Activist,53.9269,0.5940,0.2106,0.7646,0.5868,0.8308,0.3693,0.2464,0.3910,0.9176,0.5900
ALPHA-09-873,44,Female,The Cautious Observer,68.4452,0.4921,0.6552,0.5784,0.2812,0.5853,0.6186,0.7960,0.3467,0.2907,0.7302
ALPHA-94-266,16,Male,The Community Builder,66.3934,0.6143,0.6170,0.9348,0.6728,0.8099,0.7595,0.4886,0.4570,0.8571,0.5383
ALPHA-12-343,31,Female,The Stoic Engineer,58.4803,0.6024,0.2124,0.4653,0.5699,0.8804,0.6093,0.7057,0.8121,0.1369,0.4706
ALPHA-10-542,39,Male,The Community Builder,63.3786,0.6717,0.7960,0.7300,0.3877,0.7882,0.4148,0.3421,0.3987,0.8733,0.5201
ALPHA-42-358,16,Female,The Ambitious Entrepreneur,54.2463,0.2878,0.1211,0.3081,0.8292,0.1668,0.5431,0.1739,0.7181,0.8591,0.6735
ALPHA-75-778,37,Male,The Ambitious Entrepreneur,44.6132,0.5805,0.1080,0.3569,0.7439,0.8095,0.3748,0.1104,0.9462,0.7764,0.2613
ALPHA-27-624,54,Female,The Idealistic Activist,53.0787,0.5885,0.6529,0.9136,0.2278,0.2314,0.2430,0.2891,0.6416,0.8776,0.3490
ALPHA-68-417,54,Female,The Cautious Observer,67.3434,0.4495,0.8485,0.3667,0.8536,0.1696,0.8271,0.7511,0.7022,0.2545,0.7378
ALPHA-04-982,42,Male,The Stoic Engineer,63.0009,0.5959,0.2834,0.3415,0.4836,0.6486,0.8100,0.6397,0.8011,0.3397,0.7217
ALPHA-09-823,46,Male,The Ambitious Entrepreneur,65.5554,0.6439,0.6866,0.8770,0.8510,0.5203,0.6103,0.3113,0.8004,0.6861,0.7972
ALPHA-86-926,18,Male,The Cautious Observer,59.1301,0.3912,0.6341,0.3037,0.5529,0.5731,0.6145,0.9419,0.2282,0.2613,0.6132
ALPHA-23-682,44,Female,The Community Builder,77.9260,0.9402,0.2588,0.9702,0.4066,0.8235,0.4522,0.3157,0.8662,0.8848,0.8653
ALPHA-51-010,36,Female,The Stoic Engineer,63.4983,0.4947,0.2116,0.6861,0.5232,0.8952,0.7342,0.6053,0.9720,0.3442,0.6797
ALPHA-32-108,67,Female,The Ambitious Entrepreneur,62.5694,0.8988,0.8846,0.2795,0.8739,0.1734,0.3579,0.3406,0.6342,0.6444,0.6881
ALPHA-45-786,16,Female,The Disillusioned Artist,55.7113,0.4536,0.5708,0.6393,0.2860,0.7860,0.3542,0.2635,0.6304,0.2171,0.6728
ALPHA-13-296,44,Female,The Stoic Engineer,65.8172,0.6484,0.3061,0.3559,0.8188,0.8892,0.6285,0.8978,0.7144,0.3803,0.4188
ALPHA-09-591,39,Female,The Disillusioned Artist,45.0367,0.3106,0.8789,0.5023,0.6219,0.8930,0.1357,0.5930,0.1270,0.2959,0.1792
ALPHA-94-088,22,Female,The Disillusioned Artist,50.0252,0.3392,0.7675,0.4961,0.7852,0.8515,0.3153,0.2185,0.7572,0.3573,0.8801
ALPHA-06-200,43,Female,The Cautious Observer,74.8844,0.4958,0.6314,0.5938,0.6059,0.2751,0.7635,0.9643,0.3058,0.2938,0.8550
ALPHA-15-933,33,Male,The Idealistic Activist,60.9547,0.7744,0.5149,0.7811,0.1651,0.6410,0.2787,0.2169,0.8953,0.9370,0.5736
ALPHA-87-980,39,Female,The Stoic Engineer,70.4260,0.4001,0.2688,0.8006,0.3585,0.6562,0.8980,0.6739,0.7618,0.3409,0.3885
ALPHA-44-999,28,Female,The Community Builder,84.6577,0.9047,0.1127,0.9719,0.7719,0.5513,0.7075,0.8694,0.2179,0.8773,0.8931
ALPHA-00-522,39,Male,The Cautious Observer,75.5366,0.3633,0.6027,0.5745,0.5764,0.1544,0.8552,0.8466,0.2478,0.3758,0.7606
ALPHA-92-538,50,Female,The Cautious Observer,60.2780,0.3292,0.8371,0.3515,0.8854,0.5451,0.6773,0.9421,0.4327,0.1936,0.5549
ALPHA-61-458,44,Male,The Community Builder,77.2214,0.8234,0.3395,0.7137,0.3947,0.6548,0.7366,0.8936,0.6986,0.9756,0.8740
ALPHA-85-782,53,Male,The Stoic Engineer,72.2106,0.4834,0.3380,0.8643,0.8054,0.8341,0.7161,0.7538,0.7671,0.1774,0.8793
ALPHA-64-564,45,Male,The Disillusioned Artist,47.6264,0.2302,0.6969,0.7524,0.6965,0.7837,0.3689,0.2153,0.8007,0.5236,0.3042
ALPHA-35-783,46,Female,The Ambitious Entrepreneur,58.9192,0.5417,0.3424,0.6165,0.9749,0.6683,0.6178,0.3605,0.7454,0.8976,0.4265
ALPHA-54-116,48,Female,The Disillusioned Artist,47.3814,0.2859,0.5283,0.5895,0.3184,0.9744,0.3055,0.4193,0.3282,0.5152,0.4783
ALPHA-23-251,26,Female,The Cautious Observer,57.6973,0.3472,0.6925,0.4676,0.6526,0.3918,0.7475,0.8036,0.2970,0.1167,0.2316
ALPHA-71-095,58,Female,The Ambitious Entrepreneur,52.0123,0.7271,0.3887,0.2376,0.9321,0.6454,0.6110,0.3839,0.6484,0.7135,0.4314
ALPHA-20-600,27,Male,The Stoic Engineer,69.3000,0.5033,0.4893,0.8212,0.2280,0.8375,0.7383,0.6524,0.7159,0.1417,0.5026
ALPHA-07-429,40,Male,The Disillusioned Artist,50.4948,0.2067,0.7916,0.6969,0.2971,0.9574,0.1161,0.4243,0.8387,0.5923,0.8163
ALPHA-13-238,48,Male,The Cautious Observer,62.3668,0.2285,0.6193,0.6183,0.7338,0.3967,0.7925,0.8228,0.3049,0.2763,0.4128
ALPHA-09-468,62,Female,The Cautious Observer,63.1363,0.2976,0.8951,0.5203,0.7751,0.6257,0.7340,0.8359,0.1077,0.1025,0.2586
ALPHA-87-858,42,Female,The Disillusioned Artist,40.3590,0.1011,0.5523,0.4439,0.7627,0.9580,0.3344,0.2824,0.7710,0.5556,0.4385
ALPHA-90-867,18,Male,The Idealistic Activist,61.8907,0.6612,0.8680,0.9807,0.7874,0.7363,0.1459,0.4305,0.8252,0.6710,0.8331
ALPHA-30-865,82,Male,The Ambitious Entrepreneur,39.1729,0.2228,0.3599,0.3112,0.9806,0.3296,0.3199,0.3666,0.6515,0.5674,0.3086
ALPHA-40-441,39,Female,The Cautious Observer,63.7713,0.3552,0.7629,0.5129,0.4596,0.2318,0.7104,0.8066,0.4122,0.2476,0.4274
ALPHA-95-829,32,Male,The Cautious Observer,64.1710,0.2787,0.6175,0.5145,0.3281,0.2754,0.6176,0.8151,0.4972,0.3093,0.7605
ALPHA-10-344,37,Male,The Community Builder,54.5725,0.7114,0.5979,0.7656,0.2026,0.1603,0.4167,0.1102,0.7847,0.7003,0.5022
ALPHA-51-995,65,Female,The Cautious Observer,68.8479,0.3262,0.6095,0.7413,0.1884,0.4459,0.6224,0.7265,0.4946,0.1411,0.5174
ALPHA-58-497,30,Male,The Cautious Observer,62.0889,0.3879,0.8683,0.7516,0.8184,0.6949,0.6742,0.7177,0.4955,0.3124,0.3437
ALPHA-53-760,53,Female,The Idealistic Activist,69.7822,0.8839,0.1096,0.8723,0.6869,0.4350,0.3289,0.3787,0.8948,0.7373,0.8317
ALPHA-80-110,19,Female,The Community Builder,73.3221,0.8514,0.2431,0.8598,0.5140,0.1931,0.7129,0.3527,0.8310,0.8322,0.5218
ALPHA-94-692,50,Female,The Stoic Engineer,61.7966,0.6004,0.3360,0.5922,0.2412,0.7431,0.6592,0.5844,0.7056,0.3275,0.3606
ALPHA-58-585,56,Male,The Idealistic Activist,60.9295,0.8016,0.6967,0.8315,0.6111,0.3293,0.1414,0.4364,0.8215,0.6883,0.4085
ALPHA-99-003,48,Female,The Ambitious Entrepreneur,59.9034,0.3198,0.5145,0.7669,0.8752,0.5772,0.5783,0.2549,0.8923,0.8737,0.5515
ALPHA-88-834,42,Female,The Disillusioned Artist,47.3713,0.3524,0.7536,0.5811,0.3391,0.7398,0.2450,0.3357,0.8162,0.2433,0.4017
ALPHA-36-087,44,Male,The Idealistic Activist,60.4050,0.5988,0.2110,0.8451,0.7775,0.5625,0.1502,0.3725,0.8332,0.7812,0.8630
ALPHA-16-040,33,Male,The Disillusioned Artist,58.9432,0.1426,0.8459,0.6835,0.6376,0.7829,0.1176,0.4330,0.7855,0.5443,0.8899
ALPHA-29-458,16,Female,The Community Builder,76.6697,0.7267,0.5581,0.7324,0.7697,0.2460,0.7107,0.7723,0.5518,0.8951,0.5205
ALPHA-17-050,16,Female,The Cautious Observer,62.1405,0.4475,0.6252,0.5668,0.8026,0.7369,0.7843,0.8055,0.5939,0.3905,0.3957
ALPHA-78-419,39,Female,The Stoic Engineer,61.7120,0.4176,0.3982,0.3605,0.8722,0.6826,0.8375,0.7173,0.7721,0.1070,0.6281
ALPHA-48-996,51,Female,The Community Builder,74.1724,0.8137,0.2421,0.7558,0.3133,0.1479,0.7686,0.5568,0.5434,0.8262,0.7878
ALPHA-94-688,17,Female,The Stoic Engineer,72.5043,0.6936,0.3785,0.8505,0.8527,0.6880,0.8744,0.8354,0.8414,0.2141,0.3371
ALPHA-49-731,46,Male,The Community Builder,72.7536,0.7935,0.5520,0.8984,0.4810,0.3534,0.7583,0.3933,0.2695,0.9057,0.5538
ALPHA-21-450,32,Male,The Community Builder,69.6573,0.8362,0.7564,0.7967,0.4770,0.8097,0.5081,0.7432,0.8997,0.9086,0.7581
ALPHA-70-152,16,Male,The Community Builder,68.8332,0.7397,0.1167,0.7520,0.4122,0.3255,0.7764,0.1850,0.3246,0.9161,0.5024
ALPHA-45-099,48,Male,The Stoic Engineer,64.2082,0.3577,0.4134,0.5226,0.6478,0.7792,0.8576,0.5095,0.9431,0.1649,0.8822
ALPHA-34-177,39,Male,The Disillusioned Artist,61.2450,0.1878,0.7655,0.7567,0.4734,0.8386,0.3163,0.3720,0.6280,0.3214,0.8711
ALPHA-51-009,34,Male,The Cautious Observer,67.1964,0.3345,0.9278,0.7472,0.5668,0.2736,0.8911,0.7134,0.4309,0.2894,0.7766
ALPHA-63-653,52,Male,The Cautious Observer,69.2772,0.3095,0.8510,0.1746,0.7437,0.6889,0.6923,0.9533,0.1075,0.1311,0.8412
ALPHA-34-242,24,Female,The Community Builder,67.4989,0.8870,0.4485,0.9553,0.6588,0.6828,0.5312,0.1382,0.5725,0.7251,0.6088
ALPHA-78-114,16,Male,The Cautious Observer,69.9769,0.3177,0.7684,0.8243,0.5536,0.5330,0.8288,0.7592,0.5208,0.1619,0.6655
ALPHA-67-680,47,Male,The Stoic Engineer,62.4440,0.3192,0.3199,0.2552,0.8456,0.7435,0.6999,0.8269,0.8735,0.1493,0.7002
ALPHA-61-791,40,Female,The Ambitious Entrepreneur,52.1270,0.5175,0.8549,0.2428,0.8676,0.5625,0.4714,0.3553,0.8783,0.7608,0.3254
ALPHA-46-948,21,Male,The Disillusioned Artist,53.6180,0.2547,0.6155,0.6440,0.8026,0.7238,0.1790,0.5498,0.6873,0.2639,0.4020
ALPHA-81-459,40,Male,The Stoic Engineer,69.0567,0.3734,0.3227,0.5741,0.4657,0.8785,0.6333,0.7653,0.9895,0.3941,0.8078
ALPHA-24-926,55,Male,The Idealistic Activist,69.2789,0.8794,0.3395,0.8015,0.3908,0.2261,0.3355,0.4697,0.4347,0.7458,0.8082
ALPHA-71-463,25,Male,The Disillusioned Artist,46.2361,0.3931,0.6838,0.5041,0.7632,0.9060,0.1094,0.3844,0.5886,0.2363,0.1932
ALPHA-78-307,60,Male,The Community Builder,71.9935,0.8198,0.6584,0.8256,0.1924,0.1280,0.7944,0.2393,0.6715,0.7447,0.7335
ALPHA-57-439,33,Male,The Ambitious Entrepreneur,48.0547,0.4553,0.1118,0.5869,0.8941,0.7711,0.5332,0.2083,0.7682,0.6324,0.1847
ALPHA-47-334,58,Male,The Community Builder,76.4532,0.8656,0.1152,0.8140,0.5613,0.3035,0.5999,0.4669,0.8791,0.9467,0.7856
ALPHA-65-067,48,Female,The Idealistic Activist,59.3881,0.8401,0.4137,0.8216,0.2841,0.7117,0.1009,0.4258,0.7173,0.9220,0.6683
ALPHA-40-489,44,Female,The Community Builder,71.8104,0.6503,0.1023,0.9717,0.6865,0.8605,0.5269,0.4716,0.2439,0.8590,0.8647
ALPHA-32-288,41,Female,The Community Builder,75.0674,0.6725,0.4708,0.9420,0.2334,0.2469,0.5815,0.8022,0.6502,0.7288,0.5267
ALPHA-47-389,38,Female,The Community Builder,65.2252,0.8995,0.5599,0.9360,0.3525,0.3249,0.4278,0.1741,0.5134,0.8526,0.6475
ALPHA-37-759,61,Female,The Ambitious Entrepreneur,58.0623,0.8435,0.4500,0.6443,0.7905,0.1797,0.6038,0.1397,0.9365,0.7540,0.6024
ALPHA-41-358,40,Female,The Stoic Engineer,67.3335,0.5275,0.2058,0.3182,0.1692,0.6204,0.7962,0.5815,0.9624,0.3491,0.6445
ALPHA-47-854,47,Female,The Stoic Engineer,72.1708,0.3685,0.3454,0.6468,0.6018,0.7726,0.8655,0.7298,0.8420,0.2138,0.6468
ALPHA-10-854,33,Female,The Community Builder,71.6108,0.7337,0.1395,0.7926,0.3765,0.4462,0.6663,0.4871,0.1429,0.9120,0.5010
ALPHA-42-637,30,Female,The Disillusioned Artist,43.7128,0.3341,0.6906,0.7171,0.8750,0.8181,0.1412,0.2044,0.7153,0.4142,0.4728
ALPHA-54-839,32,Female,The Stoic Engineer,69.9228,0.3350,0.2582,0.2967,0.2721,0.6029,0.7175,0.8471,0.9809,0.3385,0.8896
ALPHA-78-542,47,Female,The Community Builder,64.2513,0.6458,0.8451,0.7036,0.2184,0.8565,0.5963,0.3008,0.6636,0.8973,0.6828
ALPHA-74-888,44,Female,The Community Builder,71.9581,0.6476,0.5667,0.9613,0.1532,0.2388,0.6965,0.4660,0.7897,0.9738,0.6885
ALPHA-20-268,31,Female,The Ambitious Entrepreneur,42.0379,0.5644,0.3136,0.1161,0.7254,0.7651,0.3196,0.1325,0.8386,0.7164,0.6428
ALPHA-65-003,21,Female,The Ambitious Entrepreneur,49.7643,0.5961,0.8996,0.8029,0.8341,0.2860,0.3102,0.1511,0.9394,0.5132,0.2102
ALPHA-94-026,24,Female,The Idealistic Activist,60.4093,0.8851,0.2662,0.8456,0.4633,0.2362,0.2143,0.2222,0.3629,0.8625,0.3917
ALPHA-81-425,51,Male,The Ambitious Entrepreneur,46.3852,0.1297,0.6820,0.8821,0.7785,0.8634,0.4854,0.2428,0.7904,0.8904,0.3049
ALPHA-55-569,47,Female,The Idealistic Activist,58.6189,0.6680,0.1407,0.9245,0.8917,0.2188,0.4900,0.3167,0.8614,0.7891,0.3309
ALPHA-04-855,31,Female,The Ambitious Entrepreneur,57.1450,0.6987,0.4024,0.2415,0.7606,0.6517,0.5859,0.3229,0.6195,0.6632,0.5418
ALPHA-52-392,45,Male,The Cautious Observer,59.3800,0.2599,0.7567,0.4838,0.8905,0.5214,0.8629,0.7839,0.3957,0.2893,0.1291
ALPHA-64-294,37,Female,The Stoic Engineer,72.4743,0.3180,0.4279,0.8713,0.5523,0.6318,0.6142,0.8518,0.7637,0.2787,0.6968
ALPHA-17-081,21,Female,The Stoic Engineer,73.5544,0.4677,0.3808,0.8566,0.7497,0.6746,0.8797,0.8634,0.9246,0.2867,0.7789
ALPHA-13-640,42,Female,The Disillusioned Artist,60.0634,0.3319,0.6549,0.7795,0.1188,0.8264,0.3782,0.2273,0.1320,0.4294,0.7178
ALPHA-78-655,34,Male,The Disillusioned Artist,46.7391,0.2987,0.7178,0.5670,0.2036,0.8686,0.1537,0.3916,0.7743,0.4641,0.4834
ALPHA-19-491,39,Male,The Cautious Observer,59.7847,0.2778,0.7156,0.6526,0.2281,0.3292,0.7222,0.9832,0.7670,0.1266,0.3297
ALPHA-01-237,16,Female,The Stoic Engineer,57.8697,0.5303,0.2825,0.2101,0.7604,0.7585,0.6850,0.7835,0.7404,0.2063,0.2612
ALPHA-55-927,39,Male,The Stoic Engineer,67.9974,0.6975,0.4167,0.1657,0.3025,0.8374,0.7143,0.7451,0.8354,0.1500,0.7828
ALPHA-28-273,49,Female,The Cautious Observer,71.7446,0.3178,0.9455,0.8604,0.2510,0.5803,0.8758,0.9582,0.8534,0.1771,0.5075
ALPHA-37-011,31,Female,The Community Builder,61.8750,0.6424,0.5727,0.8490,0.4303,0.5310,0.5458,0.1152,0.1364,0.9841,0.8861
ALPHA-37-447,64,Female,The Ambitious Entrepreneur,59.1207,0.4183,0.6210,0.8784,0.8695,0.1941,0.5269,0.1344,0.9099,0.8455,0.3356
ALPHA-37-914,43,Male,The Ambitious Entrepreneur,65.8213,0.8847,0.5522,0.7809,0.8680,0.3172,0.6047,0.1515,0.7970,0.8353,0.8413
ALPHA-90-320,52,Male,The Disillusioned Artist,58.1497,0.1415,0.5119,0.7839,0.1977,0.8958,0.2561,0.5454,0.8208,0.5086,0.5652
ALPHA-30-660,49,Female,The Disillusioned Artist,50.9610,0.1761,0.8317,0.7712,0.7780,0.8860,0.3284,0.4566,0.5998,0.5754,0.6125
ALPHA-38-345,45,Female,The Ambitious Entrepreneur,51.4191,0.8360,0.6507,0.3185,0.8638,0.8548,0.4624,0.1723,0.9146,0.7349,0.3543
ALPHA-94-891,32,Female,The Stoic Engineer,66.1832,0.6630,0.2080,0.4088,0.3790,0.8931,0.7048,0.7172,0.7437,0.2576,0.6353
ALPHA-28-953,60,Female,The Idealistic Activist,58.1303,0.7137,0.8359,0.7577,0.7646,0.5013,0.4205,0.3211,0.1234,0.8076,0.2433
ALPHA-64-734,35,Female,The Community Builder,69.9773,0.6581,0.4499,0.7476,0.4774,0.3235,0.7470,0.7236,0.3061,0.7574,0.7449
ALPHA-86-650,71,Male,The Ambitious Entrepreneur,62.3533,0.8475,0.2695,0.7401,0.8646,0.4836,0.4420,0.1507,0.9049,0.6288,0.8773
ALPHA-37-323,49,Female,The Idealistic Activist,68.7989,0.6242,0.8162,0.7175,0.8184,0.1834,0.4391,0.3479,0.6542,0.6083,0.7936
ALPHA-07-967,44,Male,The Ambitious Entrepreneur,45.9642,0.8608,0.8667,0.1643,0.9268,0.1639,0.3439,0.1330,0.6905,0.7654,0.4812
ALPHA-42-987,51,Male,The Community Builder,77.0645,0.8363,0.7304,0.7674,0.6243,0.4052,0.7197,0.5843,0.7765,0.9189,0.7477
ALPHA-13-833,31,Male,The Stoic Engineer,68.6686,0.4046,0.4368,0.8298,0.1839,0.8367,0.8955,0.6362,0.7082,0.2215,0.6507
ALPHA-30-136,20,Male,The Stoic Engineer,69.5471,0.3826,0.2746,0.8776,0.2679,0.9413,0.9399,0.5719,0.9392,0.1190,0.4964
ALPHA-46-533,57,Female,The Community Builder,65.1994,0.9090,0.1854,0.7174,0.3010,0.6260,0.4226,0.3355,0.2521,0.7237,0.6264
ALPHA-16-465,62,Female,The Community Builder,79.2470,0.7301,0.7792,0.8506,0.8266,0.7782,0.6870,0.8481,0.1891,0.8455,0.7481
ALPHA-68-141,35,Male,The Community Builder,83.1899,0.8279,0.8904,0.8025,0.7065,0.3585,0.6527,0.8839,0.3465,0.8655,0.8430
ALPHA-07-889,46,Female,The Idealistic Activist,55.2914,0.5438,0.8842,0.9275,0.8584,0.8364,0.1973,0.2361,0.8482,0.7631,0.7176
ALPHA-63-984,31,Female,The Cautious Observer,69.1887,0.3920,0.6581,0.6261,0.1146,0.2175,0.8546,0.8689,0.2560,0.1998,0.3678
ALPHA-25-061,19,Male,The Community Builder,68.3312,0.7543,0.4638,0.9602,0.1457,0.7906,0.4602,0.3857,0.2696,0.9442,0.7874
ALPHA-44-630,49,Male,The Disillusioned Artist,45.9229,0.1156,0.5254,0.4301,0.1189,0.7001,0.3464,0.4755,0.7753,0.3405,0.2669
ALPHA-62-905,51,Male,The Ambitious Entrepreneur,60.6181,0.2876,0.6415,0.7301,0.9014,0.8093,0.4277,0.3318,0.8928,0.5723,0.7604
ALPHA-32-454,34,Male,The Stoic Engineer,64.1810,0.3933,0.2896,0.4754,0.7511,0.8759,0.6566,0.7822,0.9702,0.1745,0.3778
ALPHA-63-831,21,Female,The Stoic Engineer,56.0733,0.3810,0.3726,0.4316,0.4249,0.7472,0.7106,0.6459,0.7300,0.1285,0.2293
ALPHA-92-315,56,Male,The Idealistic Activist,69.2888,0.7256,0.6991,0.7714,0.1912,0.8189,0.4871,0.4149,0.3871,0.9412,0.7126
ALPHA-27-201,43,Male,The Idealistic Activist,60.7851,0.8754,0.5052,0.8616,0.2346,0.5384,0.3383,0.4179,0.6126,0.8120,0.5139
ALPHA-03-551,36,Male,The Disillusioned Artist,60.1859,0.4839,0.5409,0.6594,0.8227,0.7895,0.2434,0.5422,0.2017,0.3905,0.5999
ALPHA-64-234,55,Male,The Cautious Observer,58.0026,0.3482,0.9424,0.2535,0.2809,0.5914,0.6096,0.8044,0.2486,0.1482,0.7642
ALPHA-67-551,44,Female,The Stoic Engineer,60.0373,0.4646,0.4858,0.4550,0.7780,0.9373,0.9270,0.7074,0.9392,0.1993,0.1506
ALPHA-54-788,33,Male,The Ambitious Entrepreneur,48.8562,0.3731,0.1525,0.5559,0.8777,0.3906,0.3808,0.2545,0.8114,0.6803,0.4019
ALPHA-95-154,28,Female,The Stoic Engineer,56.7000,0.6696,0.4915,0.4325,0.3417,0.8710,0.8566,0.5570,0.7759,0.1457,0.1975
ALPHA-95-147,29,Female,The Idealistic Activist,50.7992,0.6403,0.5166,0.7365,0.1968,0.7776,0.3133,0.3030,0.4563,0.7294,0.2071
ALPHA-92-104,44,Male,The Ambitious Entrepreneur,51.5597,0.1649,0.5803,0.6287,0.7631,0.1997,0.4534,0.3778,0.7148,0.8492,0.6293
ALPHA-20-082,33,Male,The Idealistic Activist,61.0426,0.8587,0.5703,0.9335,0.2396,0.2167,0.3322,0.4424,0.3785,0.6009,0.2265
ALPHA-12-444,51,Female,The Stoic Engineer,73.5192,0.4480,0.4535,0.5669,0.1920,0.6827,0.7644,0.8932,0.9189,0.1069,0.6131
ALPHA-28-977,59,Female,The Cautious Observer,57.0758,0.4142,0.8492,0.3398,0.7726,0.2370,0.6108,0.8453,0.1876,0.2543,0.2063
ALPHA-22-726,54,Male,The Ambitious Entrepreneur,48.3869,0.6974,0.6253,0.1198,0.9301,0.3901,0.3539,0.1128,0.7915,0.5315,0.6235
ALPHA-67-441,59,Female,The Stoic Engineer,73.3148,0.6692,0.3390,0.7767,0.4908,0.7224,0.6982,0.8260,0.9198,0.2892,0.8565
ALPHA-17-070,36,Male,The Stoic Engineer,63.9898,0.6349,0.2884,0.3008,0.1308,0.7561,0.7763,0.6220,0.9063,0.2695,0.5069
ALPHA-38-360,45,Female,The Stoic Engineer,65.1221,0.5998,0.4329,0.4415,0.6753,0.6281,0.6103,0.6499,0.7382,0.2699,0.7911
ALPHA-46-373,28,Male,The Community Builder,77.9242,0.7420,0.4761,0.7195,0.3566,0.2397,0.7605,0.7567,0.4836,0.9580,0.8070
ALPHA-69-597,16,Female,The Stoic Engineer,62.4505,0.5901,0.2888,0.3426,0.2301,0.7963,0.8899,0.7242,0.9275,0.3340,0.5712
ALPHA-35-789,29,Male,The Idealistic Activist,55.5404,0.6594,0.8970,0.7743,0.5336,0.6362,0.2873,0.2311,0.6669,0.7524,0.3719
ALPHA-47-698,35,Female,The Disillusioned Artist,46.5565,0.1235,0.7927,0.5491,0.6184,0.9244,0.3348,0.2195,0.7485,0.5498,0.5735
ALPHA-46-980,58,Female,The Community Builder,72.4244,0.8499,0.2014,0.9877,0.5073,0.4292,0.6606,0.2953,0.8001,0.9433,0.8477
ALPHA-79-452,34,Female,The Disillusioned Artist,45.0156,0.2100,0.6234,0.5204,0.4337,0.8100,0.1596,0.3914,0.3831,0.5830,0.2841
ALPHA-24-175,33,Male,The Cautious Observer,67.4135,0.3108,0.8586,0.7342,0.6668,0.5090,0.7425,0.8065,0.7463,0.2791,0.3742
ALPHA-25-587,46,Male,The Ambitious Entrepreneur,56.1788,0.5051,0.6672,0.8312,0.9413,0.5063,0.6527,0.2572,0.9106,0.7397,0.4548
ALPHA-96-452,44,Male,The Community Builder,67.7615,0.7583,0.2957,0.9681,0.7468,0.3888,0.7994,0.1469,0.5226,0.7745,0.7483
ALPHA-09-545,49,Male,The Community Builder,64.8782,0.7283,0.5056,0.7588,0.4892,0.4025,0.4986,0.6680,0.4528,0.9546,0.6645
ALPHA-67-134,16,Male,The Stoic Engineer,70.2608,0.3093,0.4103,0.7052,0.5239,0.7863,0.6395,0.5429,0.7415,0.1864,0.8861
ALPHA-40-033,44,Female,The Stoic Engineer,67.9865,0.6424,0.3450,0.7220,0.3461,0.7906,0.7487,0.7332,0.7512,0.1553,0.1811
ALPHA-23-384,58,Male,The Stoic Engineer,67.5666,0.3355,0.4757,0.7940,0.7846,0.6165,0.8324,0.8367,0.7580,0.3502,0.6843
ALPHA-95-156,37,Female,The Disillusioned Artist,51.6843,0.1635,0.5451,0.5208,0.5178,0.7881,0.3026,0.5309,0.1314,0.3842,0.5627
ALPHA-01-982,37,Female,The Community Builder,70.2329,0.9146,0.4391,0.9263,0.8179,0.4064,0.5555,0.5596,0.8357,0.7091,0.6218
ALPHA-08-784,37,Male,The Ambitious Entrepreneur,58.3950,0.6432,0.6951,0.4873,0.9096,0.6708,0.6635,0.2030,0.8508,0.5191,0.7791
ALPHA-11-896,25,Female,The Cautious Observer,78.0864,0.3906,0.8621,0.8043,0.1092,0.3356,0.7630,0.9415,0.6875,0.2842,0.8792
ALPHA-74-517,37,Female,The Stoic Engineer,66.1464,0.3423,0.3774,0.8188,0.7473,0.6021,0.8409,0.6877,0.9842,0.3391,0.3005
ALPHA-19-669,40,Male,The Community Builder,64.6920,0.9001,0.6181,0.7220,0.6545,0.7632,0.7822,0.2168,0.7639,0.8794,0.6678
ALPHA-40-589,16,Male,The Ambitious Entrepreneur,55.6879,0.6373,0.5133,0.3293,0.8112,0.3438,0.3269,0.2275,0.9381,0.6966,0.6409
ALPHA-27-856,16,Male,The Stoic Engineer,64.5370,0.3724,0.3389,0.8364,0.4244,0.8744,0.8302,0.5064,0.8522,0.2513,0.3052
ALPHA-82-741,31,Male,The Disillusioned Artist,57.8245,0.3209,0.6886,0.7980,0.2282,0.8290,0.2797,0.2172,0.4379,0.4566,0.8000
ALPHA-65-382,50,Female,The Community Builder,74.1950,0.6155,0.2581,0.7247,0.1202,0.5965,0.7262,0.7218,0.1420,0.8583,0.7928
ALPHA-78-642,49,Female,The Cautious Observer,69.7079,0.4477,0.6360,0.3727,0.7739,0.1937,0.6135,0.8446,0.5036,0.2616,0.8138
ALPHA-80-105,46,Male,The Cautious Observer,69.9241,0.4980,0.9092,0.6876,0.3065,0.3193,0.8636,0.9850,0.2138,0.3352,0.1663
ALPHA-24-224,20,Female,The Ambitious Entrepreneur,46.7342,0.1533,0.6711,0.6840,0.7479,0.1956,0.4120,0.1650,0.8503,0.7295,0.2886
ALPHA-43-141,46,Male,The Stoic Engineer,79.1067,0.4087,0.3300,0.8409,0.7398,0.7238,0.8152,0.8562,0.9872,0.3728,0.7910
ALPHA-29-248,65,Male,The Community Builder,63.2277,0.9158,0.7677,0.9667,0.2955,0.1902,0.4453,0.1069,0.6965,0.8427,0.5356
ALPHA-34-736,46,Female,The Disillusioned Artist,44.7250,0.1206,0.8596,0.7054,0.7712,0.7588,0.2750,0.4746,0.2235,0.3211,0.1790
ALPHA-90-770,48,Male,The Stoic Engineer,64.6475,0.6133,0.2556,0.6202,0.6950,0.7841,0.9090,0.6633,0.9270,0.2319,0.4734
ALPHA-19-637,41,Female,The Ambitious Entrepreneur,57.3830,0.7188,0.1095,0.4405,0.8952,0.8389,0.4460,0.1590,0.6830,0.8024,0.3946
ALPHA-94-658,20,Male,The Ambitious Entrepreneur,63.4453,0.8093,0.2226,0.8997,0.8627,0.7353,0.3563,0.3462,0.9261,0.7043,0.5196
ALPHA-52-250,50,Male,The Ambitious Entrepreneur,60.8200,0.4655,0.6536,0.7579,0.8445,0.8655,0.3992,0.1768,0.6230,0.6053,0.7445
ALPHA-89-261,54,Male,The Community Builder,71.6118,0.6230,0.4348,0.7949,0.3517,0.3918,0.5931,0.5893,0.8187,0.8352,0.5262
ALPHA-58-766,26,Female,The Stoic Engineer,76.1146,0.5314,0.2154,0.8955,0.4887,0.9365,0.8751,0.6473,0.9761,0.1224,0.4760
ALPHA-62-515,45,Female,The Cautious Observer,64.2458,0.2063,0.6073,0.7754,0.2412,0.5030,0.7481,0.8975,0.7153,0.3926,0.4829
ALPHA-86-784,44,Male,The Community Builder,72.4015,0.6754,0.3759,0.9518,0.7746,0.7270,0.7365,0.5801,0.4818,0.8384,0.8168
ALPHA-59-914,48,Female,The Idealistic Activist,64.8764,0.8774,0.4934,0.8030,0.2113,0.7115,0.3085,0.3182,0.8435,0.6500,0.7661
ALPHA-23-293,65,Male,The Idealistic Activist,56.2289,0.5627,0.6325,0.8068,0.8598,0.4998,0.4882,0.2909,0.2036,0.7689,0.2436
ALPHA-10-999,41,Female,The Community Builder,61.0569,0.6719,0.5293,0.8264,0.5897,0.6334,0.5915,0.1116,0.3256,0.7129,0.7957
ALPHA-84-769,43,Female,The Ambitious Entrepreneur,50.2090,0.1501,0.3526,0.2680,0.8406,0.6324,0.5936,0.1697,0.9176,0.6771,0.6044
ALPHA-71-356,43,Female,The Cautious Observer,58.0084,0.4201,0.8891,0.2756,0.1251,0.2008,0.7221,0.7209,0.3090,0.3198,0.1435
ALPHA-74-190,66,Male,The Stoic Engineer,53.9822,0.3314,0.2890,0.4961,0.8087,0.7196,0.7057,0.6095,0.8214,0.2716,0.3988
ALPHA-63-124,33,Male,The Idealistic Activist,65.0801,0.7789,0.1083,0.9656,0.6321,0.5319,0.3891,0.2883,0.1276,0.6565,0.6528
ALPHA-04-152,36,Female,The Cautious Observer,80.0244,0.4516,0.8263,0.8111,0.5395,0.4982,0.8170,0.9183,0.4531,0.1561,0.8885
ALPHA-31-305,47,Female,The Ambitious Entrepreneur,58.7864,0.3002,0.2545,0.6444,0.8257,0.7308,0.5165,0.1771,0.7595,0.5933,0.7974
ALPHA-28-836,74,Male,The Community Builder,69.5406,0.7333,0.7859,0.7664,0.5916,0.6332,0.6478,0.5993,0.1930,0.8189,0.5346
ALPHA-65-109,44,Male,The Idealistic Activist,69.3966,0.5352,0.1580,0.7559,0.7198,0.4546,0.4629,0.3896,0.4251,0.6801,0.8860
ALPHA-32-093,48,Male,The Idealistic Activist,59.7825,0.7077,0.7499,0.9873,0.7500,0.3385,0.1776,0.3896,0.1527,0.8069,0.7079
ALPHA-31-056,44,Female,The Ambitious Entrepreneur,45.4602,0.3310,0.4027,0.2183,0.9276,0.3268,0.3886,0.1784,0.6713,0.6747,0.3539
ALPHA-57-461,38,Female,The Cautious Observer,56.2986,0.2377,0.9301,0.1694,0.4079,0.6948,0.8320,0.7373,0.7342,0.2912,0.2819
ALPHA-07-924,28,Male,The Ambitious Entrepreneur,51.5204,0.1819,0.8697,0.5185,0.7201,0.4245,0.4105,0.1123,0.9041,0.7756,0.5842
ALPHA-48-594,16,Male,The Stoic Engineer,57.6510,0.5090,0.2122,0.1088,0.8807,0.7232,0.9459,0.7726,0.7353,0.2326,0.4518
ALPHA-90-851,44,Male,The Cautious Observer,61.7992,0.2596,0.9002,0.4303,0.6482,0.5609,0.7168,0.7613,0.4051,0.2560,0.2881
ALPHA-84-284,42,Male,The Disillusioned Artist,56.0266,0.4435,0.7033,0.7629,0.8974,0.7010,0.1697,0.3834,0.8287,0.5693,0.3663
ALPHA-01-849,20,Female,The Idealistic Activist,57.2831,0.8298,0.6778,0.9173,0.3510,0.6517,0.3937,0.2525,0.2004,0.7842,0.2257
ALPHA-42-375,20,Female,The Ambitious Entrepreneur,58.8048,0.7241,0.6036,0.8779,0.7325,0.8294,0.3505,0.3242,0.6174,0.6155,0.2839
ALPHA-55-674,16,Male,The Idealistic Activist,45.8484,0.7131,0.6440,0.7213,0.5278,0.1296,0.1244,0.2175,0.2793,0.6192,0.1566
ALPHA-12-463,43,Female,The Community Builder,73.8821,0.6117,0.5323,0.9243,0.3857,0.6466,0.7204,0.5603,0.2528,0.7090,0.8825
ALPHA-75-592,51,Male,The Cautious Observer,74.3924,0.4572,0.9193,0.8336,0.7976,0.7727,0.7205,0.9399,0.8926,0.2419,0.8076
ALPHA-41-084,25,Male,The Community Builder,77.9157,0.9436,0.6483,0.7466,0.7926,0.6226,0.6524,0.8140,0.6267,0.9385,0.6889
ALPHA-51-645,71,Male,The Stoic Engineer,71.2239,0.5398,0.3389,0.8601,0.5410,0.7714,0.6117,0.7224,0.8656,0.1550,0.4779
ALPHA-90-538,44,Male,The Community Builder,67.3405,0.7146,0.2626,0.8730,0.4951,0.2907,0.4448,0.6146,0.6755,0.9582,0.6293
ALPHA-99-171,48,Female,The Cautious Observer,59.0500,0.2330,0.8908,0.5921,0.4328,0.6990,0.7684,0.8396,0.3755,0.3107,0.4076
ALPHA-71-634,39,Female,The Ambitious Entrepreneur,47.3979,0.3415,0.7304,0.2359,0.8743,0.8472,0.4361,0.1732,0.9071,0.7353,0.4319
ALPHA-79-188,39,Female,The Disillusioned Artist,44.6930,0.2479,0.7171,0.5869,0.1639,0.8987,0.2280,0.3120,0.6383,0.2948,0.5699
ALPHA-88-870,44,Female,The Ambitious Entrepreneur,48.8352,0.5721,0.1102,0.4610,0.8062,0.8449,0.5807,0.1626,0.8475,0.5091,0.3343
ALPHA-94-123,38,Female,The Stoic Engineer,52.3116,0.5311,0.2169,0.2768,0.4908,0.9101,0.6062,0.7148,0.7664,0.1220,0.3387
ALPHA-72-901,43,Male,The Cautious Observer,57.1456,0.3795,0.7737,0.3411,0.4534,0.8787,0.8534,0.7692,0.5100,0.3611,0.2920
ALPHA-52-572,33,Male,The Disillusioned Artist,59.1188,0.1803,0.8739,0.6141,0.2124,0.9436,0.3946,0.4617,0.1012,0.2235,0.8014
ALPHA-08-330,42,Male,The Stoic Engineer,67.9841,0.6383,0.3897,0.5223,0.1365,0.7473,0.6122,0.8726,0.8537,0.1948,0.8149
ALPHA-95-189,16,Male,The Ambitious Entrepreneur,51.3338,0.5911,0.5957,0.4949,0.8838,0.8149,0.6988,0.1604,0.8463,0.8027,0.4719
ALPHA-79-366,37,Female,The Disillusioned Artist,51.2982,0.3751,0.8271,0.7356,0.4445,0.9202,0.2144,0.5596,0.5271,0.2804,0.2288
ALPHA-08-662,37,Female,The Idealistic Activist,55.1751,0.8446,0.3349,0.9658,0.5723,0.5572,0.1305,0.3110,0.1419,0.8922,0.1274
ALPHA-29-235,34,Female,The Community Builder,71.4090,0.7311,0.5468,0.8060,0.2128,0.2093,0.7892,0.5391,0.1902,0.8867,0.7729
ALPHA-83-123,16,Male,The Idealistic Activist,58.8216,0.5560,0.2023,0.7730,0.5472,0.4294,0.2022,0.2160,0.4709,0.7497,0.8679
ALPHA-21-232,46,Male,The Ambitious Entrepreneur,55.8740,0.2301,0.2092,0.8004,0.8791,0.7615,0.5839,0.3409,0.7577,0.7233,0.2808
ALPHA-56-533,53,Female,The Community Builder,65.4150,0.8384,0.1820,0.7632,0.8721,0.1134,0.4730,0.4110,0.6247,0.8170,0.7695
ALPHA-70-048,38,Male,The Ambitious Entrepreneur,55.6911,0.2867,0.6528,0.6662,0.8122,0.3836,0.5240,0.2088,0.9035,0.5888,0.3656
ALPHA-68-138,41,Female,The Ambitious Entrepreneur,62.0331,0.4689,0.7180,0.8944,0.7215,0.8425,0.5637,0.1900,0.6933,0.6715,0.8100
ALPHA-67-089,24,Female,The Idealistic Activist,46.2141,0.6281,0.8412,0.7287,0.3105,0.4924,0.1584,0.2064,0.4297,0.6068,0.1517
ALPHA-95-374,57,Male,The Stoic Engineer,69.6291,0.6344,0.4813,0.6404,0.4338,0.6273,0.8712,0.7349,0.9531,0.1333,0.1779
ALPHA-12-472,34,Male,The Stoic Engineer,54.5211,0.3037,0.2783,0.2595,0.1965,0.7027,0.8500,0.6437,0.9604,0.2477,0.5694
ALPHA-66-617,27,Female,The Idealistic Activist,63.9011,0.8846,0.4115,0.8216,0.1386,0.1329,0.1526,0.3260,0.2183,0.6410,0.4287
ALPHA-02-868,54,Female,The Ambitious Entrepreneur,55.5872,0.1159,0.3289,0.7195,0.8364,0.6797,0.5071,0.1130,0.6652,0.8393,0.8126
ALPHA-53-432,43,Female,The Ambitious Entrepreneur,47.9558,0.7093,0.8050,0.2048,0.7268,0.8584,0.3810,0.1639,0.7342,0.8820,0.2917
ALPHA-73-740,41,Male,The Disillusioned Artist,54.1618,0.4086,0.8258,0.6404,0.6838,0.8698,0.3451,0.5632,0.5179,0.3064,0.6274
ALPHA-37-471,69,Male,The Idealistic Activist,61.5212,0.7513,0.8039,0.7647,0.1674,0.7215,0.2801,0.3251,0.1712,0.8755,0.4822
ALPHA-91-920,59,Male,The Idealistic Activist,70.8117,0.8077,0.5716,0.9462,0.1755,0.4917,0.4296,0.4428,0.4273,0.6253,0.6287
ALPHA-65-884,69,Female,The Community Builder,61.9799,0.8599,0.5305,0.7641,0.6826,0.5273,0.4015,0.2542,0.1293,0.8871,0.7999
ALPHA-26-107,57,Male,The Stoic Engineer,70.9691,0.5434,0.3042,0.4174,0.3207,0.8295,0.7479,0.5359,0.7304,0.1913,0.8426
ALPHA-93-326,62,Female,The Ambitious Entrepreneur,64.2635,0.3744,0.4695,0.8020,0.8135,0.4932,0.6637,0.3722,0.6959,0.7231,0.4653
ALPHA-81-473,53,Male,The Cautious Observer,66.3935,0.3885,0.9059,0.8889,0.6318,0.7795,0.6385,0.8222,0.2983,0.2163,0.1563
ALPHA-39-650,16,Male,The Idealistic Activist,57.2899,0.6124,0.4242,0.9692,0.2909,0.7455,0.2730,0.4479,0.2060,0.8338,0.2715
ALPHA-16-644,26,Female,The Cautious Observer,62.7286,0.3114,0.8208,0.5657,0.4317,0.2724,0.7138,0.8649,0.6254,0.1092,0.4003
ALPHA-27-924,44,Female,The Stoic Engineer,67.4638,0.5566,0.3125,0.3904,0.2283,0.7217,0.7344,0.5672,0.7957,0.1841,0.6621
ALPHA-59-025,42,Female,The Stoic Engineer,63.0424,0.3074,0.4329,0.3618,0.6743,0.9434,0.7933,0.5221,0.8559,0.2908,0.7738
ALPHA-10-844,38,Female,The Cautious Observer,66.4031,0.4784,0.8462,0.3851,0.7847,0.3338,0.7882,0.8264,0.3110,0.1470,0.8233
ALPHA-60-734,28,Male,The Idealistic Activist,57.9588,0.8592,0.5932,0.9333,0.1348,0.3070,0.2704,0.4192,0.4089,0.8754,0.3429
ALPHA-61-421,36,Female,The Idealistic Activist,54.7790,0.6017,0.1067,0.7645,0.6337,0.3402,0.2049,0.3601,0.4525,0.7398,0.6107
ALPHA-34-057,28,Male,The Ambitious Entrepreneur,37.6714,0.1889,0.1606,0.1112,0.8435,0.2563,0.3446,0.1623,0.7247,0.7255,0.1155
ALPHA-86-303,40,Male,The Disillusioned Artist,50.3123,0.3239,0.8492,0.5045,0.7853,0.7168,0.1092,0.5449,0.7577,0.2585,0.7257
ALPHA-06-564,49,Male,The Disillusioned Artist,46.0737,0.2620,0.8951,0.4443,0.3215,0.7343,0.3853,0.3338,0.5156,0.4688,0.4365
ALPHA-64-568,28,Male,The Community Builder,68.1412,0.7188,0.3716,0.7143,0.2534,0.3236,0.7706,0.3568,0.1328,0.7073,0.7344
ALPHA-84-372,16,Male,The Stoic Engineer,60.4656,0.3470,0.4138,0.6813,0.3528,0.9426,0.8631,0.6793,0.8025,0.1299,0.1192
ALPHA-19-047,31,Male,The Disillusioned Artist,52.7918,0.3485,0.7813,0.7991,0.1841,0.7946,0.1647,0.5301,0.5206,0.4312,0.2339
ALPHA-91-458,36,Male,The Cautious Observer,61.2740,0.2557,0.7982,0.5761,0.2285,0.2162,0.7462,0.7587,0.5880,0.1015,0.2610
ALPHA-32-524,61,Male,The Ambitious Entrepreneur,65.2105,0.8191,0.7097,0.5611,0.8794,0.1197,0.5299,0.3378,0.7125,0.5944,0.4800
ALPHA-42-805,64,Male,The Disillusioned Artist,53.0758,0.3331,0.6604,0.5413,0.7778,0.8899,0.3556,0.4126,0.6515,0.2940,0.4095
ALPHA-03-595,54,Female,The Cautious Observer,52.6281,0.3686,0.8783,0.1528,0.8879,0.4923,0.6429,0.9873,0.2665,0.2165,0.1475
ALPHA-25-747,37,Male,The Cautious Observer,57.6920,0.3720,0.8478,0.2115,0.8798,0.3680,0.8546,0.8977,0.7311,0.2076,0.1920
ALPHA-66-520,25,Female,The Ambitious Entrepreneur,48.4278,0.3015,0.2277,0.8623,0.8265,0.2588,0.4111,0.1841,0.7095,0.6218,0.2348
ALPHA-87-537,25,Female,The Stoic Engineer,72.9252,0.6166,0.2254,0.4132,0.3239,0.6167,0.7241,0.8730,0.8167,0.1366,0.6688
ALPHA-81-720,22,Male,The Stoic Engineer,65.8120,0.5773,0.3193,0.6714,0.8321,0.7072,0.7474,0.7118,0.8064,0.3460,0.5571
ALPHA-90-646,39,Female,The Disillusioned Artist,37.2105,0.1968,0.8960,0.4265,0.2422,0.7317,0.1302,0.3113,0.8768,0.4417,0.1084
ALPHA-58-674,21,Female,The Idealistic Activist,67.9393,0.5274,0.1072,0.9893,0.3701,0.7454,0.2563,0.4337,0.7537,0.7798,0.8042
ALPHA-85-085,41,Male,The Stoic Engineer,66.2612,0.5994,0.3754,0.4038,0.6181,0.6578,0.8834,0.7921,0.9094,0.2537,0.2849
ALPHA-57-109,54,Male,The Ambitious Entrepreneur,49.6997,0.4802,0.3809,0.7516,0.9484,0.3306,0.6251,0.1002,0.6258,0.5364,0.1183
ALPHA-97-705,16,Female,The Idealistic Activist,63.2900,0.7338,0.8447,0.7985,0.5698,0.7071,0.2688,0.4960,0.1079,0.8172,0.8596
ALPHA-01-398,47,Male,The Ambitious Entrepreneur,39.7432,0.2688,0.4157,0.4574,0.7641,0.2217,0.3949,0.1955,0.6364,0.6064,0.2992
ALPHA-85-526,29,Female,The Disillusioned Artist,55.2695,0.4158,0.8117,0.7919,0.8315,0.8141,0.1518,0.2642,0.3571,0.2084,0.5426
ALPHA-43-541,45,Male,The Stoic Engineer,62.0866,0.6387,0.2155,0.6467,0.4735,0.7009,0.6572,0.6052,0.9268,0.2582,0.4118
ALPHA-28-342,16,Female,The Community Builder,67.4152,0.8822,0.2851,0.8608,0.6860,0.7904,0.4420,0.4199,0.2608,0.9438,0.5324
ALPHA-13-771,44,Male,The Stoic Engineer,67.1375,0.3031,0.2814,0.2246,0.7622,0.6494,0.8835,0.6650,0.8220,0.3313,0.7388
ALPHA-11-928,26,Female,The Stoic Engineer,62.9088,0.4036,0.3287,0.6211,0.2295,0.8287,0.7157,0.6544,0.8088,0.3935,0.5624
ALPHA-60-079,35,Female,The Community Builder,72.3324,0.9207,0.6303,0.8746,0.1101,0.3056,0.7949,0.2301,0.1824,0.7149,0.7164
ALPHA-19-043,35,Male,The Community Builder,69.9269,0.8683,0.8101,0.7558,0.1298,0.7239,0.5474,0.5490,0.4329,0.8559,0.8485
ALPHA-69-501,45,Male,The Community Builder,77.4179,0.8854,0.1558,0.9314,0.2975,0.1353,0.6429,0.8531,0.6083,0.9308,0.5582
ALPHA-32-516,57,Female,The Disillusioned Artist,55.4365,0.4284,0.5842,0.5754,0.4571,0.7036,0.1503,0.5269,0.2391,0.4644,0.8869
ALPHA-30-000,54,Female,The Idealistic Activist,66.8897,0.7822,0.2734,0.9795,0.2414,0.8912,0.3340,0.2157,0.5506,0.6820,0.7700
ALPHA-06-519,31,Male,The Cautious Observer,78.3492,0.3944,0.7025,0.7947,0.1010,0.2684,0.7128,0.8841,0.2897,0.3607,0.8747
ALPHA-39-287,34,Male,The Ambitious Entrepreneur,51.1614,0.1010,0.8211,0.8509,0.9821,0.2869,0.3715,0.2525,0.9395,0.5473,0.7575
ALPHA-07-013,34,Male,The Community Builder,66.7183,0.8985,0.5684,0.7854,0.2164,0.6256,0.6823,0.3051,0.1097,0.9562,0.7502
ALPHA-31-098,39,Male,The Ambitious Entrepreneur,51.8233,0.6552,0.1313,0.3118,0.8797,0.4795,0.5605,0.2187,0.8188,0.6198,0.5733
ALPHA-74-836,37,Male,The Ambitious Entrepreneur,57.1814,0.8547,0.2252,0.1259,0.8285,0.3145,0.6469,0.2608,0.6892,0.5256,0.3134
ALPHA-24-843,23,Female,The Ambitious Entrepreneur,41.8348,0.3976,0.1448,0.1795,0.8089,0.1732,0.3205,0.3416,0.9366,0.5420,0.2099
ALPHA-48-887,41,Female,The Disillusioned Artist,58.7646,0.4571,0.6905,0.4114,0.3585,0.7923,0.3319,0.5568,0.7326,0.2694,0.7126
ALPHA-50-036,45,Male,The Stoic Engineer,62.5146,0.3234,0.2780,0.2941,0.2476,0.7073,0.9272,0.7269,0.9196,0.2967,0.2914
ALPHA-18-561,40,Male,The Cautious Observer,59.0800,0.4664,0.8772,0.5733,0.5768,0.5474,0.8502,0.7705,0.4629,0.2944,0.2223
ALPHA-23-158,40,Male,The Cautious Observer,59.1390,0.2089,0.8622,0.2510,0.5593,0.5721,0.7683,0.8776,0.5322,0.2279,0.2082
ALPHA-86-064,39,Male,The Cautious Observer,70.3432,0.3701,0.7810,0.7228,0.7330,0.8031,0.6312,0.9058,0.2019,0.3789,0.4142
ALPHA-25-357,16,Female,The Idealistic Activist,56.0358,0.8148,0.4943,0.7322,0.8418,0.1581,0.2340,0.4307,0.4271,0.7393,0.2571
ALPHA-63-646,25,Female,The Cautious Observer,63.8727,0.3970,0.7944,0.4447,0.1627,0.6624,0.8584,0.7782,0.6994,0.3976,0.3808
ALPHA-40-553,58,Male,The Ambitious Entrepreneur,54.7842,0.8642,0.2192,0.6475,0.7288,0.3617,0.3406,0.1647,0.7075,0.5457,0.2644
ALPHA-17-759,35,Male,The Ambitious Entrepreneur,60.6671,0.6815,0.4922,0.3892,0.7742,0.4927,0.4619,0.2605,0.9334,0.6128,0.6651
ALPHA-50-203,51,Male,The Stoic Engineer,80.6352,0.6882,0.4639,0.7550,0.5511,0.9157,0.8540,0.8986,0.7917,0.1227,0.6243
ALPHA-40-738,49,Male,The Idealistic Activist,61.8234,0.7471,0.5876,0.8917,0.7131,0.5536,0.1255,0.4518,0.4689,0.9434,0.6187
ALPHA-25-531,68,Male,The Ambitious Entrepreneur,46.8418,0.5249,0.6845,0.1077,0.8964,0.7163,0.6229,0.2551,0.7264,0.7650,0.3471
ALPHA-72-185,52,Male,The Community Builder,74.1784,0.7537,0.5511,0.9036,0.2034,0.4328,0.4577,0.7714,0.6548,0.8174,0.5114
ALPHA-96-101,41,Male,The Stoic Engineer,56.1932,0.5225,0.2524,0.6039,0.2826,0.8262,0.7425,0.6332,0.8444,0.3943,0.1260
ALPHA-01-022,46,Female,The Cautious Observer,60.1769,0.2181,0.9465,0.2014,0.6592,0.5169,0.8368,0.7914,0.5506,0.1112,0.6430
ALPHA-04-374,66,Female,The Ambitious Entrepreneur,37.6110,0.1971,0.8120,0.1534,0.9305,0.4400,0.3567,0.1816,0.6390,0.7371,0.5418
ALPHA-09-682,22,Female,The Cautious Observer,53.4820,0.3287,0.9154,0.1369,0.1600,0.4971,0.7901,0.8842,0.7649,0.3475,0.3437
ALPHA-45-635,25,Female,The Cautious Observer,69.0091,0.3973,0.7068,0.5042,0.2631,0.7118,0.6996,0.8792,0.5175,0.1583,0.6211
ALPHA-28-415,72,Female,The Cautious Observer,58.5624,0.2750,0.7865,0.6586,0.4380,0.1797,0.8753,0.7899,0.6447,0.3217,0.1446
ALPHA-20-045,39,Female,The Ambitious Entrepreneur,48.6751,0.3588,0.5935,0.1343,0.9186,0.1423,0.4949,0.1869,0.6378,0.6127,0.6178
ALPHA-34-011,51,Male,The Disillusioned Artist,46.1595,0.2846,0.7704,0.7446,0.6483,0.7726,0.1798,0.2327,0.7627,0.5739,0.4297
ALPHA-87-775,56,Male,The Ambitious Entrepreneur,43.3840,0.1192,0.7936,0.3038,0.9028,0.3993,0.5193,0.2450,0.6439,0.5696,0.2830
ALPHA-59-109,16,Male,The Community Builder,75.8563,0.8091,0.6024,0.8516,0.8480,0.6429,0.4411,0.8241,0.4109,0.8487,0.8714
ALPHA-47-231,54,Female,The Idealistic Activist,65.8352,0.7233,0.1089,0.9433,0.5866,0.7279,0.2001,0.2945,0.1026,0.8677,0.7759
ALPHA-93-705,16,Male,The Community Builder,71.2405,0.8597,0.7795,0.8310,0.3493,0.2083,0.6696,0.5808,0.1677,0.9552,0.7421
ALPHA-12-127,33,Female,The Cautious Observer,55.4892,0.2356,0.9236,0.3072,0.2533,0.4483,0.8728,0.7951,0.5825,0.1114,0.2134
ALPHA-23-964,50,Female,The Community Builder,63.1145,0.8013,0.3829,0.7690,0.7152,0.5279,0.5466,0.1841,0.8191,0.9750,0.7081
ALPHA-73-462,34,Female,The Idealistic Activist,56.4983,0.6159,0.7556,0.8921,0.7064,0.6097,0.3652,0.3592,0.3283,0.8818,0.2557
ALPHA-97-953,58,Male,The Idealistic Activist,64.4964,0.6061,0.4219,0.7944,0.4185,0.6072,0.4426,0.3274,0.8918,0.8234,0.8199
ALPHA-62-226,44,Female,The Stoic Engineer,63.0983,0.3298,0.4162,0.4775,0.1379,0.7235,0.6137,0.5564,0.7840,0.2858,0.8833
ALPHA-25-446,64,Male,The Community Builder,67.4175,0.8095,0.3804,0.9728,0.2700,0.5920,0.4712,0.4890,0.6476,0.9514,0.5426
ALPHA-19-751,41,Male,The Disillusioned Artist,57.0096,0.4502,0.5927,0.7786,0.7542,0.7857,0.1433,0.4352,0.4663,0.5710,0.8182
ALPHA-16-760,18,Male,The Cautious Observer,67.8969,0.4474,0.6222,0.7672,0.7426,0.7088,0.7529,0.8756,0.8647,0.3332,0.4019
ALPHA-09-127,20,Female,The Stoic Engineer,64.6061,0.6526,0.3048,0.8329,0.8568,0.8917,0.6587,0.7604,0.9139,0.2952,0.3740
ALPHA-18-261,46,Male,The Stoic Engineer,71.7994,0.5964,0.4567,0.5430,0.6124,0.6081,0.7126,0.8870,0.7217,0.2967,0.4828
ALPHA-89-409,59,Female,The Ambitious Entrepreneur,46.6219,0.2386,0.7616,0.5087,0.8119,0.2253,0.3045,0.2365,0.8279,0.5815,0.2676
ALPHA-63-159,16,Male,The Ambitious Entrepreneur,46.5488,0.2095,0.5260,0.2590,0.7177,0.4839,0.6187,0.1146,0.7875,0.7393,0.8525
ALPHA-65-212,45,Female,The Community Builder,59.3657,0.7447,0.8529,0.7150,0.3762,0.5198,0.6832,0.1238,0.1504,0.8688,0.5724
ALPHA-44-440,50,Female,The Stoic Engineer,57.4097,0.6387,0.2823,0.4658,0.4271,0.6134,0.7378,0.6448,0.7274,0.2333,0.1310
ALPHA-82-307,44,Male,The Ambitious Entrepreneur,67.4109,0.7723,0.5193,0.7254,0.9424,0.4027,0.4907,0.3447,0.6599,0.8048,0.5939
ALPHA-48-089,31,Male,The Community Builder,70.8385,0.8795,0.7313,0.7343,0.3571,0.7707,0.6611,0.6426,0.7807,0.7177,0.7089
ALPHA-80-303,27,Male,The Cautious Observer,65.3751,0.3611,0.7865,0.7060,0.1218,0.2963,0.7818,0.7849,0.8426,0.2742,0.4759
ALPHA-04-483,46,Female,The Community Builder,65.3050,0.7200,0.5157,0.7984,0.3998,0.8369,0.4204,0.2503,0.7298,0.7557,0.8673
ALPHA-38-708,34,Male,The Disillusioned Artist,50.6246,0.4255,0.7071,0.5160,0.1506,0.7054,0.3758,0.5301,0.7814,0.3066,0.1162
ALPHA-34-603,47,Female,The Idealistic Activist,63.0728,0.8543,0.5460,0.8033,0.1105,0.1036,0.2644,0.2633,0.8883,0.6933,0.4848
ALPHA-21-083,49,Female,The Cautious Observer,71.5500,0.2499,0.8530,0.6533,0.4741,0.3411,0.6972,0.7966,0.1981,0.2443,0.7867
ALPHA-04-466,57,Female,The Community Builder,74.2600,0.7037,0.1185,0.9843,0.6026,0.4015,0.7211,0.8881,0.5097,0.8319,0.6148
ALPHA-09-530,62,Female,The Disillusioned Artist,49.6507,0.1499,0.7428,0.6166,0.2857,0.9380,0.2732,0.4049,0.7704,0.5274,0.6218
ALPHA-25-253,59,Male,The Community Builder,81.3950,0.8704,0.7539,0.9897,0.2757,0.2410,0.6578,0.4636,0.2618,0.8287,0.8026
ALPHA-66-097,64,Female,The Cautious Observer,60.6308,0.2299,0.6934,0.2919,0.1206,0.6983,0.7016,0.9129,0.7328,0.2071,0.7507
ALPHA-71-314,38,Female,The Stoic Engineer,79.8070,0.5064,0.4517,0.8209,0.5342,0.6991,0.9310,0.7116,0.8037,0.1718,0.8410
ALPHA-70-611,46,Male,The Stoic Engineer,69.3942,0.5934,0.4017,0.7130,0.1719,0.6363,0.8600,0.7768,0.7270,0.3410,0.4000
ALPHA-31-270,58,Female,The Ambitious Entrepreneur,51.0234,0.3659,0.2035,0.8228,0.7277,0.2374,0.3783,0.2438,0.8289,0.8262,0.3894
ALPHA-15-590,54,Male,The Idealistic Activist,55.5251,0.6375,0.7248,0.9528,0.5109,0.4330,0.2521,0.2395,0.5073,0.9063,0.4797
ALPHA-68-034,72,Male,The Idealistic Activist,68.4223,0.8559,0.8283,0.8608,0.6583,0.5986,0.4125,0.4748,0.4816,0.8229,0.3245
ALPHA-34-597,24,Male,The Stoic Engineer,67.1809,0.3302,0.2101,0.8045,0.3183,0.8090,0.8303,0.5791,0.7456,0.1115,0.6204
ALPHA-60-811,31,Female,The Cautious Observer,65.9551,0.4435,0.6099,0.6860,0.4495,0.7126,0.8843,0.8044,0.3893,0.1395,0.4612
ALPHA-04-355,60,Female,The Stoic Engineer,68.9057,0.5032,0.4384,0.7923,0.1281,0.7118,0.6802,0.6002,0.7582,0.1069,0.5710
ALPHA-09-211,66,Female,The Idealistic Activist,57.1092,0.5910,0.1837,0.8530,0.6421,0.5848,0.2199,0.2368,0.6160,0.7623,0.4527
ALPHA-13-751,21,Male,The Stoic Engineer,68.8386,0.3252,0.4599,0.6123,0.6205,0.7931,0.9144,0.8397,0.8349,0.1307,0.4892
ALPHA-50-441,45,Male,The Cautious Observer,56.7380,0.4631,0.8474,0.1160,0.4881,0.7370,0.8800,0.7274,0.1461,0.2329,0.2662
ALPHA-80-359,52,Male,The Cautious Observer,55.7072,0.2772,0.7290,0.1455,0.3791,0.5019,0.8664,0.9581,0.4698,0.1480,0.4202
ALPHA-61-994,31,Male,The Stoic Engineer,76.6467,0.4533,0.4777,0.7974,0.7865,0.9369,0.6670,0.7487,0.7966,0.2385,0.8111
ALPHA-98-694,33,Female,The Idealistic Activist,61.3012,0.7965,0.1550,0.9771,0.4608,0.4806,0.1701,0.3291,0.8825,0.8943,0.5759
ALPHA-30-120,38,Male,The Community Builder,78.2663,0.9387,0.4844,0.7517,0.4911,0.3453,0.6095,0.8897,0.1753,0.7949,0.8816
ALPHA-59-297,44,Female,The Cautious Observer,61.3538,0.3713,0.7782,0.2337,0.8833,0.2238,0.6895,0.8100,0.2816,0.2953,0.5661
ALPHA-30-725,38,Female,The Community Builder,78.4024,0.7007,0.1763,0.9244,0.7504,0.6526,0.7459,0.4730,0.5059,0.8660,0.8918
ALPHA-32-615,35,Female,The Community Builder,72.7445,0.6348,0.6369,0.8838,0.5873,0.8099,0.6277,0.4563,0.4466,0.7382,0.8021
ALPHA-36-843,52,Female,The Cautious Observer,60.4319,0.4693,0.7782,0.2030,0.7575,0.8942,0.6081,0.7677,0.2151,0.3221,0.6745
ALPHA-24-578,24,Female,The Cautious Observer,66.4495,0.4742,0.9040,0.6113,0.6697,0.3349,0.8462,0.8890,0.6398,0.2424,0.4218
ALPHA-70-606,37,Male,The Stoic Engineer,52.6698,0.5614,0.2360,0.1299,0.5991,0.7133,0.7863,0.5017,0.7175,0.3206,0.2830
ALPHA-64-735,46,Female,The Ambitious Entrepreneur,57.4098,0.6499,0.5118,0.3889,0.7718,0.7307,0.5723,0.2143,0.6678,0.7843,0.5153
ALPHA-09-332,48,Female,The Cautious Observer,68.0434,0.2948,0.6901,0.6407,0.7702,0.3934,0.8802,0.8437,0.1893,0.3045,0.8619
ALPHA-30-650,35,Male,The Idealistic Activist,70.1699,0.8034,0.8968,0.8853,0.3399,0.6546,0.4630,0.2745,0.1356,0.6431,0.8585
ALPHA-33-534,68,Male,The Community Builder,61.8931,0.6637,0.2348,0.7386,0.5403,0.8261,0.5955,0.2165,0.5872,0.7541,0.6903
ALPHA-73-436,42,Male,The Disillusioned Artist,42.2438,0.2019,0.8604,0.5705,0.2782,0.9016,0.1114,0.2535,0.5851,0.2721,0.5511
ALPHA-68-682,35,Male,The Cautious Observer,72.5779,0.3494,0.8958,0.2551,0.3864,0.4434,0.8176,0.9878,0.8894,0.1229,0.8729
ALPHA-06-318,54,Male,The Ambitious Entrepreneur,67.9821,0.6238,0.5682,0.7087,0.9231,0.7170,0.4652,0.2976,0.7669,0.5403,0.8314
ALPHA-45-266,42,Female,The Idealistic Activist,68.3162,0.5863,0.5689,0.9799,0.5592,0.3710,0.2452,0.3790,0.3761,0.6615,0.8511
ALPHA-51-887,46,Male,The Ambitious Entrepreneur,59.5618,0.6841,0.7538,0.8717,0.7718,0.8405,0.3407,0.1381,0.6383,0.8582,0.4527
ALPHA-29-293,16,Female,The Disillusioned Artist,39.2431,0.3228,0.7005,0.5093,0.1988,0.7415,0.3013,0.2395,0.1534,0.3345,0.1635
ALPHA-96-232,41,Female,The Stoic Engineer,66.0145,0.5996,0.2892,0.6814,0.3293,0.7838,0.6872,0.6463,0.7824,0.2574,0.4957
ALPHA-26-546,43,Male,The Idealistic Activist,60.0526,0.8273,0.4776,0.7862,0.7690,0.4805,0.3384,0.4268,0.2797,0.9254,0.5534
ALPHA-34-641,36,Female,The Idealistic Activist,68.5999,0.6757,0.2740,0.9854,0.8134,0.4614,0.2645,0.4340,0.8757,0.8837,0.8528
ALPHA-85-962,42,Male,The Ambitious Entrepreneur,59.6465,0.2714,0.5740,0.8318,0.9540,0.5402,0.4811,0.1827,0.8201,0.5338,0.6555
ALPHA-23-299,31,Male,The Stoic Engineer,58.7456,0.4862,0.4905,0.3211,0.8824,0.6682,0.8007,0.7211,0.8289,0.2675,0.3577
ALPHA-86-372,48,Male,The Community Builder,70.7395,0.9295,0.2557,0.7631,0.1189,0.8929,0.7140,0.4513,0.7294,0.8582,0.6649
ALPHA-92-059,33,Male,The Idealistic Activist,56.2977,0.8049,0.2655,0.8013,0.6437,0.7232,0.1644,0.3382,0.4435,0.9327,0.3273
ALPHA-98-796,36,Male,The Cautious Observer,73.8086,0.3956,0.6372,0.4194,0.8187,0.5565,0.8046,0.7601,0.4028,0.2916,0.8935
ALPHA-71-703,39,Female,The Ambitious Entrepreneur,59.0279,0.5441,0.8291,0.6147,0.9648,0.7445,0.4307,0.2401,0.8673,0.7172,0.6424
ALPHA-70-448,49,Male,The Cautious Observer,72.5501,0.4493,0.8585,0.6639,0.2456,0.1145,0.7700,0.7277,0.6842,0.2454,0.8936
ALPHA-93-332,16,Male,The Idealistic Activist,55.2587,0.6180,0.8726,0.9253,0.3614,0.1607,0.4550,0.3411,0.5556,0.7609,0.2607
ALPHA-04-872,35,Male,The Cautious Observer,64.6672,0.4909,0.8966,0.3323,0.8625,0.7078,0.8967,0.7797,0.6154,0.3165,0.4931
ALPHA-37-374,39,Male,The Ambitious Entrepreneur,45.9990,0.1402,0.1556,0.4290,0.9426,0.6431,0.3428,0.3909,0.7247,0.5373,0.6274
ALPHA-52-887,45,Male,The Cautious Observer,52.7433,0.2382,0.6648,0.1169,0.2297,0.4929,0.7082,0.7892,0.1735,0.1400,0.2763
ALPHA-37-117,53,Male,The Community Builder,64.5175,0.6272,0.8630,0.9413,0.1283,0.7156,0.4988,0.4063,0.8052,0.9576,0.5592
ALPHA-35-816,25,Male,The Stoic Engineer,65.7264,0.3985,0.2435,0.4094,0.5203,0.6083,0.6299,0.6786,0.7311,0.3686,0.8987
ALPHA-07-345,22,Male,The Stoic Engineer,72.6431,0.5334,0.3708,0.6205,0.4586,0.9487,0.8834,0.7614,0.8415,0.2804,0.5264
ALPHA-98-583,30,Female,The Disillusioned Artist,54.8981,0.1545,0.8226,0.7083,0.4105,0.8370,0.2574,0.4678,0.8164,0.2851,0.6134
ALPHA-48-296,46,Male,The Disillusioned Artist,47.3052,0.2060,0.7068,0.5154,0.5598,0.9438,0.1170,0.2378,0.3842,0.3899,0.7358
ALPHA-00-711,34,Female,The Stoic Engineer,59.8844,0.4225,0.3971,0.3305,0.4853,0.8574,0.8706,0.8701,0.9835,0.2796,0.4835
ALPHA-10-761,34,Female,The Stoic Engineer,61.8956,0.5440,0.4574,0.6103,0.8179,0.6557,0.6110,0.8277,0.7906,0.1785,0.2616
ALPHA-99-357,43,Male,The Idealistic Activist,51.2660,0.6279,0.3648,0.9123,0.4107,0.2717,0.2241,0.3376,0.5203,0.7186,0.1790
ALPHA-40-146,60,Female,The Idealistic Activist,60.9336,0.5016,0.1162,0.7349,0.8388,0.2329,0.4505,0.2269,0.6203,0.9404,0.8174
ALPHA-22-020,20,Female,The Ambitious Entrepreneur,41.2934,0.2440,0.2222,0.1808,0.9875,0.7667,0.5662,0.2605,0.6363,0.5093,0.4601
ALPHA-82-670,50,Female,The Ambitious Entrepreneur,42.8495,0.3234,0.3940,0.3786,0.7897,0.8768,0.3887,0.1384,0.8944,0.6848,0.1369
ALPHA-57-257,55,Female,The Idealistic Activist,65.8866,0.5673,0.6440,0.9194,0.3529,0.8062,0.4228,0.3902,0.6518,0.9463,0.7687
ALPHA-95-183,45,Female,The Community Builder,70.0328,0.8043,0.6511,0.7272,0.7467,0.3942,0.7689,0.1457,0.2198,0.8061,0.8667
ALPHA-39-145,35,Female,The Cautious Observer,72.8348,0.4288,0.7923,0.8295,0.7481,0.7507,0.8756,0.7985,0.1616,0.2724,0.8593
ALPHA-97-401,22,Male,The Community Builder,73.9914,0.7453,0.5263,0.7604,0.2639,0.1477,0.7340,0.7261,0.7854,0.9568,0.8791
ALPHA-57-160,38,Male,The Community Builder,61.7968,0.6011,0.3249,0.8371,0.5498,0.5174,0.4641,0.3745,0.2468,0.8383,0.7025
ALPHA-47-280,44,Male,The Community Builder,74.4464,0.7759,0.7344,0.8015,0.4673,0.7993,0.5379,0.8021,0.4072,0.9473,0.5149
ALPHA-25-531,16,Female,The Community Builder,75.5700,0.8535,0.8454,0.9620,0.4247,0.5887,0.4756,0.5467,0.1373,0.8034,0.7178
ALPHA-86-164,38,Female,The Disillusioned Artist,58.2233,0.1689,0.6066,0.7970,0.6539,0.7904,0.2642,0.5655,0.8492,0.2265,0.7027
ALPHA-09-202,63,Female,The Stoic Engineer,60.9948,0.5994,0.3955,0.4684,0.3650,0.6894,0.6131,0.6960,0.7458,0.3861,0.1018
ALPHA-14-345,36,Male,The Ambitious Entrepreneur,56.1965,0.2934,0.3498,0.7529,0.8442,0.1387,0.3895,0.3904,0.9124,0.6732,0.8671
ALPHA-73-014,24,Female,The Cautious Observer,57.9391,0.3077,0.7411,0.5981,0.2037,0.4395,0.7429,0.7580,0.2442,0.1283,0.3701
ALPHA-82-811,29,Male,The Disillusioned Artist,57.9588,0.4579,0.7621,0.6052,0.4125,0.9064,0.2167,0.2931,0.2527,0.5348,0.7594
ALPHA-39-664,36,Female,The Ambitious Entrepreneur,56.1915,0.4408,0.3310,0.3592,0.8143,0.5928,0.4659,0.2340,0.7458,0.5501,0.6384
ALPHA-98-022,50,Male,The Disillusioned Artist,60.4969,0.1989,0.6931,0.7809,0.8681,0.8548,0.1561,0.5840,0.8039,0.2946,0.7173
ALPHA-32-816,41,Male,The Idealistic Activist,65.3955,0.6725,0.8262,0.9660,0.1086,0.6595,0.4336,0.2524,0.4498,0.7189,0.3745
ALPHA-64-494,55,Male,The Cautious Observer,64.1647,0.2378,0.7639,0.7365,0.6677,0.2995,0.7328,0.7047,0.2400,0.2046,0.6950
ALPHA-82-426,43,Female,The Ambitious Entrepreneur,63.9226,0.5927,0.2541,0.7690,0.9566,0.1051,0.5585,0.2787,0.6619,0.5133,0.4789
ALPHA-83-975,48,Male,The Ambitious Entrepreneur,61.9670,0.6870,0.2162,0.7548,0.9541,0.3941,0.6825,0.3415,0.9117,0.8400,0.4716
ALPHA-45-090,47,Female,The Community Builder,70.9754,0.7661,0.3323,0.8416,0.2156,0.7179,0.7457,0.5071,0.1784,0.7796,0.8158
ALPHA-45-442,22,Male,The Idealistic Activist,49.0455,0.6559,0.6666,0.7579,0.3940,0.6477,0.1975,0.3399,0.5148,0.8086,0.2267
ALPHA-43-488,61,Female,The Community Builder,72.9855,0.8885,0.5336,0.8389,0.6682,0.4366,0.5735,0.7821,0.2899,0.9248,0.5628
ALPHA-27-627,52,Female,The Idealistic Activist,60.7531,0.5462,0.4602,0.9255,0.2822,0.2314,0.1845,0.4723,0.1082,0.9419,0.5104
ALPHA-40-640,50,Female,The Ambitious Entrepreneur,56.3040,0.1556,0.1877,0.8607,0.7215,0.1261,0.4410,0.2046,0.8254,0.5554,0.5748
ALPHA-04-690,24,Male,The Idealistic Activist,64.4574,0.7567,0.7694,0.8357,0.7712,0.3088,0.4972,0.4783,0.4586,0.7271,0.5287
ALPHA-12-326,29,Female,The Ambitious Entrepreneur,44.7905,0.4745,0.4773,0.3500,0.9486,0.8790,0.4524,0.1212,0.6423,0.6144,0.2393
ALPHA-47-760,40,Male,The Ambitious Entrepreneur,60.2442,0.7688,0.8304,0.5042,0.8324,0.2876,0.3965,0.3381,0.8832,0.8386,0.6250
ALPHA-39-463,49,Female,The Community Builder,66.5294,0.7080,0.5849,0.8415,0.6851,0.8168,0.4606,0.6860,0.1707,0.7826,0.6988
ALPHA-95-001,33,Male,The Idealistic Activist,69.8783,0.6507,0.4077,0.8645,0.5901,0.6810,0.4136,0.3801,0.7026,0.8022,0.8770
ALPHA-11-377,39,Female,The Ambitious Entrepreneur,57.6569,0.8773,0.1188,0.3390,0.8949,0.5617,0.4599,0.3678,0.6888,0.5066,0.3842
ALPHA-93-083,25,Female,The Ambitious Entrepreneur,60.7545,0.5360,0.2270,0.4997,0.7296,0.1597,0.6323,0.2563,0.6357,0.8617,0.7071
ALPHA-24-831,42,Male,The Cautious Observer,65.4711,0.2776,0.7418,0.5556,0.4522,0.5103,0.7690,0.7884,0.4336,0.1007,0.3783
ALPHA-12-402,28,Male,The Idealistic Activist,57.0075,0.7889,0.1632,0.9432,0.8945,0.1220,0.1040,0.2402,0.1261,0.7981,0.6845
ALPHA-27-033,56,Female,The Community Builder,71.0140,0.8586,0.4942,0.8789,0.2689,0.3181,0.5144,0.8688,0.1304,0.7043,0.6128
ALPHA-13-551,36,Male,The Community Builder,69.6680,0.6399,0.3121,0.9720,0.3153,0.7845,0.5102,0.3511,0.4988,0.7815,0.7964
ALPHA-35-687,67,Male,The Disillusioned Artist,51.3172,0.4782,0.5595,0.4261,0.5035,0.9168,0.2102,0.3666,0.8849,0.2729,0.3116
ALPHA-12-616,29,Female,The Stoic Engineer,60.0081,0.6723,0.4713,0.2175,0.4354,0.8995,0.7314,0.6099,0.9396,0.1500,0.2302
ALPHA-69-085,55,Male,The Cautious Observer,65.0262,0.3944,0.7222,0.8808,0.3389,0.2194,0.6863,0.8996,0.5182,0.3787,0.4729
ALPHA-27-389,69,Male,The Idealistic Activist,70.5329,0.7513,0.6623,0.7516,0.7726,0.3390,0.4979,0.4978,0.5889,0.6939,0.6946
ALPHA-22-682,41,Male,The Stoic Engineer,57.8991,0.6686,0.3602,0.1203,0.3162,0.8569,0.6815,0.6235,0.7026,0.1995,0.2610
ALPHA-12-029,40,Female,The Community Builder,65.8140,0.9085,0.8349,0.8459,0.6190,0.6812,0.4109,0.3729,0.8139,0.7372,0.8407
ALPHA-30-759,46,Female,The Disillusioned Artist,44.9096,0.1418,0.7037,0.4845,0.6411,0.7659,0.1503,0.3997,0.5095,0.3919,0.2948
ALPHA-97-158,18,Male,The Ambitious Entrepreneur,58.7052,0.7385,0.2992,0.5483,0.7111,0.4004,0.4742,0.2229,0.7196,0.5837,0.6004
ALPHA-90-525,43,Female,The Ambitious Entrepreneur,39.9636,0.1090,0.5276,0.3406,0.9040,0.3396,0.6150,0.1539,0.7572,0.6532,0.4033
ALPHA-46-009,47,Female,The Idealistic Activist,54.0180,0.7588,0.3146,0.7694,0.1072,0.8217,0.1146,0.4114,0.8161,0.6685,0.3462
ALPHA-12-303,38,Male,The Community Builder,71.8503,0.6288,0.6673,0.9139,0.6407,0.2644,0.4750,0.4898,0.7927,0.8282,0.7420
ALPHA-04-073,43,Female,The Stoic Engineer,67.1463,0.6381,0.4564,0.7270,0.4167,0.6993,0.8431,0.8966,0.7367,0.3549,0.1571
ALPHA-51-271,24,Male,The Disillusioned Artist,51.3934,0.3922,0.8918,0.7388,0.3118,0.8221,0.1219,0.3547,0.1445,0.3976,0.3687
ALPHA-87-343,45,Male,The Cautious Observer,67.1998,0.4359,0.7202,0.4464,0.7942,0.6098,0.7804,0.8391,0.1418,0.3829,0.3367
ALPHA-37-118,16,Male,The Cautious Observer,78.2790,0.4371,0.9091,0.8026,0.8500,0.8614,0.8976,0.9305,0.7630,0.3621,0.4848
ALPHA-00-400,54,Male,The Disillusioned Artist,45.1214,0.2810,0.6288,0.4737,0.5778,0.8524,0.1612,0.5709,0.4914,0.2007,0.2838
ALPHA-96-296,32,Male,The Cautious Observer,68.7112,0.4067,0.9328,0.8850,0.1893,0.2166,0.6716,0.9718,0.2071,0.2469,0.5123
ALPHA-84-001,52,Female,The Idealistic Activist,58.7942,0.5892,0.2115,0.8742,0.5263,0.5471,0.4075,0.2400,0.8662,0.7810,0.7261
ALPHA-76-084,55,Male,The Disillusioned Artist,48.2953,0.3557,0.6483,0.6896,0.7341,0.7719,0.3644,0.3516,0.4463,0.4881,0.4172
ALPHA-76-428,39,Male,The Idealistic Activist,64.6549,0.5136,0.6360,0.7762,0.8481,0.5237,0.2640,0.4122,0.3183,0.6337,0.8374
ALPHA-29-542,16,Female,The Idealistic Activist,49.8754,0.7856,0.1525,0.7030,0.3934,0.1336,0.3205,0.2424,0.1328,0.6493,0.1963
ALPHA-81-439,27,Female,The Disillusioned Artist,56.6883,0.2371,0.8437,0.6612,0.8760,0.8398,0.1007,0.4128,0.3596,0.5028,0.8918
ALPHA-07-679,68,Male,The Cautious Observer,71.6281,0.3273,0.7559,0.5901,0.8905,0.8999,0.6534,0.8132,0.3279,0.2670,0.7305
ALPHA-57-196,37,Male,The Disillusioned Artist,49.3334,0.2642,0.8273,0.7075,0.4426,0.9679,0.3926,0.4105,0.8936,0.2657,0.1376
ALPHA-28-386,54,Female,The Disillusioned Artist,52.9056,0.4481,0.8264,0.5855,0.7167,0.9692,0.1816,0.5770,0.5350,0.2874,0.2634
ALPHA-52-495,44,Female,The Cautious Observer,70.6026,0.4075,0.9268,0.7932,0.2024,0.8065,0.8825,0.8015,0.8223,0.2464,0.2787
ALPHA-51-895,52,Female,The Cautious Observer,52.7166,0.4658,0.8687,0.3054,0.6879,0.8308,0.7229,0.7318,0.3593,0.2597,0.2337
ALPHA-41-630,40,Male,The Community Builder,73.2639,0.8611,0.8352,0.7826,0.5581,0.2033,0.5509,0.5917,0.8714,0.9761,0.7428
ALPHA-41-821,20,Female,The Disillusioned Artist,54.0903,0.1606,0.7588,0.7449,0.4425,0.7775,0.3827,0.2465,0.8530,0.5044,0.8557
ALPHA-12-051,21,Female,The Ambitious Entrepreneur,46.3228,0.1127,0.5766,0.3841,0.7842,0.8213,0.6502,0.3574,0.6160,0.7102,0.1458
ALPHA-48-421,54,Male,The Ambitious Entrepreneur,51.0127,0.1707,0.6531,0.5812,0.8857,0.7770,0.5444,0.1867,0.8468,0.8791,0.4597
ALPHA-03-878,37,Male,The Idealistic Activist,64.7303,0.7982,0.2439,0.7032,0.3080,0.3616,0.3291,0.4977,0.2597,0.7480,0.8564
ALPHA-50-683,50,Female,The Community Builder,74.0836,0.8423,0.4969,0.9511,0.3934,0.1850,0.5460,0.4863,0.5484,0.7265,0.7461
ALPHA-28-950,30,Male,The Idealistic Activist,51.7912,0.6627,0.3829,0.8622,0.5970,0.7227,0.2627,0.4051,0.3616,0.7181,0.1864
ALPHA-30-616,34,Male,The Cautious Observer,53.5442,0.2076,0.8353,0.4077,0.5484,0.3455,0.7277,0.9658,0.2297,0.1316,0.1919
ALPHA-92-324,52,Female,The Ambitious Entrepreneur,58.1859,0.3850,0.8783,0.4350,0.9140,0.7746,0.5269,0.2727,0.9372,0.6290,0.8423
ALPHA-89-516,45,Female,The Disillusioned Artist,48.2977,0.2610,0.8124,0.6642,0.6541,0.9058,0.1050,0.2570,0.5935,0.2714,0.4837
ALPHA-86-708,73,Male,The Disillusioned Artist,51.5495,0.1208,0.6297,0.4855,0.2289,0.9633,0.3689,0.3167,0.4794,0.2240,0.8948
ALPHA-94-117,22,Male,The Stoic Engineer,62.9242,0.4144,0.2828,0.1470,0.5454,0.6011,0.6537,0.8947,0.7552,0.2640,0.4312
ALPHA-39-100,40,Male,The Disillusioned Artist,48.0276,0.2209,0.6927,0.5712,0.8461,0.9049,0.1147,0.2575,0.7829,0.5938,0.4328
ALPHA-00-784,42,Female,The Disillusioned Artist,52.2658,0.2344,0.6052,0.6960,0.3415,0.8669,0.3412,0.4557,0.8090,0.5686,0.2148
ALPHA-98-694,16,Female,The Community Builder,60.2128,0.7019,0.6116,0.8403,0.4477,0.1881,0.4272,0.3487,0.6624,0.7494,0.6941
ALPHA-25-331,37,Male,The Ambitious Entrepreneur,63.6698,0.7691,0.4651,0.4175,0.7568,0.1860,0.5508,0.1641,0.6663,0.7398,0.8573
ALPHA-38-873,16,Female,The Cautious Observer,59.8116,0.2860,0.7675,0.5125,0.3521,0.8496,0.7262,0.7714,0.8428,0.3322,0.5373
ALPHA-07-251,60,Male,The Cautious Observer,68.1278,0.2699,0.8959,0.3185,0.4206,0.5129,0.8822,0.7839,0.5207,0.3691,0.7408
ALPHA-27-001,34,Male,The Stoic Engineer,52.6012,0.6036,0.3819,0.1117,0.3573,0.9208,0.6217,0.7161,0.9663,0.2318,0.3351
ALPHA-42-445,45,Female,The Idealistic Activist,56.5956,0.8482,0.1120,0.8446,0.8988,0.7298,0.3579,0.4212,0.5807,0.6817,0.1999
ALPHA-01-349,33,Male,The Ambitious Entrepreneur,46.3894,0.1336,0.5491,0.5797,0.9393,0.4813,0.6674,0.3525,0.9306,0.6029,0.1115
ALPHA-70-828,18,Male,The Disillusioned Artist,43.8881,0.1996,0.7066,0.5671,0.6430,0.8305,0.2282,0.3511,0.7325,0.4497,0.1497
ALPHA-58-082,27,Male,The Disillusioned Artist,43.0317,0.1828,0.5140,0.4226,0.8979,0.9653,0.1780,0.4092,0.5045,0.4676,0.4929
ALPHA-52-807,56,Male,The Stoic Engineer,66.2429,0.3700,0.2162,0.5005,0.2495,0.8717,0.9460,0.7569,0.7002,0.1504,0.2790
ALPHA-00-233,50,Female,The Disillusioned Artist,46.8538,0.1238,0.7458,0.6935,0.7614,0.9659,0.2496,0.3397,0.5446,0.2050,0.4159
ALPHA-31-195,54,Female,The Idealistic Activist,54.5319,0.6003,0.3746,0.7314,0.8365,0.3887,0.2143,0.3708,0.4094,0.6027,0.6584
ALPHA-14-050,40,Male,The Cautious Observer,55.6891,0.2698,0.9332,0.2057,0.2390,0.7606,0.7119,0.9717,0.1983,0.3643,0.4433
ALPHA-25-895,24,Female,The Stoic Engineer,61.7851,0.5640,0.2584,0.8903,0.6197,0.9332,0.7120,0.6957,0.8299,0.2069,0.1383
ALPHA-64-146,58,Male,The Idealistic Activist,60.5680,0.5007,0.8568,0.9590,0.6714,0.8493,0.3935,0.4208,0.3416,0.6264,0.5905
ALPHA-10-222,42,Male,The Stoic Engineer,66.4516,0.6761,0.3748,0.2837,0.4119,0.6776,0.8070,0.5565,0.8712,0.1492,0.6608
ALPHA-62-951,43,Female,The Cautious Observer,66.3773,0.4508,0.8730,0.1206,0.4565,0.8044,0.8691,0.7236,0.1878,0.3162,0.7190
ALPHA-34-468,41,Female,The Cautious Observer,58.0301,0.3749,0.6903,0.5166,0.2881,0.3677,0.7850,0.7100,0.6612,0.2573,0.1997
ALPHA-39-641,38,Female,The Disillusioned Artist,46.8610,0.3242,0.8104,0.6867,0.6639,0.8258,0.2886,0.3205,0.3332,0.5576,0.1306
ALPHA-35-295,41,Male,The Stoic Engineer,68.5890,0.5479,0.4282,0.3579,0.8534,0.8544,0.9151,0.7020,0.9465,0.3909,0.6573
ALPHA-09-052,26,Female,The Community Builder,67.1543,0.8153,0.4489,0.7298,0.8793,0.8548,0.5001,0.2663,0.6147,0.8485,0.6199
ALPHA-23-508,34,Female,The Idealistic Activist,59.4831,0.7343,0.8291,0.9778,0.3336,0.2776,0.1661,0.3326,0.7922,0.7527,0.5361
ALPHA-10-820,43,Female,The Disillusioned Artist,54.5763,0.2485,0.7523,0.7905,0.5952,0.7815,0.2897,0.5949,0.5784,0.4436,0.4151
ALPHA-67-391,36,Male,The Community Builder,65.9377,0.7078,0.6625,0.8878,0.6054,0.8917,0.6419,0.4595,0.2291,0.8770,0.6178
ALPHA-13-674,63,Male,The Stoic Engineer,64.1768,0.6435,0.4095,0.2752,0.6016,0.6894,0.7056,0.7621,0.8836,0.3590,0.3778
ALPHA-13-168,58,Male,The Ambitious Entrepreneur,58.2801,0.1148,0.5143,0.6170,0.7531,0.4145,0.6411,0.3360,0.9275,0.7914,0.5312
ALPHA-96-923,38,Female,The Cautious Observer,61.7900,0.4306,0.6662,0.6685,0.6157,0.1538,0.6844,0.7491,0.2779,0.1325,0.3045
ALPHA-45-343,42,Female,The Disillusioned Artist,49.8638,0.3718,0.8609,0.4279,0.5176,0.8618,0.3139,0.5259,0.8236,0.5684,0.4515
ALPHA-86-580,64,Male,The Idealistic Activist,54.8338,0.5326,0.3704,0.7208,0.1154,0.6334,0.1329,0.4237,0.1294,0.9311,0.8451
ALPHA-90-961,16,Female,The Stoic Engineer,59.6236,0.6917,0.3119,0.4085,0.8606,0.7764,0.7399,0.7591,0.8845,0.1197,0.2630
ALPHA-57-120,16,Female,The Ambitious Entrepreneur,61.8623,0.6155,0.1279,0.3126,0.9585,0.6432,0.5220,0.3797,0.8274,0.6707,0.8670
ALPHA-13-591,37,Female,The Disillusioned Artist,51.7333,0.3291,0.8082,0.7808,0.6790,0.7786,0.2952,0.4713,0.2619,0.2102,0.5163
ALPHA-94-677,44,Female,The Disillusioned Artist,52.3022,0.2992,0.5437,0.5740,0.7733,0.9739,0.3944,0.5722,0.5953,0.3666,0.2710
ALPHA-38-764,36,Male,The Cautious Observer,73.2791,0.4669,0.6389,0.2060,0.6146,0.3394,0.8290,0.8673,0.8808,0.1157,0.8748
ALPHA-67-499,30,Male,The Disillusioned Artist,62.5404,0.4898,0.8627,0.7233,0.5079,0.7861,0.2241,0.3737,0.6302,0.5422,0.7720
ALPHA-21-293,50,Male,The Community Builder,69.6126,0.6620,0.4764,0.8576,0.4137,0.3408,0.6332,0.3948,0.3290,0.9654,0.5189
ALPHA-25-278,42,Male,The Disillusioned Artist,38.9441,0.1122,0.8047,0.4613,0.8440,0.7031,0.2854,0.5796,0.2946,0.5695,0.1021
ALPHA-27-348,40,Female,The Ambitious Entrepreneur,55.5942,0.6121,0.3606,0.5142,0.7082,0.3520,0.5925,0.3792,0.6561,0.6065,0.3752
ALPHA-47-635,49,Male,The Cautious Observer,57.2112,0.2082,0.9225,0.2409,0.1814,0.3798,0.6062,0.7606,0.2833,0.3169,0.7277
ALPHA-96-132,50,Female,The Stoic Engineer,64.5083,0.6724,0.3856,0.3381,0.5170,0.6939,0.7726,0.6087,0.8206,0.3651,0.4802
ALPHA-64-921,53,Male,The Stoic Engineer,54.2989,0.6457,0.3702,0.2534,0.7227,0.8124,0.6473,0.5978,0.8567,0.1799,0.3978
ALPHA-58-911,56,Male,The Cautious Observer,70.0537,0.3087,0.7438,0.4059,0.5920,0.2499,0.8730,0.8247,0.7456,0.3508,0.7507
ALPHA-88-740,28,Female,The Stoic Engineer,73.4279,0.6001,0.3494,0.8724,0.5673,0.9065,0.9316,0.6853,0.9257,0.1584,0.3306
ALPHA-49-443,16,Female,The Disillusioned Artist,51.0007,0.2760,0.7325,0.4938,0.5124,0.7071,0.2103,0.2785,0.1181,0.4721,0.6213
ALPHA-40-359,42,Male,The Cautious Observer,64.1052,0.3073,0.9393,0.1563,0.2612,0.4442,0.7884,0.8650,0.2052,0.2258,0.8648
ALPHA-80-082,67,Female,The Ambitious Entrepreneur,61.2141,0.5399,0.2570,0.8517,0.8378,0.7953,0.6340,0.2240,0.8802,0.8308,0.3452
ALPHA-88-323,16,Male,The Disillusioned Artist,40.5339,0.1256,0.5276,0.4733,0.4868,0.8842,0.1713,0.5875,0.8909,0.4663,0.2295
ALPHA-90-422,53,Female,The Stoic Engineer,62.7387,0.3217,0.4774,0.4520,0.2616,0.9131,0.7672,0.6767,0.8513,0.3262,0.7441
ALPHA-12-281,34,Male,The Community Builder,78.1988,0.7975,0.8155,0.7031,0.4904,0.4892,0.7710,0.4884,0.1028,0.7842,0.8942
ALPHA-45-363,65,Female,The Disillusioned Artist,52.1891,0.4150,0.7203,0.5463,0.4512,0.9802,0.2027,0.4769,0.5751,0.2715,0.4575
ALPHA-94-969,18,Female,The Disillusioned Artist,44.1146,0.1907,0.7637,0.5265,0.3960,0.9239,0.2227,0.2619,0.5235,0.4638,0.6691
ALPHA-51-392,27,Male,The Community Builder,76.8204,0.7517,0.2324,0.9764,0.4714,0.6358,0.6356,0.6315,0.1417,0.7549,0.7791
ALPHA-04-593,41,Female,The Community Builder,72.0212,0.8709,0.2129,0.7635,0.1926,0.6392,0.7689,0.1831,0.7191,0.7170,0.5544
ALPHA-69-260,64,Female,The Community Builder,70.7679,0.7899,0.8967,0.8382,0.3860,0.7764,0.4798,0.8866,0.1543,0.8117,0.5821
ALPHA-21-641,48,Female,The Disillusioned Artist,51.9602,0.2635,0.5112,0.7977,0.6101,0.7059,0.1678,0.5397,0.2544,0.5754,0.2927
ALPHA-29-872,32,Female,The Community Builder,76.3953,0.8077,0.6370,0.7792,0.3422,0.6429,0.7942,0.7186,0.1792,0.8534,0.5736
ALPHA-70-901,66,Male,The Cautious Observer,59.5843,0.3845,0.8418,0.1381,0.3272,0.5964,0.7837,0.8473,0.7392,0.1662,0.5115
ALPHA-41-229,27,Male,The Idealistic Activist,56.8287,0.8811,0.8089,0.7075,0.7344,0.4386,0.1159,0.3440,0.5648,0.7820,0.7370
ALPHA-11-223,60,Male,The Cautious Observer,66.9463,0.3371,0.6643,0.3651,0.8332,0.3280,0.7534,0.9386,0.5503,0.2766,0.7790
ALPHA-82-006,31,Female,The Idealistic Activist,60.2076,0.6134,0.1858,0.8685,0.5965,0.5739,0.1773,0.4461,0.8120,0.8252,0.4378
ALPHA-12-698,57,Female,The Stoic Engineer,66.8319,0.3976,0.3590,0.5359,0.2636,0.7479,0.6476,0.6038,0.9408,0.2595,0.8351
ALPHA-90-029,50,Male,The Community Builder,72.2629,0.7679,0.3608,0.8983,0.1566,0.1811,0.6571,0.2060,0.6360,0.8335,0.7076
ALPHA-50-984,33,Male,The Disillusioned Artist,51.5096,0.3227,0.6945,0.5386,0.2803,0.7010,0.3408,0.4139,0.2367,0.2514,0.6646
ALPHA-92-327,24,Female,The Community Builder,69.8484,0.9179,0.4621,0.7717,0.2938,0.5748,0.5525,0.3251,0.3580,0.7302,0.8312
ALPHA-37-491,36,Male,The Stoic Engineer,60.6978,0.3245,0.4809,0.2873,0.7223,0.8061,0.9245,0.6315,0.8507,0.1776,0.4572
ALPHA-73-587,47,Male,The Idealistic Activist,69.6118,0.6755,0.5911,0.9146,0.6236,0.3546,0.3734,0.4117,0.5761,0.7810,0.6805
ALPHA-18-188,64,Female,The Stoic Engineer,63.9708,0.5504,0.2769,0.1603,0.5919,0.7190,0.8450,0.7723,0.8508,0.3846,0.8688
ALPHA-49-315,51,Female,The Community Builder,64.8937,0.6772,0.6063,0.8218,0.4309,0.3828,0.4154,0.3542,0.4102,0.9585,0.8897
ALPHA-49-097,24,Female,The Ambitious Entrepreneur,44.1294,0.1642,0.1087,0.8283,0.9453,0.1589,0.3843,0.1311,0.7180,0.6780,0.1799
ALPHA-81-995,64,Male,The Cautious Observer,68.2551,0.4812,0.8541,0.5212,0.5503,0.4565,0.6773,0.9060,0.8292,0.3913,0.5112
ALPHA-27-834,61,Male,The Ambitious Entrepreneur,53.8222,0.4535,0.4523,0.6984,0.8645,0.5216,0.5343,0.1205,0.6197,0.6227,0.2884
ALPHA-78-666,48,Female,The Cautious Observer,75.0654,0.4391,0.8886,0.5777,0.2450,0.2252,0.8228,0.9589,0.2710,0.2244,0.6403
ALPHA-37-430,42,Male,The Idealistic Activist,66.5888,0.8028,0.4018,0.9642,0.7077,0.8905,0.2678,0.4069,0.5771,0.7074,0.7111
ALPHA-91-480,34,Female,The Ambitious Entrepreneur,44.7358,0.8671,0.3847,0.1651,0.8493,0.5794,0.4049,0.1729,0.7057,0.5028,0.2759
ALPHA-07-067,68,Female,The Stoic Engineer,70.0550,0.5185,0.3808,0.8973,0.4124,0.7050,0.8369,0.5537,0.7737,0.3963,0.5522
ALPHA-58-468,20,Female,The Idealistic Activist,48.6754,0.5132,0.3642,0.7700,0.1799,0.3620,0.2756,0.4795,0.7291,0.7140,0.1756
ALPHA-12-786,37,Female,The Cautious Observer,60.5556,0.3731,0.8557,0.4360,0.5035,0.7820,0.8171,0.7114,0.6506,0.1929,0.2639
ALPHA-05-436,30,Female,The Idealistic Activist,60.6027,0.7710,0.5586,0.8867,0.5649,0.3439,0.1293,0.4141,0.1401,0.8337,0.5697
ALPHA-80-556,56,Female,The Cautious Observer,58.6956,0.2677,0.9397,0.2863,0.2515,0.8175,0.6683,0.8490,0.1132,0.2249,0.4413
ALPHA-21-857,27,Female,The Disillusioned Artist,45.7248,0.1233,0.7616,0.7686,0.5498,0.8500,0.2426,0.2198,0.8989,0.2559,0.6924
ALPHA-61-261,66,Female,The Community Builder,80.9877,0.7546,0.2509,0.9163,0.8576,0.6923,0.6886,0.5527,0.8541,0.8510,0.8864
ALPHA-85-426,71,Male,The Cautious Observer,76.2194,0.2649,0.8557,0.7238,0.7785,0.8059,0.7997,0.9402,0.8305,0.3794,0.7516
ALPHA-39-569,27,Male,The Stoic Engineer,64.6338,0.6521,0.4912,0.7037,0.8360,0.7357,0.6003,0.5199,0.7804,0.2433,0.7507
ALPHA-45-987,35,Female,The Cautious Observer,56.6776,0.2311,0.6614,0.5563,0.2966,0.4505,0.8757,0.8448,0.3007,0.1305,0.2237
ALPHA-97-127,57,Male,The Disillusioned Artist,49.9111,0.4967,0.5489,0.4413,0.5215,0.8904,0.2562,0.3236,0.4196,0.4930,0.2198
ALPHA-89-508,40,Female,The Ambitious Entrepreneur,52.4547,0.5544,0.3924,0.7639,0.7010,0.3356,0.4456,0.2430,0.9411,0.5564,0.4613
ALPHA-57-898,47,Female,The Community Builder,74.6925,0.8177,0.6515,0.8426,0.6456,0.4703,0.7482,0.8126,0.6910,0.7806,0.6657
ALPHA-34-692,35,Female,The Ambitious Entrepreneur,54.5850,0.1639,0.1076,0.2782,0.9664,0.3600,0.3730,0.2941,0.6622,0.8757,0.8672
ALPHA-41-727,59,Male,The Disillusioned Artist,53.4515,0.3099,0.8197,0.4035,0.6382,0.7054,0.3866,0.4950,0.6692,0.4845,0.7685
ALPHA-81-797,31,Female,The Stoic Engineer,85.2764,0.6544,0.3202,0.7790,0.3838,0.9340,0.8495,0.8884,0.8918,0.2950,0.8570
ALPHA-95-765,68,Female,The Cautious Observer,51.6631,0.2180,0.8714,0.2677,0.7696,0.7095,0.7042,0.7601,0.3007,0.1490,0.2994
ALPHA-14-814,31,Female,The Disillusioned Artist,45.9022,0.1458,0.6153,0.7368,0.3726,0.8856,0.3297,0.4087,0.7112,0.5800,0.3801
ALPHA-14-290,42,Female,The Idealistic Activist,61.2664,0.8843,0.5812,0.9292,0.7151,0.1578,0.4508,0.4413,0.7450,0.8032,0.2169
ALPHA-70-611,30,Male,The Cautious Observer,66.0930,0.4087,0.8296,0.2791,0.2935,0.3215,0.6622,0.8778,0.3753,0.1971,0.7227
ALPHA-08-181,22,Female,The Stoic Engineer,60.8808,0.6693,0.2515,0.1979,0.6839,0.9008,0.8930,0.8909,0.7741,0.1176,0.2703
ALPHA-42-441,20,Female,The Stoic Engineer,70.6175,0.5230,0.3528,0.2123,0.7051,0.7476,0.9473,0.8726,0.9802,0.3103,0.6581
ALPHA-20-982,31,Male,The Ambitious Entrepreneur,54.0596,0.8158,0.2751,0.2302,0.8524,0.8231,0.4428,0.1695,0.6256,0.7829,0.5920
ALPHA-44-672,71,Male,The Community Builder,77.2693,0.9032,0.8175,0.7040,0.6798,0.8510,0.7694,0.5763,0.7092,0.9540,0.5752
ALPHA-85-639,58,Female,The Stoic Engineer,69.6798,0.4686,0.4113,0.5140,0.7408,0.8144,0.8981,0.6715,0.8303,0.3259,0.7400
ALPHA-56-070,27,Male,The Idealistic Activist,64.9608,0.8260,0.7107,0.8708,0.3037,0.8255,0.3743,0.3034,0.3690,0.6639,0.7246
ALPHA-53-630,32,Female,The Ambitious Entrepreneur,67.1777,0.7312,0.4147,0.6878,0.7427,0.3568,0.5518,0.1245,0.7328,0.7326,0.8612
ALPHA-65-484,34,Male,The Cautious Observer,54.7855,0.2055,0.7876,0.3030,0.4079,0.2056,0.8235,0.7119,0.6648,0.3366,0.2004
ALPHA-14-569,31,Male,The Idealistic Activist,69.3478,0.8372,0.3986,0.7433,0.4038,0.4663,0.2884,0.4129,0.3527,0.7985,0.8973
ALPHA-37-626,43,Female,The Ambitious Entrepreneur,58.2145,0.5762,0.4166,0.7759,0.8294,0.2540,0.4918,0.1206,0.6589,0.6266,0.4866
ALPHA-82-041,38,Female,The Ambitious Entrepreneur,52.1061,0.3740,0.2445,0.3007,0.8661,0.6541,0.4300,0.1103,0.8980,0.8992,0.7166
ALPHA-61-476,30,Female,The Cautious Observer,56.2796,0.4200,0.6082,0.1004,0.3155,0.8424,0.7416,0.8555,0.7198,0.1512,0.3104
ALPHA-83-044,30,Male,The Community Builder,66.6160,0.7136,0.7255,0.7725,0.2808,0.3273,0.4180,0.3147,0.1035,0.7149,0.8772
ALPHA-32-658,35,Female,The Stoic Engineer,68.8483,0.5179,0.4613,0.3187,0.5349,0.7485,0.7021,0.8770,0.7192,0.3809,0.6490
ALPHA-17-425,23,Male,The Community Builder,74.2212,0.7262,0.6762,0.7696,0.6458,0.7845,0.7677,0.6869,0.5926,0.7322,0.6095
ALPHA-96-490,38,Female,The Community Builder,66.5836,0.6636,0.4760,0.7205,0.5673,0.6883,0.6299,0.5352,0.4267,0.8843,0.7525
ALPHA-43-228,23,Male,The Disillusioned Artist,46.6142,0.1276,0.6505,0.4147,0.5736,0.9036,0.3648,0.4966,0.5862,0.3083,0.7035
ALPHA-92-863,66,Male,The Cautious Observer,60.2160,0.2321,0.8713,0.3506,0.1497,0.1948,0.6087,0.9202,0.7820,0.3290,0.7590
ALPHA-42-413,38,Female,The Disillusioned Artist,42.5717,0.3630,0.6759,0.5006,0.7995,0.9088,0.3980,0.2474,0.8715,0.4293,0.2800
ALPHA-40-825,16,Female,The Stoic Engineer,73.0893,0.5243,0.4927,0.6579,0.7012,0.8886,0.9321,0.8752,0.9649,0.3776,0.6182
ALPHA-97-286,17,Female,The Cautious Observer,67.6016,0.4844,0.8680,0.7652,0.7615,0.5882,0.6273,0.7662,0.3621,0.1563,0.6639
ALPHA-73-935,60,Male,The Stoic Engineer,66.8887,0.3908,0.2587,0.3125,0.3778,0.8851,0.8427,0.7144,0.8985,0.1371,0.6276
ALPHA-61-218,65,Female,The Idealistic Activist,52.6146,0.5454,0.6759,0.7186,0.8354,0.7468,0.2067,0.4229,0.2319,0.8513,0.4715
ALPHA-88-073,54,Female,The Cautious Observer,63.1280,0.3930,0.7196,0.3320,0.1854,0.8268,0.7179,0.9257,0.2771,0.3340,0.7269
ALPHA-19-130,16,Female,The Idealistic Activist,64.7992,0.7179,0.4665,0.7651,0.4373,0.3372,0.3880,0.4549,0.6109,0.8632,0.8504
ALPHA-66-490,61,Male,The Stoic Engineer,62.1946,0.5884,0.3821,0.3665,0.8538,0.6644,0.7148,0.7225,0.7247,0.2288,0.7266
ALPHA-34-126,32,Female,The Cautious Observer,70.1564,0.4662,0.9071,0.3254,0.7628,0.3905,0.8584,0.9116,0.1512,0.3483,0.8525
ALPHA-21-212,43,Male,The Ambitious Entrepreneur,67.8356,0.6125,0.6168,0.6178,0.7250,0.2936,0.6160,0.2434,0.8726,0.5350,0.7949
ALPHA-34-206,16,Female,The Cautious Observer,48.7970,0.3296,0.7233,0.2799,0.4139,0.4265,0.6197,0.7754,0.8261,0.2563,0.1320
ALPHA-96-528,55,Female,The Community Builder,71.0568,0.8371,0.4616,0.7487,0.5236,0.7422,0.4554,0.3862,0.8368,0.8526,0.8758
ALPHA-96-007,30,Female,The Ambitious Entrepreneur,53.9579,0.8278,0.6266,0.4070,0.9043,0.6449,0.4277,0.2723,0.8192,0.7779,0.5993
ALPHA-02-381,51,Female,The Stoic Engineer,67.0403,0.5204,0.4372,0.6727,0.1071,0.6797,0.7466,0.5297,0.9033,0.2727,0.3950
ALPHA-23-897,35,Female,The Cautious Observer,69.3279,0.2533,0.7066,0.5543,0.5320,0.1836,0.8638,0.7193,0.7844,0.3273,0.6628
ALPHA-08-252,16,Female,The Idealistic Activist,65.6533,0.7032,0.8851,0.7828,0.4971,0.4437,0.4452,0.3581,0.3776,0.8597,0.6165
ALPHA-92-658,50,Male,The Cautious Observer,77.1637,0.4650,0.6303,0.8592,0.7245,0.7992,0.8280,0.8090,0.2883,0.2339,0.8522
ALPHA-68-707,46,Male,The Idealistic Activist,65.6220,0.5743,0.1596,0.8674,0.4692,0.7401,0.4987,0.3259,0.3761,0.6878,0.5669
ALPHA-92-929,32,Female,The Stoic Engineer,71.6720,0.6969,0.2761,0.8418,0.2171,0.6603,0.9146,0.5215,0.7044,0.2518,0.6372
ALPHA-23-663,69,Male,The Idealistic Activist,56.6577,0.7976,0.2405,0.8211,0.3573,0.6080,0.4356,0.2494,0.1934,0.6448,0.1807
ALPHA-51-153,65,Male,The Idealistic Activist,68.7930,0.7981,0.3642,0.8671,0.8522,0.2525,0.4725,0.2553,0.4022,0.9450,0.7815
ALPHA-65-620,30,Female,The Stoic Engineer,62.8804,0.6147,0.3270,0.3192,0.4124,0.6684,0.8439,0.6981,0.9060,0.3313,0.1313
ALPHA-51-897,59,Male,The Disillusioned Artist,48.3190,0.1650,0.6784,0.6853,0.5235,0.7868,0.2313,0.4941,0.4554,0.2446,0.3520
ALPHA-54-022,40,Female,The Idealistic Activist,57.8356,0.7423,0.6620,0.9711,0.6399,0.6230,0.1549,0.4808,0.8696,0.7246,0.2741
ALPHA-41-353,55,Female,The Idealistic Activist,57.3928,0.7942,0.5455,0.7351,0.7645,0.7878,0.4396,0.3625,0.7594,0.8238,0.1119
ALPHA-47-189,58,Female,The Stoic Engineer,63.2394,0.3766,0.3650,0.4192,0.6570,0.9356,0.8691,0.6762,0.7088,0.3185,0.7892
ALPHA-52-623,34,Male,The Stoic Engineer,52.3370,0.4429,0.4935,0.2592,0.8916,0.8302,0.8727,0.6191,0.8084,0.3537,0.2725
ALPHA-14-411,58,Female,The Cautious Observer,67.3695,0.3696,0.8594,0.3811,0.8029,0.6853,0.7231,0.8647,0.8757,0.1725,0.6971
ALPHA-48-719,40,Male,The Stoic Engineer,63.8459,0.6355,0.3682,0.1214,0.1629,0.6831,0.8136,0.5625,0.7376,0.3742,0.8352
ALPHA-90-353,31,Male,The Ambitious Entrepreneur,54.0181,0.4642,0.3444,0.2611,0.9171,0.1692,0.6018,0.2303,0.6851,0.7720,0.3882
ALPHA-89-260,44,Female,The Community Builder,70.4809,0.6136,0.6489,0.8200,0.2938,0.7273,0.4096,0.7199,0.8797,0.7380,0.6157
ALPHA-87-194,45,Male,The Cautious Observer,65.9146,0.2796,0.8607,0.4136,0.8954,0.4295,0.8603,0.8368,0.2278,0.2366,0.8206
ALPHA-81-648,40,Male,The Cautious Observer,67.2181,0.3545,0.6171,0.6003,0.3074,0.2049,0.8731,0.8609,0.7557,0.3450,0.7704
ALPHA-91-285,44,Male,The Idealistic Activist,64.9058,0.8767,0.8057,0.8766,0.8503,0.2193,0.3150,0.3887,0.5767,0.7062,0.2233
ALPHA-22-339,31,Male,The Community Builder,71.3183,0.7204,0.4671,0.7510,0.4893,0.1369,0.6997,0.8617,0.5494,0.9553,0.6119
ALPHA-88-106,48,Female,The Community Builder,78.6085,0.9201,0.6962,0.7900,0.6245,0.5253,0.6175,0.8881,0.7687,0.8157,0.6702
ALPHA-22-117,53,Male,The Ambitious Entrepreneur,47.8879,0.5802,0.3077,0.4799,0.8019,0.5351,0.6566,0.1705,0.7501,0.8202,0.1520
ALPHA-14-820,52,Female,The Idealistic Activist,73.5539,0.8357,0.1040,0.9608,0.3656,0.3463,0.4458,0.3918,0.4235,0.8808,0.8156
ALPHA-55-800,44,Female,The Cautious Observer,72.7121,0.4881,0.8282,0.4977,0.3450,0.8315,0.8597,0.9540,0.8072,0.3200,0.4239
ALPHA-85-351,33,Female,The Disillusioned Artist,41.4737,0.3115,0.8934,0.4943,0.5967,0.7916,0.3751,0.2949,0.8173,0.3982,0.1751
ALPHA-63-626,40,Male,The Stoic Engineer,59.1391,0.3008,0.4204,0.8481,0.5997,0.8004,0.7768,0.8455,0.8365,0.1348,0.1479
ALPHA-78-131,27,Male,The Idealistic Activist,70.2863,0.6861,0.4076,0.9293,0.3568,0.3203,0.1078,0.4637,0.8635,0.9002,0.8480
ALPHA-47-864,47,Female,The Community Builder,74.5871,0.7604,0.4233,0.9848,0.1177,0.4373,0.4926,0.7082,0.2802,0.7652,0.8421
ALPHA-31-461,56,Female,The Ambitious Entrepreneur,50.9812,0.2382,0.5491,0.4224,0.7528,0.5635,0.3509,0.2697,0.9123,0.8037,0.8795
ALPHA-31-787,41,Female,The Community Builder,83.2185,0.6670,0.1472,0.9367,0.3358,0.7955,0.6792,0.8747,0.7042,0.7470,0.7351
ALPHA-86-366,64,Female,The Stoic Engineer,56.9810,0.3889,0.2030,0.1950,0.4046,0.8506,0.7324,0.8124,0.8949,0.3715,0.3758
ALPHA-56-195,50,Female,The Stoic Engineer,65.7666,0.6319,0.3476,0.2587,0.4859,0.8835,0.7391,0.7931,0.9090,0.2898,0.5059
ALPHA-68-513,46,Female,The Ambitious Entrepreneur,45.0221,0.1573,0.3261,0.6002,0.7917,0.3434,0.5697,0.2029,0.6045,0.6443,0.4524
ALPHA-79-802,50,Male,The Stoic Engineer,65.9599,0.4670,0.3783,0.3149,0.7722,0.7006,0.7526,0.8519,0.9386,0.2430,0.5777
ALPHA-74-050,37,Male,The Stoic Engineer,60.7648,0.5414,0.3597,0.2965,0.3609,0.6531,0.9202,0.7812,0.7137,0.3072,0.2683
ALPHA-99-901,35,Male,The Community Builder,69.0051,0.7178,0.4179,0.8906,0.6738,0.3248,0.4537,0.4562,0.1681,0.9087,0.5809
ALPHA-74-142,63,Female,The Idealistic Activist,62.2655,0.5972,0.5805,0.7223,0.7331,0.8259,0.2446,0.4656,0.4478,0.6521,0.7952
ALPHA-63-659,41,Male,The Idealistic Activist,73.5445,0.8797,0.8248,0.9620,0.7440,0.2196,0.2407,0.4141,0.7902,0.8110,0.8066
ALPHA-67-846,61,Female,The Cautious Observer,68.2141,0.2514,0.9055,0.8877,0.6295,0.8534,0.8135,0.7496,0.3006,0.2846,0.4846
ALPHA-49-821,42,Male,The Community Builder,65.5544,0.7653,0.4108,0.7538,0.8627,0.5479,0.6124,0.6331,0.7640,0.8284,0.6008
ALPHA-87-570,63,Female,The Cautious Observer,76.6329,0.4744,0.8767,0.7698,0.8033,0.2262,0.7789,0.9896,0.6567,0.1626,0.7366
ALPHA-69-311,28,Female,The Ambitious Entrepreneur,52.4092,0.1176,0.3270,0.7937,0.8432,0.5316,0.5230,0.2403,0.6587,0.6510,0.4150
ALPHA-83-564,16,Male,The Stoic Engineer,72.3054,0.6573,0.4447,0.3613,0.7365,0.8420,0.8174,0.7822,0.9124,0.1853,0.7530
ALPHA-11-977,66,Female,The Disillusioned Artist,49.5179,0.3901,0.5689,0.4993,0.5506,0.7035,0.1977,0.3840,0.5868,0.4009,0.8015
ALPHA-11-308,50,Male,The Cautious Observer,53.8634,0.3358,0.9460,0.3248,0.7996,0.8064,0.7000,0.7085,0.5343,0.1180,0.2368
ALPHA-72-635,37,Male,The Cautious Observer,71.1057,0.4074,0.7700,0.3650,0.3808,0.8010,0.6569,0.9352,0.4196,0.1557,0.7602
ALPHA-93-862,31,Male,The Ambitious Entrepreneur,55.2550,0.4646,0.2296,0.4800,0.7954,0.3657,0.3797,0.1203,0.8996,0.5012,0.7515
ALPHA-88-430,40,Male,The Cautious Observer,59.2465,0.3382,0.7189,0.3850,0.8565,0.3003,0.6220,0.8318,0.2353,0.2800,0.2816
ALPHA-37-767,47,Male,The Ambitious Entrepreneur,44.9696,0.3123,0.4906,0.3247,0.9719,0.6935,0.3994,0.2474,0.7631,0.8386,0.2107
ALPHA-86-649,47,Female,The Cautious Observer,57.9650,0.3881,0.7748,0.2128,0.6164,0.4963,0.6496,0.9352,0.4916,0.2290,0.6031
ALPHA-29-658,33,Male,The Ambitious Entrepreneur,53.8439,0.5261,0.8553,0.3652,0.8244,0.3300,0.4888,0.1833,0.7124,0.8252,0.4695
ALPHA-91-704,38,Male,The Cautious Observer,61.9284,0.2045,0.6168,0.8249,0.3560,0.3120,0.6452,0.9898,0.1348,0.2449,0.2098
ALPHA-89-215,61,Female,The Community Builder,78.8205,0.8658,0.8147,0.9446,0.8083,0.7137,0.7932,0.7654,0.6059,0.7819,0.8596
ALPHA-29-322,42,Male,The Cautious Observer,52.8750,0.3158,0.7486,0.2826,0.6595,0.7940,0.8561,0.7135,0.1316,0.2542,0.2783
ALPHA-17-189,43,Male,The Cautious Observer,78.2739,0.3324,0.9253,0.8261,0.6356,0.1321,0.8294,0.9008,0.8331,0.2715,0.8890
ALPHA-16-269,51,Female,The Idealistic Activist,62.0649,0.6622,0.8377,0.8474,0.1124,0.5517,0.4275,0.4195,0.8546,0.6704,0.4563
ALPHA-03-535,57,Female,The Stoic Engineer,65.1371,0.6844,0.2863,0.5049,0.7698,0.9158,0.7321,0.6173,0.8719,0.3000,0.3209
ALPHA-16-042,38,Female,The Ambitious Entrepreneur,65.1143,0.5829,0.5843,0.5830,0.9724,0.7179,0.5899,0.1825,0.6883,0.8523,0.8610
ALPHA-26-703,47,Male,The Ambitious Entrepreneur,63.2888,0.5179,0.3732,0.8862,0.9288,0.4631,0.6715,0.2532,0.6004,0.8342,0.5441
ALPHA-62-021,29,Male,The Idealistic Activist,61.5647,0.8808,0.4570,0.8679,0.1826,0.5245,0.3396,0.2274,0.1648,0.9202,0.1991
ALPHA-33-338,48,Female,The Cautious Observer,65.4874,0.2229,0.6812,0.8853,0.6989,0.7812,0.6469,0.8653,0.7110,0.1920,0.1613
ALPHA-69-776,25,Male,The Idealistic Activist,53.6137,0.6365,0.8674,0.7975,0.5417,0.5394,0.1822,0.3402,0.6807,0.9463,0.1487
ALPHA-71-182,50,Female,The Cautious Observer,59.8133,0.4031,0.6672,0.2376,0.2451,0.7076,0.7599,0.8782,0.3268,0.2614,0.4683
ALPHA-06-083,44,Female,The Community Builder,72.8826,0.8197,0.4799,0.9807,0.4449,0.4469,0.4873,0.6749,0.7165,0.9703,0.8541
ALPHA-98-428,59,Male,The Cautious Observer,61.9643,0.3421,0.8052,0.6719,0.3473,0.2678,0.8939,0.8957,0.5436,0.1331,0.2312
ALPHA-23-260,18,Male,The Idealistic Activist,65.3503,0.7522,0.4912,0.9467,0.6926,0.1836,0.3439,0.4454,0.5862,0.8025,0.7282
ALPHA-52-008,60,Male,The Cautious Observer,59.3583,0.2487,0.7061,0.4813,0.3711,0.2507,0.8319,0.8748,0.3497,0.2377,0.5143
ALPHA-44-785,48,Female,The Idealistic Activist,61.7840,0.8736,0.6918,0.9266,0.3794,0.4294,0.2111,0.3258,0.1250,0.8606,0.3701
ALPHA-99-968,36,Female,The Cautious Observer,62.4206,0.3240,0.6932,0.2007,0.2261,0.6298,0.6511,0.9729,0.4177,0.2662,0.3981
ALPHA-41-864,55,Male,The Cautious Observer,70.9379,0.3050,0.6571,0.6619,0.1199,0.4806,0.7892,0.8529,0.1116,0.3558,0.7749
ALPHA-54-273,47,Male,The Stoic Engineer,70.1743,0.3899,0.3363,0.8474,0.6288,0.7827,0.8367,0.5300,0.9408,0.3379,0.6779
ALPHA-43-399,25,Male,The Disillusioned Artist,52.9554,0.2772,0.7556,0.4798,0.2165,0.7603,0.3332,0.3694,0.2533,0.3628,0.6209
ALPHA-58-973,23,Male,The Ambitious Entrepreneur,42.7457,0.4504,0.4347,0.3944,0.7118,0.5777,0.3541,0.1660,0.7173,0.7861,0.1173
ALPHA-95-722,37,Female,The Idealistic Activist,68.4930,0.8423,0.8031,0.8424,0.8544,0.8970,0.1743,0.4368,0.5440,0.8536,0.6429
ALPHA-65-938,33,Male,The Community Builder,64.5858,0.8825,0.3271,0.8136,0.7262,0.6861,0.4705,0.3321,0.4831,0.9237,0.7664
ALPHA-10-041,55,Male,The Cautious Observer,65.8364,0.3725,0.7779,0.2503,0.1693,0.7241,0.7852,0.8982,0.6602,0.1254,0.5560
ALPHA-53-800,34,Female,The Stoic Engineer,68.2900,0.6797,0.3683,0.3394,0.8440,0.7396,0.7997,0.6663,0.8346,0.2665,0.5476
ALPHA-09-852,35,Female,The Stoic Engineer,63.5485,0.6199,0.2535,0.3287,0.3293,0.7012,0.8778,0.8120,0.8296,0.3994,0.3968
ALPHA-51-222,44,Female,The Community Builder,74.3701,0.6941,0.4831,0.8774,0.1063,0.2530,0.5242,0.8576,0.4551,0.7738,0.6117
ALPHA-89-225,19,Female,The Community Builder,66.9595,0.6784,0.4699,0.8911,0.6670,0.5838,0.5447,0.1433,0.6368,0.9487,0.6970
ALPHA-38-596,26,Female,The Community Builder,61.7251,0.7227,0.6501,0.8892,0.4901,0.2196,0.4924,0.1659,0.8366,0.8917,0.6719
ALPHA-37-354,38,Male,The Stoic Engineer,68.8516,0.6466,0.3642,0.7537,0.4478,0.7423,0.7122,0.5932,0.8716,0.3315,0.4970
ALPHA-99-769,36,Female,The Cautious Observer,54.0239,0.3364,0.8351,0.1084,0.8968,0.4320,0.6792,0.7962,0.7012,0.2610,0.3065
ALPHA-84-488,75,Male,The Community Builder,75.3207,0.8187,0.2060,0.7032,0.8015,0.2890,0.7595,0.6240,0.4605,0.8483,0.8541
ALPHA-83-583,34,Male,The Idealistic Activist,63.2856,0.6773,0.6054,0.9508,0.4613,0.5647,0.2720,0.3960,0.3507,0.6921,0.3883
ALPHA-57-141,37,Male,The Community Builder,71.3744,0.7451,0.4782,0.7772,0.7969,0.4684,0.6438,0.8451,0.3820,0.8945,0.6288
ALPHA-34-076,52,Female,The Ambitious Entrepreneur,66.3451,0.4583,0.5996,0.5811,0.9599,0.2246,0.5855,0.3456,0.6385,0.7836,0.8579
ALPHA-93-289,28,Male,The Disillusioned Artist,47.1203,0.3346,0.7173,0.5008,0.5329,0.7783,0.1299,0.3023,0.2900,0.2203,0.2299
ALPHA-07-099,52,Female,The Ambitious Entrepreneur,56.5387,0.8180,0.7648,0.4738,0.7520,0.5224,0.3774,0.1639,0.8938,0.8101,0.2862
ALPHA-73-978,62,Male,The Stoic Engineer,67.0464,0.5621,0.2496,0.3091,0.3602,0.7444,0.8609,0.5982,0.8103,0.1394,0.6458
ALPHA-66-052,37,Male,The Idealistic Activist,63.4396,0.6503,0.3446,0.7279,0.5638,0.2034,0.1955,0.2643,0.4233,0.7057,0.8715
ALPHA-28-692,47,Male,The Disillusioned Artist,52.9993,0.1657,0.7390,0.4063,0.2352,0.9520,0.3767,0.2533,0.3079,0.2471,0.8043
ALPHA-56-521,29,Male,The Cautious Observer,66.4861,0.3552,0.7754,0.5709,0.4199,0.7790,0.7773,0.8098,0.3277,0.3962,0.3779
ALPHA-67-957,32,Male,The Ambitious Entrepreneur,41.6218,0.2400,0.4022,0.2253,0.9022,0.2665,0.3327,0.2473,0.7513,0.7254,0.1927
ALPHA-59-925,46,Female,The Idealistic Activist,58.8181,0.5192,0.4840,0.7643,0.8724,0.7020,0.1118,0.3565,0.8016,0.6084,0.6317
ALPHA-59-590,40,Male,The Disillusioned Artist,53.2485,0.4867,0.8265,0.7312,0.5314,0.9208,0.2086,0.3468,0.6728,0.5584,0.7129
ALPHA-33-428,37,Female,The Stoic Engineer,76.2768,0.6134,0.4297,0.7459,0.5544,0.8018,0.8062,0.7325,0.9895,0.2011,0.8471
ALPHA-64-991,58,Female,The Cautious Observer,64.8871,0.2913,0.8734,0.3715,0.5898,0.3879,0.8378,0.8213,0.3823,0.3180,0.6700
ALPHA-25-293,44,Male,The Disillusioned Artist,54.3685,0.4679,0.8524,0.4572,0.7524,0.9030,0.3217,0.3456,0.2478,0.4824,0.8214
ALPHA-17-885,39,Female,The Disillusioned Artist,46.6485,0.3148,0.8476,0.4536,0.6269,0.7924,0.1449,0.4007,0.3032,0.4354,0.3384
ALPHA-38-347,34,Male,The Stoic Engineer,61.2600,0.4995,0.4751,0.6292,0.7909,0.9089,0.8745,0.5103,0.8677,0.3102,0.4792
ALPHA-61-898,35,Male,The Cautious Observer,57.9661,0.3549,0.7546,0.3357,0.6093,0.6718,0.7624,0.8307,0.1552,0.2799,0.2836
ALPHA-76-704,43,Male,The Disillusioned Artist,49.6605,0.2159,0.8825,0.6060,0.3142,0.7504,0.3384,0.5877,0.8336,0.2378,0.4562
ALPHA-95-025,37,Male,The Idealistic Activist,64.5067,0.6878,0.7097,0.7934,0.8893,0.4473,0.3064,0.4875,0.8047,0.6676,0.6623
ALPHA-15-275,32,Female,The Stoic Engineer,68.5276,0.4044,0.2140,0.4321,0.6555,0.8543,0.9242,0.6791,0.8999,0.3185,0.6307
ALPHA-29-173,45,Male,The Disillusioned Artist,47.6038,0.2792,0.7626,0.5035,0.3800,0.7056,0.2336,0.3390,0.7722,0.3096,0.3584
ALPHA-22-741,41,Male,The Community Builder,62.8160,0.6040,0.3125,0.9630,0.7245,0.7227,0.5348,0.1716,0.6601,0.8737,0.7692
ALPHA-85-959,41,Female,The Stoic Engineer,76.3023,0.6571,0.2590,0.8201,0.7437,0.8867,0.6912,0.8268,0.8783,0.1220,0.6858
ALPHA-34-626,76,Female,The Idealistic Activist,65.6087,0.8847,0.1608,0.8034,0.1431,0.4992,0.3732,0.4759,0.7506,0.6213,0.3306
ALPHA-33-309,33,Female,The Stoic Engineer,70.8573,0.4799,0.4400,0.5973,0.3819,0.7097,0.8349,0.5643,0.8268,0.2897,0.6277
ALPHA-89-434,37,Male,The Ambitious Entrepreneur,34.1459,0.1539,0.2803,0.2948,0.7312,0.3222,0.3182,0.2047,0.7232,0.6413,0.1529
ALPHA-92-688,49,Male,The Ambitious Entrepreneur,50.4513,0.2879,0.4772,0.6145,0.9154,0.1124,0.4310,0.2643,0.7250,0.8985,0.7137
ALPHA-14-510,53,Female,The Stoic Engineer,66.5435,0.5104,0.2697,0.8531,0.7283,0.6629,0.7749,0.6481,0.8372,0.1445,0.6381
ALPHA-20-807,16,Female,The Cautious Observer,71.6599,0.4686,0.7108,0.6083,0.3912,0.5727,0.7453,0.9736,0.3213,0.2637,0.4767
ALPHA-71-341,23,Male,The Community Builder,67.0654,0.7201,0.7089,0.7991,0.8625,0.2998,0.6041,0.7197,0.1157,0.7365,0.5242
ALPHA-03-245,21,Female,The Ambitious Entrepreneur,53.8107,0.7607,0.1593,0.3014,0.8919,0.5179,0.3068,0.3308,0.6651,0.8271,0.5204
ALPHA-04-497,35,Male,The Disillusioned Artist,56.8107,0.3617,0.6618,0.7297,0.5385,0.9368,0.2849,0.4319,0.8595,0.2598,0.4235
ALPHA-02-828,33,Male,The Disillusioned Artist,53.8983,0.4986,0.6010,0.6518,0.2093,0.7734,0.1258,0.4005,0.3679,0.5854,0.4855
ALPHA-36-316,52,Female,The Ambitious Entrepreneur,53.8419,0.3612,0.4093,0.7952,0.9639,0.7922,0.5875,0.3806,0.8303,0.6483,0.2735
ALPHA-66-756,27,Female,The Community Builder,74.1963,0.8537,0.7972,0.8768,0.6665,0.4602,0.4925,0.3720,0.3228,0.7159,0.8915
ALPHA-75-829,51,Male,The Stoic Engineer,74.5528,0.6947,0.3594,0.7320,0.2360,0.8981,0.7484,0.6188,0.9838,0.2043,0.6613
ALPHA-53-662,40,Female,The Community Builder,70.1363,0.8456,0.8286,0.9072,0.2521,0.8919,0.6450,0.5581,0.4512,0.9340,0.6426
ALPHA-64-403,44,Female,The Disillusioned Artist,53.1737,0.3779,0.7043,0.4690,0.8482,0.7985,0.3401,0.4569,0.7727,0.5617,0.2871
ALPHA-92-839,54,Female,The Community Builder,71.8332,0.7719,0.5006,0.7575,0.5515,0.8651,0.7808,0.8131,0.7967,0.8627,0.5259
ALPHA-71-673,45,Female,The Stoic Engineer,64.5081,0.5665,0.4340,0.6450,0.3674,0.7109,0.6859,0.7852,0.9627,0.1899,0.5723
ALPHA-17-075,51,Male,The Disillusioned Artist,55.0497,0.2141,0.8002,0.4956,0.2682,0.9441,0.1901,0.5450,0.2434,0.3975,0.7947
ALPHA-44-936,39,Female,The Disillusioned Artist,41.2315,0.2157,0.8176,0.5150,0.5779,0.9241,0.1398,0.2508,0.1185,0.5537,0.2228
ALPHA-74-295,18,Female,The Idealistic Activist,64.7719,0.8689,0.4044,0.8177,0.8732,0.2120,0.4642,0.3174,0.8943,0.9201,0.7484
ALPHA-48-341,39,Male,The Stoic Engineer,68.1596,0.4001,0.2885,0.6360,0.8995,0.6462,0.6005,0.8122,0.7140,0.2138,0.8451
ALPHA-80-986,44,Female,The Ambitious Entrepreneur,58.2589,0.3756,0.6209,0.8177,0.8018,0.5168,0.5191,0.1145,0.8426,0.5940,0.6391
ALPHA-29-668,76,Male,The Idealistic Activist,67.7021,0.5874,0.5534,0.9842,0.2634,0.4032,0.2596,0.2409,0.2664,0.8988,0.8479
ALPHA-08-371,80,Female,The Community Builder,73.9469,0.6140,0.1334,0.7338,0.5714,0.6599,0.6648,0.8860,0.5712,0.8062,0.8369
ALPHA-73-188,38,Female,The Stoic Engineer,62.6107,0.4555,0.2893,0.4497,0.3279,0.8965,0.6433,0.8729,0.8587,0.2669,0.3012
ALPHA-92-248,43,Male,The Idealistic Activist,52.5507,0.7516,0.5175,0.8609,0.1629,0.2791,0.1003,0.2578,0.6850,0.7706,0.4415
ALPHA-35-768,31,Female,The Stoic Engineer,70.4135,0.5018,0.4480,0.6157,0.3868,0.9230,0.6275,0.8823,0.9590,0.1245,0.7485
ALPHA-66-645,45,Female,The Community Builder,72.5411,0.7136,0.5976,0.7506,0.2451,0.6656,0.7139,0.6763,0.4588,0.9071,0.6848
ALPHA-53-414,45,Female,The Community Builder,69.3119,0.7069,0.2130,0.8208,0.4683,0.4255,0.4924,0.2571,0.8639,0.7941,0.8454
ALPHA-49-422,20,Female,The Idealistic Activist,61.7186,0.8319,0.1123,0.9029,0.8247,0.4244,0.3406,0.2255,0.1745,0.8069,0.4234
ALPHA-92-943,32,Male,The Idealistic Activist,54.8837,0.7860,0.5114,0.9052,0.2538,0.8779,0.3558,0.3867,0.7733,0.7074,0.2027
ALPHA-05-989,54,Female,The Community Builder,80.6962,0.7122,0.7456,0.9084,0.1416,0.6855,0.5225,0.7705,0.3216,0.8889,0.8843
ALPHA-02-718,56,Female,The Stoic Engineer,63.1305,0.6825,0.4580,0.7077,0.6461,0.6318,0.8723,0.5193,0.7341,0.3231,0.2364
ALPHA-88-200,28,Male,The Community Builder,71.1242,0.7849,0.5860,0.9511,0.1008,0.1733,0.4594,0.6273,0.5424,0.9543,0.5765
ALPHA-20-698,21,Female,The Cautious Observer,68.2217,0.4720,0.6289,0.6224,0.2017,0.1949,0.8815,0.9520,0.3721,0.3602,0.2252
ALPHA-29-360,27,Female,The Disillusioned Artist,45.8641,0.1593,0.7851,0.4303,0.1038,0.7840,0.1244,0.5008,0.2652,0.5219,0.2997
ALPHA-98-844,60,Female,The Cautious Observer,65.8161,0.3529,0.8147,0.5740,0.2438,0.2202,0.6362,0.9747,0.6437,0.2118,0.5940
ALPHA-86-474,53,Male,The Idealistic Activist,60.3810,0.6394,0.2697,0.8321,0.7794,0.8366,0.4772,0.4932,0.7515,0.7422,0.4354
ALPHA-56-408,36,Female,The Disillusioned Artist,63.7785,0.2252,0.6706,0.7004,0.3443,0.8847,0.3927,0.4787,0.5344,0.4062,0.7948
ALPHA-27-802,69,Male,The Disillusioned Artist,58.4502,0.4210,0.5317,0.5225,0.5985,0.9891,0.2627,0.5571,0.6251,0.3124,0.7013
ALPHA-00-369,64,Male,The Ambitious Entrepreneur,58.4442,0.4367,0.6206,0.3261,0.8415,0.4382,0.5800,0.2034,0.6255,0.7598,0.8384
ALPHA-51-672,53,Female,The Stoic Engineer,64.1011,0.3582,0.4579,0.4384,0.4616,0.6344,0.7942,0.8205,0.9166,0.2351,0.4601
ALPHA-80-391,48,Male,The Community Builder,65.2238,0.6461,0.2025,0.8660,0.8403,0.3899,0.6628,0.4035,0.3888,0.9847,0.5656
ALPHA-26-696,62,Male,The Idealistic Activist,51.7637,0.6879,0.1320,0.7595,0.4266,0.5866,0.3953,0.2798,0.4744,0.8082,0.1319
ALPHA-27-709,20,Male,The Cautious Observer,52.9538,0.4244,0.7034,0.1704,0.7944,0.4142,0.7041,0.8169,0.8663,0.3968,0.3114
ALPHA-54-870,46,Female,The Stoic Engineer,69.3819,0.6565,0.4796,0.3722,0.4955,0.6975,0.6640,0.7375,0.7467,0.2369,0.8489
ALPHA-06-084,44,Male,The Ambitious Entrepreneur,53.8487,0.7094,0.8359,0.3937,0.7975,0.7834,0.3572,0.1580,0.8273,0.6643,0.4102
ALPHA-76-197,70,Female,The Idealistic Activist,63.0829,0.5578,0.4393,0.9278,0.1297,0.5230,0.3937,0.2093,0.3154,0.9158,0.6081
ALPHA-63-981,16,Male,The Stoic Engineer,64.6045,0.3249,0.2158,0.4139,0.2121,0.8778,0.6478,0.7354,0.8216,0.1294,0.6744
ALPHA-28-046,44,Female,The Community Builder,71.6971,0.8039,0.2488,0.9543,0.2935,0.7860,0.5255,0.4083,0.5088,0.9035,0.6224
ALPHA-02-578,45,Female,The Idealistic Activist,61.9985,0.6138,0.6277,0.8905,0.7148,0.1130,0.3864,0.3647,0.6903,0.8745,0.2453
ALPHA-36-384,29,Female,The Idealistic Activist,56.7838,0.5953,0.6761,0.9730,0.6270,0.4819,0.3039,0.4448,0.7120,0.7879,0.4109
ALPHA-81-958,62,Female,The Ambitious Entrepreneur,47.1199,0.1183,0.1711,0.1285,0.7117,0.4503,0.5013,0.3134,0.9324,0.7330,0.4522
ALPHA-85-684,29,Female,The Disillusioned Artist,51.7591,0.2110,0.6537,0.7907,0.3870,0.8275,0.3857,0.3294,0.1095,0.5166,0.1753
ALPHA-35-337,27,Male,The Disillusioned Artist,52.9671,0.4773,0.8989,0.5122,0.4904,0.7747,0.1759,0.2905,0.8685,0.3490,0.7076
ALPHA-71-601,31,Male,The Ambitious Entrepreneur,59.2060,0.8620,0.7102,0.3834,0.7210,0.2465,0.3473,0.1525,0.8421,0.7024,0.7480
ALPHA-87-976,32,Female,The Ambitious Entrepreneur,55.2018,0.5933,0.4049,0.6401,0.8068,0.3725,0.6856,0.3152,0.8496,0.8781,0.1782
ALPHA-44-585,41,Female,The Idealistic Activist,55.4598,0.5104,0.7015,0.9371,0.1991,0.1541,0.1222,0.4123,0.7101,0.6792,0.5095
ALPHA-59-567,27,Male,The Cautious Observer,63.8099,0.4774,0.7192,0.8775,0.6906,0.8704,0.6448,0.7695,0.8426,0.2100,0.2360
ALPHA-39-263,49,Male,The Community Builder,75.5933,0.7269,0.4013,0.8534,0.6781,0.5250,0.5190,0.4679,0.4844,0.9375,0.8625
ALPHA-39-227,59,Female,The Stoic Engineer,54.6590,0.5764,0.2179,0.2697,0.6154,0.6146,0.7252,0.8222,0.8742,0.1032,0.1291
ALPHA-34-676,57,Male,The Ambitious Entrepreneur,41.9800,0.1603,0.2225,0.1084,0.9436,0.1414,0.6686,0.3824,0.8495,0.5878,0.1237
ALPHA-78-394,45,Female,The Ambitious Entrepreneur,69.6918,0.6172,0.2857,0.8461,0.7198,0.1231,0.6629,0.3620,0.9282,0.5087,0.8797
ALPHA-10-008,63,Female,The Stoic Engineer,57.8135,0.6086,0.3715,0.3636,0.7122,0.7355,0.8972,0.5500,0.8523,0.2490,0.4030
ALPHA-49-957,35,Male,The Disillusioned Artist,49.8307,0.4485,0.8967,0.4934,0.8259,0.8345,0.1100,0.5050,0.5483,0.4873,0.7285
ALPHA-45-060,24,Male,The Cautious Observer,68.1152,0.3988,0.8207,0.8755,0.5534,0.1360,0.6304,0.9254,0.8380,0.3811,0.6708
ALPHA-44-860,17,Male,The Disillusioned Artist,55.4699,0.2831,0.8376,0.4999,0.3617,0.8770,0.2596,0.5201,0.8794,0.2706,0.8946
ALPHA-53-349,33,Female,The Community Builder,62.3055,0.9091,0.7966,0.8513,0.3399,0.4150,0.4602,0.2087,0.5147,0.8718,0.6446
ALPHA-69-021,40,Male,The Stoic Engineer,72.5271,0.5858,0.2589,0.5717,0.6750,0.9183,0.7753,0.6668,0.9217,0.1395,0.6135
ALPHA-18-060,62,Male,The Ambitious Entrepreneur,50.5168,0.1873,0.8463,0.7584,0.9510,0.1108,0.5663,0.2675,0.7145,0.6652,0.3495
ALPHA-86-796,64,Female,The Disillusioned Artist,56.0762,0.2791,0.8205,0.5657,0.4750,0.8671,0.3773,0.2804,0.1820,0.5562,0.7660
ALPHA-08-222,31,Female,The Stoic Engineer,60.0081,0.3258,0.4240,0.6581,0.1263,0.6643,0.6014,0.7688,0.9395,0.2819,0.3770
ALPHA-59-501,38,Female,The Cautious Observer,53.5631,0.2980,0.6681,0.3124,0.7020,0.3510,0.6207,0.8232,0.1626,0.1841,0.4025
ALPHA-41-189,26,Male,The Cautious Observer,68.9388,0.4722,0.7689,0.8745,0.4854,0.1352,0.7621,0.7521,0.2384,0.2422,0.3039
ALPHA-20-153,58,Female,The Idealistic Activist,53.9938,0.7615,0.5871,0.7087,0.4166,0.3829,0.3320,0.4674,0.7451,0.8124,0.2792
ALPHA-21-826,20,Male,The Disillusioned Artist,48.1794,0.1359,0.8940,0.5717,0.8735,0.7390,0.2191,0.2967,0.1568,0.5587,0.3908
ALPHA-81-172,16,Male,The Ambitious Entrepreneur,62.0854,0.5207,0.8770,0.8718,0.9850,0.3582,0.5067,0.3348,0.7325,0.5071,0.5105
ALPHA-61-327,59,Female,The Cautious Observer,65.3388,0.2634,0.9248,0.7146,0.6597,0.2933,0.7139,0.8726,0.4779,0.1766,0.2732
ALPHA-44-157,30,Female,The Community Builder,64.6287,0.9130,0.5757,0.9488,0.2361,0.2208,0.5688,0.3612,0.6446,0.8899,0.5058
ALPHA-91-293,49,Male,The Stoic Engineer,55.3381,0.6016,0.3132,0.1577,0.5771,0.8613,0.6233,0.6485,0.8849,0.2679,0.1405
ALPHA-74-920,29,Female,The Stoic Engineer,56.2072,0.3140,0.2804,0.7651,0.2233,0.9333,0.7264,0.5624,0.8544,0.3393,0.3429
ALPHA-76-308,34,Female,The Cautious Observer,68.7699,0.2290,0.8339,0.5783,0.1580,0.2643,0.8960,0.9093,0.8554,0.2256,0.7752
ALPHA-81-380,50,Female,The Stoic Engineer,63.1877,0.3512,0.3916,0.5683,0.2931,0.8712,0.8983,0.7966,0.8044,0.3129,0.4373
ALPHA-76-202,30,Male,The Cautious Observer,60.5699,0.3229,0.6074,0.4696,0.7898,0.2609,0.6687,0.8402,0.1782,0.1661,0.3722
ALPHA-91-235,48,Female,The Community Builder,63.1296,0.8861,0.6602,0.9583,0.5182,0.1540,0.4160,0.4033,0.8606,0.8170,0.5358
ALPHA-64-769,44,Male,The Disillusioned Artist,47.6213,0.3465,0.6281,0.4300,0.1175,0.7338,0.2642,0.3070,0.8017,0.3032,0.5628
ALPHA-08-869,25,Male,The Stoic Engineer,54.0036,0.3403,0.2705,0.4495,0.5680,0.8081,0.6641,0.8792,0.9510,0.2715,0.2309
ALPHA-01-329,29,Female,The Ambitious Entrepreneur,55.4135,0.4109,0.2850,0.4560,0.7289,0.5383,0.5298,0.1262,0.9298,0.7047,0.7566
ALPHA-66-362,33,Male,The Disillusioned Artist,41.7043,0.3575,0.8386,0.5257,0.2257,0.8953,0.3307,0.2198,0.4482,0.4774,0.2484
ALPHA-63-059,68,Male,The Stoic Engineer,83.2745,0.6673,0.2418,0.8491,0.8144,0.8047,0.9390,0.6944,0.7228,0.1525,0.8168
ALPHA-63-255,29,Male,The Community Builder,73.4510,0.7555,0.6926,0.9540,0.7159,0.2509,0.7946,0.4130,0.6084,0.7725,0.5459
ALPHA-03-738,46,Male,The Idealistic Activist,55.8184,0.8581,0.1115,0.8310,0.8957,0.6017,0.1669,0.2665,0.5467,0.9186,0.5746
ALPHA-97-033,16,Male,The Cautious Observer,73.8888,0.4058,0.7170,0.8271,0.2102,0.7239,0.8668,0.7826,0.4691,0.2320,0.5592
ALPHA-64-018,44,Male,The Idealistic Activist,52.8787,0.6712,0.1355,0.8309,0.8434,0.4134,0.1073,0.3435,0.8194,0.6413,0.3909
ALPHA-87-434,53,Male,The Disillusioned Artist,52.2300,0.1555,0.6015,0.7392,0.8169,0.7287,0.2506,0.4802,0.8968,0.3372,0.5622
ALPHA-26-923,63,Male,The Community Builder,65.2189,0.9282,0.2286,0.8018,0.2270,0.3352,0.6109,0.2601,0.1387,0.7603,0.5037
ALPHA-49-428,37,Male,The Community Builder,73.3291,0.8999,0.3383,0.9260,0.3393,0.6879,0.4438,0.7071,0.1227,0.8493,0.7518
ALPHA-80-511,49,Male,The Disillusioned Artist,43.3058,0.1168,0.7995,0.5109,0.7652,0.8556,0.3445,0.2493,0.2535,0.2332,0.5675
ALPHA-33-845,45,Female,The Disillusioned Artist,46.7148,0.2863,0.8629,0.5933,0.6074,0.7373,0.1489,0.4665,0.1583,0.2448,0.2563
ALPHA-73-933,27,Male,The Community Builder,69.0780,0.7574,0.4471,0.7696,0.4728,0.4406,0.4259,0.6942,0.7682,0.7287,0.6336
ALPHA-88-805,16,Male,The Ambitious Entrepreneur,64.7463,0.8016,0.7977,0.6342,0.7434,0.8232,0.5024,0.2364,0.8042,0.8835,0.6629
ALPHA-73-980,28,Female,The Idealistic Activist,72.2536,0.8748,0.8817,0.9396,0.4446,0.5541,0.4315,0.2063,0.1346,0.9237,0.7635
ALPHA-89-678,36,Female,The Ambitious Entrepreneur,64.8483,0.4273,0.2084,0.8827,0.8928,0.2914,0.3830,0.1963,0.8322,0.6044,0.8945
ALPHA-10-009,23,Male,The Stoic Engineer,58.6670,0.6276,0.4506,0.7627,0.3554,0.6739,0.6020,0.6496,0.9798,0.1284,0.2378
ALPHA-33-246,40,Male,The Community Builder,72.3633,0.8434,0.2152,0.9355,0.3162,0.4115,0.5799,0.2252,0.8418,0.7389,0.8757
ALPHA-18-321,24,Female,The Cautious Observer,61.5495,0.2472,0.7637,0.1289,0.3208,0.1044,0.7234,0.7573,0.5128,0.1035,0.6457
ALPHA-84-552,41,Female,The Disillusioned Artist,56.3026,0.2206,0.5136,0.6664,0.6962,0.7849,0.1945,0.3771,0.6755,0.4886,0.6586
ALPHA-05-541,49,Female,The Idealistic Activist,63.6642,0.8556,0.1966,0.9098,0.2732,0.3510,0.2462,0.3977,0.8508,0.7681,0.7897
ALPHA-84-760,42,Female,The Community Builder,65.6134,0.6785,0.8279,0.9621,0.1280,0.6336,0.5133,0.3830,0.7309,0.9519,0.8196
ALPHA-29-557,52,Male,The Cautious Observer,68.7445,0.2952,0.7598,0.5736,0.7901,0.8193,0.6777,0.8892,0.8930,0.3033,0.4830
ALPHA-81-056,44,Male,The Disillusioned Artist,55.9401,0.2970,0.8131,0.6544,0.5187,0.7745,0.2580,0.2735,0.8373,0.4123,0.5858
ALPHA-63-895,85,Female,The Ambitious Entrepreneur,57.0648,0.1209,0.2476,0.7976,0.9347,0.2107,0.4199,0.1910,0.7304,0.5230,0.8187
ALPHA-92-651,56,Male,The Cautious Observer,57.7430,0.4700,0.6355,0.4304,0.7330,0.3079,0.7537,0.7385,0.8783,0.2364,0.2580
ALPHA-96-194,47,Male,The Stoic Engineer,55.0408,0.3787,0.4546,0.1458,0.5274,0.8786,0.7610,0.6156,0.9099,0.1312,0.5291
ALPHA-36-448,62,Male,The Community Builder,70.9594,0.8413,0.2819,0.8610,0.6832,0.3562,0.4629,0.4540,0.5870,0.8598,0.7325
ALPHA-34-560,42,Male,The Idealistic Activist,56.0644,0.5215,0.1713,0.7857,0.7843,0.5696,0.2222,0.4687,0.7264,0.7005,0.3627
ALPHA-10-675,62,Female,The Disillusioned Artist,44.9134,0.4583,0.7004,0.4937,0.7591,0.9380,0.1140,0.2689,0.7469,0.3474,0.4205
ALPHA-45-944,41,Female,The Cautious Observer,63.4350,0.4087,0.6733,0.7394,0.3432,0.5802,0.6127,0.8139,0.1737,0.3063,0.6052
ALPHA-35-020,22,Male,The Cautious Observer,71.3390,0.2237,0.6705,0.8235,0.5666,0.3732,0.7020,0.8469,0.5051,0.2044,0.8313
ALPHA-33-968,48,Female,The Disillusioned Artist,56.9744,0.3482,0.5714,0.6446,0.1425,0.7643,0.2797,0.3691,0.3874,0.4483,0.8070
ALPHA-90-086,51,Female,The Stoic Engineer,71.3682,0.6351,0.3493,0.7185,0.6636,0.7082,0.6213,0.5409,0.7892,0.3917,0.7261
ALPHA-70-545,29,Male,The Idealistic Activist,56.7710,0.5260,0.7831,0.8634,0.8779,0.2605,0.1945,0.2828,0.6381,0.8718,0.2719
ALPHA-62-845,33,Male,The Ambitious Entrepreneur,50.8372,0.1880,0.4825,0.6729,0.8068,0.7129,0.5611,0.1008,0.6824,0.6588,0.2186
ALPHA-97-082,33,Male,The Stoic Engineer,77.8332,0.4471,0.2425,0.7020,0.2338,0.6209,0.9288,0.8897,0.7577,0.2948,0.8614
ALPHA-77-507,39,Male,The Ambitious Entrepreneur,61.0313,0.2440,0.1809,0.8261,0.9545,0.8164,0.5468,0.1180,0.7072,0.7037,0.8428
ALPHA-92-213,41,Female,The Disillusioned Artist,45.8463,0.4424,0.5567,0.4142,0.3690,0.9808,0.1941,0.2078,0.7916,0.3241,0.7854
ALPHA-25-405,21,Male,The Idealistic Activist,59.8351,0.7249,0.3504,0.8171,0.3078,0.7643,0.1142,0.4077,0.8558,0.8070,0.7075
ALPHA-43-456,31,Female,The Community Builder,75.2358,0.7655,0.6228,0.9021,0.4280,0.1267,0.4562,0.6641,0.6055,0.7252,0.6308
ALPHA-31-318,71,Male,The Cautious Observer,59.5512,0.2388,0.8958,0.7888,0.1327,0.4821,0.6470,0.9690,0.3138,0.3342,0.1572
ALPHA-80-499,48,Male,The Stoic Engineer,69.7744,0.5777,0.4253,0.5476,0.1204,0.8643,0.7935,0.8840,0.9232,0.3436,0.7404
ALPHA-82-397,31,Female,The Idealistic Activist,59.5956,0.5479,0.5393,0.8462,0.8968,0.6536,0.2930,0.4273,0.2938,0.8545,0.7772
ALPHA-39-447,32,Female,The Idealistic Activist,64.0687,0.6773,0.3745,0.7859,0.7395,0.8520,0.1748,0.2015,0.5289,0.8483,0.8048
ALPHA-70-421,40,Male,The Ambitious Entrepreneur,49.0084,0.8813,0.2243,0.2514,0.9443,0.1978,0.4655,0.3425,0.6756,0.7103,0.2983
ALPHA-35-691,54,Female,The Stoic Engineer,70.7494,0.6453,0.4791,0.8287,0.6219,0.6465,0.6979,0.8708,0.8286,0.1160,0.4820
ALPHA-98-987,49,Male,The Ambitious Entrepreneur,65.8841,0.6089,0.1021,0.7193,0.9025,0.5326,0.4089,0.2431,0.8741,0.7039,0.8836
ALPHA-70-892,34,Female,The Disillusioned Artist,46.7604,0.4269,0.7590,0.4258,0.6071,0.8834,0.2920,0.5133,0.3413,0.5346,0.1559
ALPHA-04-673,71,Female,The Community Builder,78.7481,0.7481,0.4973,0.7571,0.6763,0.4345,0.7387,0.8075,0.8950,0.8834,0.5887
ALPHA-65-262,43,Male,The Idealistic Activist,58.3531,0.5898,0.8017,0.9599,0.3578,0.6951,0.1697,0.3996,0.2788,0.7272,0.5485
ALPHA-34-511,21,Female,The Cautious Observer,62.7387,0.2887,0.9370,0.7814,0.7951,0.7642,0.6061,0.8573,0.3622,0.3622,0.3547
ALPHA-43-637,35,Male,The Idealistic Activist,58.9670,0.6141,0.3612,0.9471,0.3036,0.7674,0.3628,0.2074,0.5305,0.8014,0.3842
ALPHA-26-540,39,Female,The Ambitious Entrepreneur,61.9857,0.8031,0.4548,0.3025,0.9325,0.2580,0.5629,0.1289,0.8335,0.7006,0.7387
ALPHA-77-676,33,Male,The Cautious Observer,68.1429,0.4489,0.6768,0.5989,0.3006,0.1023,0.7234,0.9062,0.8868,0.3378,0.6685
ALPHA-96-917,66,Male,The Community Builder,79.4717,0.9108,0.5674,0.8762,0.5832,0.2178,0.7872,0.7462,0.5441,0.7265,0.5991
ALPHA-69-098,57,Female,The Disillusioned Artist,48.0492,0.3517,0.5561,0.5102,0.4009,0.8920,0.1980,0.4210,0.1758,0.2876,0.2954
ALPHA-96-960,37,Male,The Stoic Engineer,68.7727,0.5923,0.2665,0.5898,0.6612,0.9042,0.8957,0.8533,0.8691,0.3156,0.5744
ALPHA-80-790,30,Male,The Stoic Engineer,63.0418,0.6873,0.2034,0.1553,0.3389,0.8904,0.6730,0.6069,0.7981,0.3946,0.6273
ALPHA-32-838,39,Female,The Community Builder,76.3077,0.8190,0.6011,0.9323,0.5474,0.8050,0.4962,0.8933,0.1056,0.9068,0.6489
ALPHA-29-623,45,Male,The Cautious Observer,74.4812,0.4900,0.8687,0.8017,0.4507,0.7344,0.8029,0.7602,0.7763,0.1839,0.6149
ALPHA-30-802,48,Male,The Community Builder,75.3343,0.7581,0.3767,0.9868,0.5457,0.2207,0.4546,0.4838,0.6936,0.8473,0.7440
ALPHA-21-831,57,Male,The Community Builder,66.7439,0.6488,0.5446,0.7480,0.3118,0.1852,0.6823,0.6777,0.7058,0.8890,0.5670
ALPHA-65-720,71,Male,The Community Builder,70.3554,0.9006,0.7578,0.8100,0.4037,0.3183,0.7174,0.2554,0.3662,0.8215,0.7835
ALPHA-46-206,54,Female,The Community Builder,73.8958,0.8900,0.1992,0.7508,0.7294,0.4252,0.5781,0.4808,0.8228,0.8227,0.7212
ALPHA-93-281,46,Male,The Stoic Engineer,66.8748,0.3546,0.3780,0.4307,0.5765,0.9187,0.7612,0.7292,0.7817,0.1031,0.7487
ALPHA-84-115,30,Female,The Disillusioned Artist,49.0645,0.1309,0.7190,0.7823,0.6990,0.8864,0.2981,0.3249,0.3232,0.2463,0.5262
ALPHA-98-415,27,Female,The Community Builder,70.2576,0.9068,0.6790,0.7400,0.3786,0.1418,0.4854,0.7102,0.3340,0.7473,0.5672
ALPHA-42-577,50,Female,The Ambitious Entrepreneur,51.1092,0.4950,0.1316,0.7722,0.7378,0.5702,0.5625,0.3313,0.9271,0.6028,0.2108
ALPHA-24-358,56,Male,The Idealistic Activist,63.8280,0.8852,0.6228,0.9183,0.2528,0.3948,0.1557,0.4626,0.4718,0.7646,0.3445
ALPHA-16-106,67,Male,The Stoic Engineer,58.8356,0.6257,0.4871,0.1975,0.6438,0.9356,0.8656,0.5653,0.9296,0.2896,0.5267
ALPHA-59-065,46,Female,The Idealistic Activist,65.7050,0.8732,0.8864,0.7961,0.4563,0.8443,0.1573,0.3993,0.8276,0.9101,0.8269
ALPHA-38-477,52,Male,The Idealistic Activist,61.5000,0.6989,0.1223,0.8225,0.1027,0.6970,0.4647,0.3093,0.8359,0.7949,0.1926
ALPHA-17-246,45,Male,The Idealistic Activist,61.7760,0.6618,0.5823,0.7960,0.8367,0.6099,0.4712,0.4262,0.2160,0.9026,0.6223
ALPHA-10-724,48,Female,The Cautious Observer,62.2024,0.3457,0.7944,0.6211,0.1372,0.5624,0.6107,0.8718,0.8972,0.2735,0.4605
ALPHA-56-600,61,Female,The Community Builder,78.8391,0.9422,0.5757,0.9267,0.6615,0.7194,0.6383,0.4260,0.7599,0.8104,0.8466
ALPHA-43-124,16,Male,The Ambitious Entrepreneur,51.5234,0.3533,0.1382,0.4393,0.8443,0.3283,0.3559,0.2057,0.9219,0.8791,0.8008
ALPHA-47-521,45,Female,The Ambitious Entrepreneur,57.3542,0.7896,0.6178,0.3366,0.7187,0.4140,0.4924,0.2369,0.7411,0.6680,0.4098
ALPHA-52-951,41,Male,The Cautious Observer,58.3955,0.3075,0.8278,0.4379,0.6514,0.5124,0.6895,0.9533,0.7752,0.3007,0.3987
ALPHA-41-148,55,Male,The Stoic Engineer,56.0092,0.3107,0.4143,0.2092,0.5739,0.8185,0.6013,0.7142,0.7741,0.1488,0.4732
ALPHA-16-503,57,Female,The Idealistic Activist,63.7660,0.8880,0.5984,0.7561,0.4464,0.6954,0.1872,0.3216,0.4044,0.8674,0.4954
ALPHA-89-947,40,Male,The Disillusioned Artist,50.7661,0.4795,0.8858,0.5202,0.6158,0.9872,0.1706,0.2758,0.5164,0.2124,0.4743
ALPHA-23-343,16,Female,The Ambitious Entrepreneur,56.4591,0.2295,0.7772,0.5887,0.7718,0.7531,0.6547,0.2543,0.6171,0.7626,0.8504
ALPHA-90-976,20,Female,The Community Builder,63.7387,0.6280,0.2768,0.7874,0.2611,0.8602,0.4933,0.2735,0.1735,0.7350,0.5868
ALPHA-13-470,63,Male,The Disillusioned Artist,45.4414,0.1995,0.8308,0.5151,0.8206,0.9428,0.3922,0.3871,0.3986,0.3979,0.3566
ALPHA-28-693,52,Male,The Community Builder,77.4818,0.8721,0.1105,0.7873,0.4610,0.6048,0.5431,0.8564,0.2849,0.8702,0.8456
ALPHA-10-831,16,Female,The Community Builder,73.3772,0.8335,0.4589,0.9579,0.2214,0.1617,0.4556,0.8305,0.5668,0.8038,0.6447
ALPHA-46-879,47,Male,The Stoic Engineer,68.1873,0.4674,0.2149,0.7179,0.8959,0.6559,0.7547,0.6304,0.7758,0.3904,0.3473
ALPHA-66-784,46,Female,The Disillusioned Artist,45.2433,0.1224,0.5771,0.6626,0.3854,0.7553,0.3376,0.4894,0.6736,0.4957,0.2912
ALPHA-71-829,64,Female,The Disillusioned Artist,42.6680,0.2137,0.7262,0.5491,0.6016,0.8516,0.1167,0.3886,0.6075,0.2181,0.5441
ALPHA-30-997,66,Female,The Ambitious Entrepreneur,50.1942,0.3334,0.7282,0.8734,0.8400,0.6077,0.4337,0.2680,0.9466,0.7046,0.2880
ALPHA-17-114,37,Female,The Stoic Engineer,53.9373,0.5028,0.3737,0.1051,0.4860,0.6974,0.6576,0.6608,0.7359,0.3118,0.3347
ALPHA-23-924,42,Female,The Cautious Observer,61.2376,0.2030,0.6962,0.4934,0.1708,0.1202,0.7696,0.7229,0.7203,0.2708,0.5847
ALPHA-88-757,45,Female,The Cautious Observer,70.1067,0.2276,0.9333,0.8621,0.5683,0.7332,0.6870,0.7727,0.6767,0.2072,0.7321
ALPHA-77-186,24,Male,The Ambitious Entrepreneur,50.9396,0.3283,0.1073,0.1684,0.9839,0.1928,0.3599,0.2309,0.9062,0.8581,0.8551
ALPHA-45-951,23,Male,The Idealistic Activist,58.7238,0.5727,0.8897,0.8390,0.2991,0.4826,0.1089,0.4543,0.3452,0.6200,0.8806
ALPHA-83-197,30,Male,The Community Builder,62.5806,0.6908,0.4827,0.7814,0.7921,0.4868,0.4533,0.6438,0.3127,0.9489,0.5761
ALPHA-46-735,65,Female,The Disillusioned Artist,46.5271,0.3422,0.5895,0.4772,0.1640,0.8927,0.1944,0.2847,0.3339,0.4887,0.6861
ALPHA-32-663,38,Male,The Cautious Observer,62.2801,0.2175,0.7000,0.4055,0.5130,0.2784,0.6623,0.7703,0.6807,0.3967,0.7385
ALPHA-80-824,47,Female,The Disillusioned Artist,51.2944,0.2578,0.5065,0.5675,0.6043,0.7208,0.2969,0.5744,0.1654,0.2781,0.4900
ALPHA-37-022,27,Male,The Disillusioned Artist,50.5596,0.2252,0.5700,0.7702,0.8747,0.9839,0.2180,0.2388,0.5962,0.4031,0.8498
ALPHA-52-453,16,Male,The Idealistic Activist,49.9893,0.5001,0.7820,0.9625,0.8224,0.1348,0.2947,0.3163,0.7621,0.6449,0.1839
ALPHA-28-067,39,Female,The Stoic Engineer,64.0524,0.4464,0.3033,0.6806,0.2842,0.8839,0.8316,0.7346,0.8231,0.1374,0.5227
ALPHA-42-064,52,Female,The Stoic Engineer,78.1183,0.3991,0.3428,0.8964,0.7586,0.6305,0.8181,0.8700,0.8949,0.2637,0.6758
ALPHA-27-599,30,Female,The Cautious Observer,55.5204,0.2211,0.9229,0.2448,0.1600,0.6513,0.6019,0.8363,0.1063,0.2486,0.7042
ALPHA-46-404,57,Female,The Idealistic Activist,55.9959,0.7222,0.3844,0.7519,0.8904,0.6369,0.1895,0.3555,0.1135,0.9207,0.2231
ALPHA-60-557,27,Female,The Idealistic Activist,59.6048,0.5371,0.1895,0.8473,0.1878,0.8528,0.4809,0.2172,0.1876,0.9406,0.6517
ALPHA-65-423,50,Male,The Disillusioned Artist,58.8979,0.2963,0.7906,0.6078,0.6670,0.8347,0.3514,0.4062,0.3032,0.3800,0.7608
ALPHA-16-301,29,Female,The Community Builder,68.4434,0.8273,0.5764,0.8010,0.2045,0.7145,0.6186,0.1020,0.1748,0.8035,0.6372
ALPHA-90-433,22,Male,The Ambitious Entrepreneur,55.1116,0.4515,0.8966,0.7841,0.8893,0.2177,0.3383,0.3365,0.6897,0.5151,0.6184
ALPHA-94-845,43,Female,The Community Builder,77.5872,0.9468,0.3192,0.8555,0.2441,0.7775,0.6548,0.6610,0.5550,0.8970,0.8369
ALPHA-02-942,42,Male,The Ambitious Entrepreneur,56.7206,0.5318,0.1593,0.6614,0.9535,0.4441,0.5104,0.3002,0.7243,0.7598,0.3324
ALPHA-69-415,31,Male,The Ambitious Entrepreneur,55.0909,0.2304,0.1592,0.5159,0.7222,0.7579,0.5076,0.3497,0.7054,0.6726,0.8662
ALPHA-39-273,38,Male,The Stoic Engineer,76.4024,0.6442,0.3283,0.8016,0.4064,0.6360,0.6656,0.6267,0.7735,0.1672,0.7786
ALPHA-92-698,38,Female,The Idealistic Activist,56.6573,0.8408,0.6450,0.9008,0.8402,0.4431,0.2470,0.4653,0.3710,0.6574,0.2244
ALPHA-23-116,44,Male,The Disillusioned Artist,50.5492,0.4337,0.5967,0.5813,0.7106,0.8570,0.3848,0.5423,0.7355,0.5296,0.2278
ALPHA-44-286,31,Male,The Ambitious Entrepreneur,46.4390,0.4812,0.5391,0.3925,0.8681,0.8446,0.3799,0.3883,0.7355,0.5422,0.3814
ALPHA-39-799,45,Male,The Idealistic Activist,52.4563,0.7065,0.1279,0.9377,0.2833,0.7828,0.3266,0.3980,0.7999,0.7582,0.1120
ALPHA-91-450,51,Male,The Stoic Engineer,69.0851,0.5658,0.4488,0.6719,0.1121,0.8890,0.7393,0.6964,0.8839,0.3795,0.3557
ALPHA-15-681,66,Male,The Community Builder,75.3650,0.6741,0.4186,0.9520,0.6087,0.5599,0.4808,0.7413,0.8230,0.7592,0.6247
ALPHA-04-304,42,Female,The Ambitious Entrepreneur,46.9392,0.3496,0.2382,0.2444,0.8431,0.1835,0.5637,0.1835,0.8454,0.8459,0.6280
ALPHA-15-133,40,Female,The Ambitious Entrepreneur,57.6682,0.3280,0.2065,0.8642,0.8248,0.1368,0.6480,0.1238,0.8867,0.6468,0.4619
ALPHA-56-054,16,Female,The Disillusioned Artist,57.2573,0.3691,0.5090,0.5700,0.3705,0.9828,0.3802,0.5054,0.7554,0.2183,0.5641
ALPHA-28-016,44,Female,The Stoic Engineer,66.4536,0.3806,0.3660,0.3973,0.1773,0.8739,0.8320,0.6977,0.8664,0.3145,0.6207
ALPHA-22-870,59,Male,The Stoic Engineer,62.3303,0.4298,0.4762,0.4333,0.6174,0.8916,0.7552,0.7050,0.8073,0.2839,0.3467
ALPHA-83-851,68,Female,The Idealistic Activist,56.4139,0.8802,0.4731,0.9282,0.3238,0.4866,0.3079,0.2364,0.2674,0.9379,0.1357
ALPHA-58-430,19,Female,The Ambitious Entrepreneur,59.0071,0.2843,0.4312,0.6342,0.9833,0.5491,0.6574,0.3369,0.8705,0.5039,0.5767
ALPHA-14-224,36,Male,The Idealistic Activist,66.3255,0.5141,0.6661,0.9070,0.6240,0.3145,0.3459,0.3832,0.5521,0.6663,0.8345
ALPHA-15-111,61,Male,The Cautious Observer,61.8946,0.4583,0.6032,0.2659,0.7821,0.2835,0.8674,0.8194,0.6704,0.2940,0.6367
ALPHA-55-051,40,Female,The Idealistic Activist,57.5120,0.8205,0.6919,0.8788,0.6415,0.7201,0.4597,0.2288,0.8768,0.6637,0.2785
ALPHA-60-653,32,Female,The Community Builder,69.3455,0.7359,0.2482,0.7842,0.4393,0.3531,0.5791,0.3409,0.3678,0.9441,0.7645
ALPHA-97-229,64,Male,The Community Builder,67.5311,0.8811,0.6884,0.7445,0.7625,0.5370,0.4695,0.1406,0.7732,0.8620,0.6645
ALPHA-51-147,43,Male,The Cautious Observer,58.6527,0.4048,0.8629,0.1378,0.2999,0.3075,0.6545,0.9493,0.8870,0.3360,0.5072
ALPHA-93-345,66,Female,The Ambitious Entrepreneur,63.7419,0.8889,0.7583,0.6392,0.7864,0.5118,0.5899,0.2001,0.7416,0.7051,0.4846
ALPHA-50-667,51,Male,The Disillusioned Artist,50.8526,0.3797,0.5648,0.4371,0.3294,0.8144,0.2312,0.4702,0.8808,0.2301,0.5063
ALPHA-22-914,41,Male,The Ambitious Entrepreneur,57.9863,0.1158,0.1432,0.8584,0.7192,0.7097,0.5418,0.2754,0.8431,0.5768,0.5106
ALPHA-69-573,57,Female,The Community Builder,59.1339,0.8626,0.6571,0.7794,0.4591,0.8868,0.5181,0.1558,0.2404,0.8732,0.6103
ALPHA-41-230,60,Male,The Idealistic Activist,53.6266,0.5515,0.7802,0.7937,0.5283,0.8687,0.3782,0.3546,0.5705,0.8751,0.3943
ALPHA-85-732,41,Female,The Disillusioned Artist,48.4478,0.1543,0.7240,0.4716,0.1318,0.7092,0.1569,0.2851,0.8027,0.4872,0.7877
ALPHA-51-112,16,Female,The Idealistic Activist,57.3690,0.6359,0.2679,0.8473,0.4519,0.1589,0.3906,0.3174,0.6808,0.6417,0.4810
ALPHA-68-341,44,Male,The Ambitious Entrepreneur,53.9190,0.2461,0.3581,0.8785,0.8160,0.4409,0.6855,0.2180,0.7235,0.5394,0.4213
ALPHA-89-849,29,Male,The Cautious Observer,61.9945,0.3236,0.7837,0.3798,0.1528,0.8480,0.7567,0.8583,0.3123,0.3524,0.6928
ALPHA-06-962,29,Female,The Stoic Engineer,57.5760,0.3640,0.2180,0.3263,0.3183,0.8284,0.6747,0.5874,0.9002,0.1447,0.8238
ALPHA-57-438,26,Male,The Cautious Observer,60.9512,0.2034,0.6935,0.4649,0.8995,0.2943,0.6264,0.9084,0.1945,0.1112,0.3760
ALPHA-68-028,54,Female,The Cautious Observer,63.6269,0.2819,0.7014,0.3230,0.2550,0.5810,0.7146,0.8767,0.5615,0.3468,0.8501
ALPHA-56-265,40,Male,The Idealistic Activist,63.3368,0.7695,0.4368,0.8114,0.8327,0.2812,0.1732,0.4480,0.2645,0.6398,0.8228
ALPHA-71-169,50,Male,The Ambitious Entrepreneur,45.5732,0.2334,0.7060,0.4067,0.7078,0.3445,0.5069,0.2721,0.8853,0.6020,0.5197
ALPHA-67-914,85,Female,The Idealistic Activist,67.2685,0.8792,0.3949,0.9092,0.2229,0.4451,0.2652,0.4801,0.4930,0.7705,0.8237
ALPHA-11-222,49,Female,The Disillusioned Artist,54.0265,0.1841,0.5306,0.6445,0.4837,0.7297,0.3827,0.3679,0.7045,0.2214,0.6482
ALPHA-25-712,47,Female,The Ambitious Entrepreneur,60.6719,0.6050,0.8246,0.7971,0.7882,0.7940,0.3634,0.2554,0.7346,0.5903,0.7390
ALPHA-86-830,41,Male,The Community Builder,65.8095,0.6306,0.5120,0.8742,0.8425,0.2351,0.4591,0.1820,0.8959,0.9702,0.8787
ALPHA-61-545,41,Female,The Community Builder,70.5900,0.9141,0.5370,0.7407,0.6585,0.6493,0.6904,0.6662,0.4395,0.9352,0.6944
ALPHA-69-610,68,Male,The Idealistic Activist,62.2549,0.7764,0.4660,0.9054,0.8085,0.4486,0.2964,0.2994,0.6216,0.7728,0.5060
ALPHA-65-924,51,Female,The Community Builder,77.5185,0.8268,0.2471,0.7650,0.7562,0.4598,0.5261,0.8914,0.2252,0.8020,0.6587
ALPHA-02-690,44,Male,The Community Builder,64.9183,0.7756,0.7496,0.8826,0.1574,0.5451,0.6450,0.3680,0.4607,0.7299,0.6066
ALPHA-12-312,46,Female,The Cautious Observer,73.1075,0.4916,0.6673,0.7267,0.3859,0.8985,0.8717,0.9067,0.8319,0.2383,0.7684
ALPHA-34-914,51,Male,The Stoic Engineer,62.6367,0.6410,0.4066,0.1216,0.6119,0.8661,0.7926,0.5153,0.9285,0.1753,0.5630
ALPHA-84-651,64,Male,The Stoic Engineer,67.9147,0.4509,0.3287,0.2189,0.2378,0.8897,0.6169,0.8581,0.7058,0.2179,0.8498
ALPHA-55-843,34,Male,The Cautious Observer,78.3808,0.4475,0.6641,0.8313,0.1786,0.6823,0.7366,0.9516,0.7335,0.3852,0.7275
ALPHA-33-938,33,Male,The Disillusioned Artist,51.6660,0.2082,0.7596,0.7545,0.7227,0.7675,0.3365,0.3243,0.6942,0.3472,0.2734
ALPHA-88-547,33,Male,The Cautious Observer,55.8810,0.4120,0.8942,0.2053,0.6599,0.1184,0.7144,0.7402,0.7818,0.2589,0.1948
ALPHA-72-230,39,Female,The Stoic Engineer,69.2647,0.5049,0.3787,0.4648,0.5093,0.8251,0.8653,0.8192,0.9808,0.3226,0.6406
ALPHA-62-131,37,Male,The Stoic Engineer,62.8367,0.6595,0.4286,0.3396,0.8669,0.7947,0.8985,0.8121,0.9046,0.1692,0.1081
ALPHA-56-918,66,Male,The Community Builder,62.3823,0.6163,0.3012,0.7498,0.5112,0.4479,0.7653,0.4333,0.2610,0.9702,0.5391
ALPHA-64-061,26,Female,The Community Builder,71.7818,0.8600,0.3777,0.8362,0.3691,0.5171,0.5295,0.7781,0.7223,0.9788,0.6443
ALPHA-49-765,16,Female,The Idealistic Activist,52.4557,0.6546,0.8772,0.7761,0.7373,0.7979,0.1846,0.3662,0.8403,0.8761,0.4293
ALPHA-07-055,51,Female,The Idealistic Activist,61.8024,0.8115,0.2375,0.8112,0.1873,0.3815,0.3287,0.2930,0.8693,0.8420,0.4975
ALPHA-87-156,50,Female,The Stoic Engineer,66.4550,0.3326,0.4113,0.6767,0.5659,0.7765,0.9482,0.7653,0.8252,0.1462,0.6283
ALPHA-65-256,54,Male,The Stoic Engineer,69.8955,0.4645,0.3767,0.7928,0.8746,0.7769,0.8312,0.6086,0.8727,0.3774,0.3376
ALPHA-40-467,68,Female,The Ambitious Entrepreneur,49.0703,0.2615,0.8915,0.6311,0.8320,0.1340,0.3205,0.1186,0.7408,0.6617,0.8066
ALPHA-93-548,41,Male,The Cautious Observer,57.6498,0.2774,0.7251,0.2840,0.2596,0.3667,0.6131,0.7431,0.8393,0.1310,0.4673
ALPHA-75-366,52,Female,The Cautious Observer,65.3597,0.2551,0.8762,0.8461,0.7110,0.5922,0.6452,0.8783,0.2582,0.1196,0.6066
ALPHA-42-813,43,Male,The Stoic Engineer,56.5212,0.3955,0.2649,0.4211,0.7148,0.8362,0.8735,0.6161,0.7506,0.3426,0.3383
ALPHA-91-289,41,Female,The Idealistic Activist,64.4192,0.6763,0.7694,0.7989,0.5508,0.5161,0.4360,0.4390,0.2630,0.9012,0.3870
ALPHA-10-290,30,Female,The Cautious Observer,68.8025,0.2220,0.8242,0.6428,0.8933,0.6366,0.6588,0.7171,0.8217,0.1950,0.7522
ALPHA-05-795,54,Male,The Stoic Engineer,61.9202,0.6349,0.4243,0.3518,0.1032,0.7573,0.8641,0.8587,0.8869,0.3605,0.2481
ALPHA-32-225,36,Female,The Ambitious Entrepreneur,57.2925,0.6989,0.7934,0.4526,0.7761,0.3070,0.4673,0.2842,0.8202,0.8186,0.6753
ALPHA-39-628,40,Female,The Stoic Engineer,75.8272,0.5183,0.4522,0.8670,0.7484,0.6243,0.8634,0.8311,0.9791,0.2122,0.5669
ALPHA-71-935,40,Male,The Ambitious Entrepreneur,53.2799,0.2741,0.6312,0.5381,0.8960,0.3622,0.3250,0.2457,0.6115,0.7856,0.8461
ALPHA-63-056,22,Female,The Ambitious Entrepreneur,55.1437,0.2794,0.5766,0.5704,0.9441,0.4961,0.3832,0.1347,0.7609,0.8313,0.6705
ALPHA-61-740,35,Male,The Cautious Observer,65.4002,0.2751,0.6660,0.4980,0.3004,0.1050,0.7332,0.8813,0.1465,0.3675,0.4790
ALPHA-42-901,40,Male,The Disillusioned Artist,51.8051,0.4362,0.7119,0.6698,0.5596,0.9313,0.1289,0.3468,0.7109,0.5060,0.8561
ALPHA-97-413,16,Female,The Ambitious Entrepreneur,49.2150,0.5206,0.1299,0.3763,0.9532,0.3566,0.5889,0.1067,0.8952,0.6673,0.6002
ALPHA-82-893,58,Male,The Ambitious Entrepreneur,66.0674,0.8674,0.6294,0.7509,0.9222,0.6071,0.6944,0.2376,0.7654,0.6554,0.6333
ALPHA-40-240,39,Female,The Idealistic Activist,55.0755,0.6353,0.8694,0.8728,0.2838,0.4962,0.3101,0.3818,0.7976,0.6059,0.4671
ALPHA-82-998,51,Female,The Community Builder,59.7169,0.6472,0.1212,0.7727,0.5533,0.2056,0.4097,0.1670,0.1240,0.8511,0.7595
ALPHA-29-932,27,Male,The Idealistic Activist,47.8413,0.5565,0.4219,0.7057,0.1313,0.7876,0.2654,0.3962,0.8612,0.7029,0.2514
ALPHA-91-526,22,Male,The Stoic Engineer,57.4208,0.4582,0.3040,0.2632,0.1277,0.6888,0.9256,0.5265,0.7312,0.2394,0.2073
ALPHA-67-109,66,Male,The Stoic Engineer,68.5799,0.6207,0.4905,0.8320,0.2646,0.7531,0.8107,0.6519,0.7487,0.3879,0.5223
ALPHA-66-297,32,Female,The Stoic Engineer,79.6062,0.6840,0.3763,0.7611,0.1708,0.7849,0.7220,0.8810,0.7896,0.3545,0.7313
ALPHA-61-489,37,Female,The Stoic Engineer,61.1597,0.4024,0.3681,0.3165,0.1341,0.8474,0.7112,0.7339,0.8010,0.3331,0.6494
ALPHA-75-475,36,Male,The Idealistic Activist,55.5353,0.5229,0.3305,0.7037,0.3606,0.8261,0.3715,0.4112,0.2738,0.8336,0.6590
ALPHA-28-732,47,Female,The Community Builder,72.2376,0.6294,0.1388,0.8868,0.3972,0.1283,0.6014,0.5011,0.8405,0.9303,0.7736
ALPHA-77-480,43,Male,The Ambitious Entrepreneur,47.4859,0.4639,0.8353,0.4627,0.7505,0.1226,0.3330,0.3813,0.9166,0.6487,0.2277
ALPHA-83-967,38,Female,The Community Builder,58.4072,0.7802,0.8781,0.8314,0.6529,0.5101,0.4877,0.1306,0.1723,0.7434,0.6570
ALPHA-71-832,26,Male,The Cautious Observer,66.2090,0.3510,0.7074,0.1887,0.2037,0.4657,0.8960,0.8129,0.5450,0.1168,0.8336
ALPHA-62-898,62,Male,The Idealistic Activist,62.3730,0.8283,0.7107,0.9407,0.1296,0.6717,0.3192,0.3391,0.4064,0.6627,0.1008
ALPHA-58-289,46,Male,The Disillusioned Artist,50.1430,0.3837,0.5952,0.5184,0.6618,0.7839,0.3011,0.5508,0.5837,0.3561,0.5116
ALPHA-37-129,63,Female,The Community Builder,73.3724,0.6762,0.3539,0.7352,0.5159,0.7943,0.7606,0.3883,0.3477,0.9823,0.8078
ALPHA-32-750,45,Female,The Community Builder,67.4275,0.8148,0.5308,0.7368,0.5735,0.6150,0.6929,0.5122,0.2324,0.8137,0.7260
ALPHA-82-803,30,Male,The Cautious Observer,59.1640,0.3136,0.6444,0.5701,0.4122,0.6712,0.7795,0.7000,0.1675,0.2125,0.3148
ALPHA-46-141,71,Female,The Stoic Engineer,62.9320,0.4354,0.3675,0.4674,0.5806,0.6317,0.7224,0.7069,0.7103,0.3299,0.7674
ALPHA-18-603,42,Female,The Ambitious Entrepreneur,52.9226,0.1697,0.2077,0.3420,0.8987,0.6751,0.4390,0.3768,0.6036,0.5542,0.6480
ALPHA-80-375,26,Female,The Ambitious Entrepreneur,57.2617,0.3953,0.5491,0.4949,0.7459,0.2926,0.6849,0.3705,0.8389,0.7964,0.5738
ALPHA-21-481,27,Female,The Disillusioned Artist,55.0532,0.4422,0.5320,0.7781,0.8010,0.7492,0.1814,0.3439,0.1458,0.2533,0.4177
ALPHA-54-372,46,Female,The Idealistic Activist,50.4032,0.6276,0.2388,0.7098,0.2265,0.5028,0.4618,0.2179,0.8450,0.9258,0.2091
ALPHA-76-985,29,Male,The Stoic Engineer,61.5954,0.4514,0.4789,0.2303,0.3054,0.7113,0.7876,0.8735,0.8030,0.1034,0.7494
ALPHA-27-421,62,Female,The Cautious Observer,65.1735,0.3802,0.6317,0.1552,0.2520,0.8637,0.7106,0.9811,0.5816,0.1804,0.5331
ALPHA-20-673,16,Female,The Disillusioned Artist,49.8253,0.2469,0.6701,0.4701,0.4235,0.9540,0.1052,0.2010,0.5908,0.2425,0.8377
ALPHA-94-247,16,Male,The Idealistic Activist,65.3474,0.6077,0.7916,0.8532,0.3006,0.1198,0.4616,0.4226,0.6978,0.9309,0.4136
ALPHA-64-726,38,Male,The Community Builder,73.7243,0.6806,0.7384,0.7887,0.3919,0.3583,0.6341,0.4979,0.6144,0.9199,0.6642
ALPHA-60-196,57,Male,The Idealistic Activist,61.5481,0.6462,0.5575,0.7985,0.2394,0.2817,0.2323,0.2720,0.4818,0.6912,0.7760
ALPHA-03-150,35,Female,The Ambitious Entrepreneur,48.8198,0.1288,0.6451,0.7722,0.7233,0.8972,0.4771,0.1661,0.6866,0.8482,0.1693
ALPHA-25-255,48,Male,The Stoic Engineer,56.4368,0.4133,0.2320,0.1522,0.2447,0.8355,0.9211,0.6450,0.9011,0.1532,0.2672
ALPHA-50-642,40,Male,The Ambitious Entrepreneur,55.4619,0.1629,0.6988,0.6556,0.7505,0.7384,0.3562,0.2722,0.8295,0.7952,0.6907
ALPHA-80-087,22,Male,The Cautious Observer,56.1510,0.2382,0.8603,0.2029,0.1556,0.5476,0.8061,0.9171,0.1508,0.3639,0.3316
ALPHA-62-965,39,Female,The Disillusioned Artist,54.6030,0.3229,0.6785,0.7469,0.2018,0.7307,0.3556,0.5352,0.5656,0.2287,0.2728
ALPHA-81-656,70,Female,The Stoic Engineer,61.3231,0.5127,0.2024,0.2774,0.2341,0.7681,0.6296,0.6880,0.9431,0.2272,0.3859
ALPHA-45-581,16,Male,The Stoic Engineer,67.1204,0.5298,0.3872,0.8949,0.6422,0.6981,0.8860,0.6616,0.7054,0.2304,0.4945
ALPHA-57-919,38,Female,The Cautious Observer,66.4247,0.2522,0.7795,0.3027,0.5851,0.8023,0.6291,0.8880,0.6025,0.2744,0.7144
ALPHA-40-364,26,Female,The Disillusioned Artist,50.8974,0.4419,0.6829,0.5727,0.5221,0.9438,0.2153,0.3273,0.2996,0.4126,0.5527
ALPHA-05-851,50,Male,The Stoic Engineer,74.5871,0.3134,0.3591,0.7497,0.8884,0.7839,0.8704,0.7546,0.7855,0.3933,0.6512
ALPHA-16-808,40,Female,The Cautious Observer,75.7299,0.4641,0.7760,0.6257,0.6803,0.3260,0.8463,0.7948,0.5331,0.2619,0.7122
ALPHA-54-668,27,Female,The Community Builder,63.5971,0.8748,0.4959,0.8242,0.4163,0.5399,0.6635,0.1566,0.7265,0.7474,0.5533
ALPHA-34-555,27,Male,The Ambitious Entrepreneur,55.7110,0.1281,0.3316,0.8370,0.9013,0.2899,0.6071,0.3392,0.6950,0.7745,0.5342
ALPHA-63-165,45,Female,The Stoic Engineer,54.0121,0.5873,0.3035,0.3226,0.6286,0.7179,0.6612,0.7263,0.8261,0.2930,0.1148
ALPHA-06-096,24,Female,The Ambitious Entrepreneur,59.6018,0.6963,0.2306,0.8057,0.8936,0.4085,0.3639,0.2376,0.7564,0.6114,0.2854
ALPHA-48-023,40,Male,The Idealistic Activist,60.9264,0.7265,0.3093,0.8092,0.7404,0.1558,0.4030,0.2624,0.6221,0.8856,0.3454
ALPHA-17-846,24,Male,The Community Builder,74.3931,0.6088,0.5825,0.7877,0.7630,0.8882,0.7883,0.5624,0.2310,0.9587,0.8670
ALPHA-27-837,54,Female,The Ambitious Entrepreneur,46.3618,0.4828,0.7288,0.3417,0.9864,0.5803,0.4227,0.2772,0.6882,0.6861,0.3649
ALPHA-19-160,44,Male,The Idealistic Activist,57.0970,0.7472,0.5031,0.9297,0.2742,0.5256,0.4205,0.4840,0.4573,0.6812,0.1601
ALPHA-50-956,24,Female,The Stoic Engineer,58.4377,0.5458,0.2012,0.2235,0.7899,0.8033,0.9443,0.5332,0.8392,0.3953,0.4753
ALPHA-05-746,34,Male,The Community Builder,71.7773,0.9028,0.4501,0.8616,0.8897,0.1678,0.7446,0.6666,0.2462,0.8942,0.5030
ALPHA-98-198,16,Female,The Stoic Engineer,53.4342,0.3338,0.4838,0.2394,0.2016,0.8184,0.6784,0.8003,0.9194,0.1335,0.4291
ALPHA-16-137,34,Male,The Idealistic Activist,60.0902,0.7451,0.2843,0.7361,0.1881,0.4458,0.2116,0.3198,0.7887,0.8332,0.5821
ALPHA-92-124,22,Female,The Community Builder,76.7582,0.8858,0.2047,0.8716,0.6672,0.1992,0.7895,0.5538,0.1497,0.8049,0.5067
ALPHA-71-871,30,Male,The Idealistic Activist,56.0679,0.6587,0.4261,0.7920,0.1623,0.4327,0.3891,0.2120,0.7071,0.7516,0.5789
ALPHA-50-644,60,Female,The Cautious Observer,67.2023,0.4421,0.6204,0.7358,0.8660,0.4029,0.7141,0.7281,0.5902,0.3256,0.6801
ALPHA-28-216,48,Male,The Community Builder,71.3166,0.7756,0.5714,0.7354,0.4889,0.5542,0.5530,0.5978,0.7868,0.8668,0.8466
ALPHA-65-972,30,Female,The Stoic Engineer,50.5916,0.3330,0.4364,0.1311,0.7837,0.8489,0.6063,0.5824,0.9615,0.2703,0.2403
ALPHA-94-004,61,Female,The Ambitious Entrepreneur,53.4166,0.2183,0.3278,0.3853,0.9174,0.3727,0.4627,0.1508,0.8586,0.6181,0.7219
ALPHA-85-342,56,Male,The Cautious Observer,58.9965,0.2979,0.9456,0.6059,0.8632,0.7759,0.6475,0.7816,0.5274,0.3459,0.3074
ALPHA-56-183,54,Male,The Ambitious Entrepreneur,53.8413,0.5713,0.2199,0.6334,0.9323,0.5219,0.4435,0.3762,0.6848,0.5666,0.3838
ALPHA-63-228,16,Male,The Disillusioned Artist,59.9923,0.2882,0.5933,0.6012,0.2385,0.7831,0.3534,0.5589,0.7865,0.5758,0.6904
ALPHA-81-761,16,Male,The Stoic Engineer,65.0206,0.6224,0.4656,0.7902,0.4063,0.8811,0.7771,0.7988,0.7370,0.1814,0.2893
ALPHA-91-739,27,Female,The Idealistic Activist,67.9417,0.7490,0.2551,0.8291,0.8840,0.7285,0.2697,0.2031,0.8866,0.6994,0.8432
ALPHA-86-431,56,Female,The Cautious Observer,69.1979,0.3337,0.8082,0.6551,0.2767,0.3284,0.6878,0.8731,0.6148,0.1435,0.8929
ALPHA-83-236,54,Female,The Cautious Observer,65.2713,0.3723,0.6334,0.7923,0.5738,0.1743,0.6240,0.7287,0.3088,0.3322,0.5132
ALPHA-66-479,29,Male,The Idealistic Activist,63.7577,0.5760,0.8971,0.9459,0.4598,0.6826,0.2220,0.2490,0.3624,0.8338,0.6637
ALPHA-21-360,54,Male,The Idealistic Activist,54.9843,0.8406,0.5134,0.8579,0.4631,0.7361,0.3279,0.2039,0.8976,0.7552,0.1799
ALPHA-38-813,43,Female,The Ambitious Entrepreneur,59.8283,0.6316,0.4135,0.2323,0.8559,0.1443,0.4628,0.3652,0.8176,0.6078,0.6667
ALPHA-88-670,33,Male,The Stoic Engineer,56.9447,0.3455,0.2093,0.7515,0.1385,0.8061,0.7879,0.5022,0.9068,0.3857,0.3623
ALPHA-58-449,23,Male,The Idealistic Activist,54.6454,0.7374,0.7022,0.7490,0.3928,0.4268,0.1979,0.3315,0.3691,0.8539,0.5462
ALPHA-82-794,50,Female,The Stoic Engineer,62.6593,0.4283,0.3336,0.2650,0.2278,0.6662,0.9418,0.5430,0.9338,0.3812,0.5783
ALPHA-90-056,46,Male,The Disillusioned Artist,44.5356,0.4739,0.5896,0.4122,0.4074,0.8173,0.1542,0.4009,0.4676,0.4064,0.3396
ALPHA-29-286,28,Male,The Ambitious Entrepreneur,50.1409,0.2864,0.4355,0.2229,0.7053,0.2430,0.4014,0.3979,0.9085,0.8038,0.7213
ALPHA-04-486,28,Female,The Ambitious Entrepreneur,59.3454,0.2735,0.4327,0.8902,0.9640,0.5672,0.4701,0.3519,0.7055,0.5487,0.3917
ALPHA-27-861,62,Female,The Disillusioned Artist,54.9906,0.2428,0.6460,0.4203,0.5462,0.7716,0.2334,0.3770,0.4381,0.5070,0.8113
ALPHA-56-717,18,Female,The Idealistic Activist,62.8722,0.8792,0.5357,0.7409,0.2029,0.3029,0.2326,0.4756,0.6452,0.6033,0.2611
ALPHA-81-441,44,Female,The Idealistic Activist,61.7714,0.7612,0.2562,0.8718,0.6743,0.3432,0.1377,0.4857,0.5965,0.7292,0.2299
ALPHA-56-556,49,Female,The Cautious Observer,61.2812,0.4072,0.7563,0.5000,0.8691,0.6573,0.8623,0.8056,0.6379,0.2753,0.2225
ALPHA-12-275,55,Male,The Disillusioned Artist,46.0357,0.2695,0.7157,0.6696,0.6866,0.7645,0.3309,0.3058,0.5200,0.5421,0.3912
ALPHA-85-233,37,Female,The Community Builder,71.2510,0.7210,0.4775,0.8052,0.8008,0.8280,0.6419,0.5407,0.6132,0.8133,0.6038
ALPHA-20-795,51,Male,The Community Builder,69.5000,0.8969,0.1761,0.7553,0.6613,0.4929,0.4005,0.4385,0.3167,0.9254,0.7172
ALPHA-47-877,27,Female,The Cautious Observer,61.0679,0.2353,0.8245,0.7094,0.4228,0.6368,0.7646,0.8971,0.4898,0.2603,0.2118
ALPHA-15-713,77,Male,The Ambitious Entrepreneur,63.1847,0.5874,0.4995,0.7388,0.7585,0.7289,0.6349,0.3436,0.9439,0.7614,0.8274
ALPHA-16-706,16,Female,The Stoic Engineer,60.1040,0.5196,0.4372,0.5560,0.7227,0.8162,0.8415,0.7869,0.8064,0.3311,0.2231
ALPHA-87-009,46,Male,The Disillusioned Artist,55.7310,0.3443,0.7030,0.4496,0.7004,0.8980,0.2940,0.5368,0.8954,0.3599,0.6714
ALPHA-11-140,73,Male,The Stoic Engineer,68.6303,0.6217,0.4546,0.3623,0.1844,0.7421,0.6242,0.7911,0.9680,0.1476,0.6793
ALPHA-00-239,30,Female,The Cautious Observer,55.2701,0.2365,0.7961,0.4065,0.1897,0.7565,0.7430,0.8429,0.5822,0.1663,0.3987
ALPHA-83-154,44,Female,The Community Builder,75.2880,0.7608,0.7272,0.9359,0.1342,0.3703,0.5907,0.5249,0.2703,0.9841,0.6670
ALPHA-56-739,51,Male,The Cautious Observer,55.1132,0.3069,0.8536,0.5720,0.7073,0.3610,0.6396,0.9255,0.4064,0.2048,0.2094
ALPHA-78-824,66,Male,The Disillusioned Artist,54.3832,0.3764,0.7736,0.6016,0.8748,0.8230,0.2675,0.3192,0.6818,0.5778,0.5307
ALPHA-52-945,25,Male,The Idealistic Activist,60.6204,0.7177,0.7480,0.8899,0.4118,0.5063,0.4329,0.4178,0.2040,0.9404,0.5790
ALPHA-48-587,61,Female,The Ambitious Entrepreneur,53.1445,0.6666,0.7375,0.2612,0.8917,0.5588,0.5148,0.2337,0.7924,0.8639,0.4567
ALPHA-82-268,45,Female,The Disillusioned Artist,58.4360,0.1357,0.8618,0.7769,0.2197,0.8676,0.3966,0.2507,0.3351,0.5335,0.7928
ALPHA-46-646,61,Male,The Cautious Observer,60.5794,0.3859,0.8865,0.2556,0.5731,0.7002,0.7295,0.8650,0.5563,0.1420,0.6701
ALPHA-07-299,45,Male,The Idealistic Activist,55.2232,0.7212,0.2104,0.7284,0.6332,0.6172,0.2413,0.4564,0.2149,0.9449,0.2643
ALPHA-64-534,16,Female,The Idealistic Activist,61.9462,0.8670,0.7254,0.9582,0.2772,0.6284,0.2904,0.3240,0.7821,0.7583,0.3907
ALPHA-43-286,60,Male,The Disillusioned Artist,43.7865,0.2472,0.5162,0.6291,0.5300,0.7411,0.1398,0.3799,0.3832,0.2408,0.1781
ALPHA-13-597,46,Male,The Community Builder,64.3863,0.8787,0.5795,0.7463,0.1760,0.8566,0.6295,0.1207,0.2839,0.9635,0.7248
ALPHA-60-348,35,Male,The Stoic Engineer,63.6062,0.5296,0.3975,0.8574,0.1261,0.6294,0.7110,0.5498,0.7873,0.1547,0.2604
ALPHA-98-310,25,Male,The Ambitious Entrepreneur,41.1967,0.1662,0.1923,0.1990,0.8321,0.3507,0.5217,0.2120,0.7315,0.7852,0.2113
ALPHA-96-893,16,Male,The Ambitious Entrepreneur,53.2601,0.1567,0.8210,0.4345,0.8634,0.3117,0.6177,0.3369,0.6728,0.8137,0.5725
ALPHA-57-927,40,Male,The Ambitious Entrepreneur,53.4908,0.5579,0.5033,0.1587,0.8715,0.2771,0.4593,0.3937,0.9057,0.5199,0.8966
ALPHA-99-652,41,Female,The Disillusioned Artist,45.3143,0.1387,0.6460,0.6182,0.6284,0.8122,0.2905,0.5743,0.1988,0.3525,0.1840
ALPHA-19-563,17,Male,The Cautious Observer,64.7036,0.3821,0.7768,0.2643,0.5238,0.5289,0.8375,0.7264,0.1231,0.3911,0.6217
ALPHA-55-721,39,Male,The Community Builder,64.7953,0.6323,0.8649,0.9757,0.3805,0.1266,0.6181,0.1123,0.6845,0.7693,0.7714
ALPHA-99-501,47,Male,The Community Builder,65.8720,0.7152,0.6460,0.8087,0.4261,0.7328,0.6745,0.5285,0.1725,0.9336,0.5280
ALPHA-66-371,62,Female,The Disillusioned Artist,55.2661,0.2149,0.6816,0.7287,0.8183,0.8785,0.1839,0.5100,0.8295,0.2966,0.7824
ALPHA-56-275,22,Male,The Disillusioned Artist,60.8896,0.4284,0.7303,0.5866,0.7763,0.9242,0.3889,0.5230,0.5668,0.4522,0.5784
ALPHA-19-391,28,Male,The Community Builder,72.6101,0.6021,0.3750,0.9331,0.1271,0.7157,0.6618,0.4419,0.7651,0.8164,0.6911
ALPHA-13-502,22,Female,The Idealistic Activist,56.7076,0.8824,0.1671,0.8466,0.8565,0.7305,0.2079,0.2065,0.4749,0.8749,0.2198
ALPHA-81-459,16,Female,The Idealistic Activist,64.2741,0.7022,0.6025,0.7262,0.2756,0.1772,0.1705,0.2678,0.2610,0.8580,0.8948
ALPHA-01-801,63,Female,The Community Builder,72.1646,0.8680,0.2726,0.9886,0.5723,0.2631,0.4315,0.3667,0.4932,0.9566,0.6423
ALPHA-42-761,21,Female,The Cautious Observer,60.9242,0.2550,0.8358,0.6639,0.4498,0.2548,0.6083,0.7884,0.4263,0.2244,0.6321
ALPHA-12-449,61,Male,The Stoic Engineer,68.7812,0.3703,0.2368,0.6114,0.1567,0.8680,0.8652,0.5952,0.9379,0.1153,0.7705
ALPHA-56-244,28,Male,The Ambitious Entrepreneur,65.8970,0.6521,0.8919,0.8700,0.8197,0.8582,0.6588,0.2605,0.8301,0.7245,0.5936
ALPHA-07-968,52,Female,The Community Builder,62.6819,0.6657,0.1825,0.8503,0.4828,0.4027,0.4203,0.2482,0.2226,0.9150,0.5128
ALPHA-62-873,78,Male,The Stoic Engineer,69.8394,0.4587,0.4096,0.7211,0.7197,0.7655,0.8922,0.6982,0.8646,0.2515,0.2226
ALPHA-49-133,47,Male,The Community Builder,72.5191,0.7189,0.4832,0.7112,0.1743,0.4698,0.4639,0.7521,0.3689,0.7861,0.8576
ALPHA-22-142,42,Female,The Stoic Engineer,66.8005,0.3757,0.4608,0.1037,0.6762,0.7971,0.7445,0.7794,0.8171,0.2214,0.8171
ALPHA-61-258,31,Female,The Cautious Observer,69.9387,0.4272,0.7121,0.7027,0.6043,0.2726,0.7900,0.7946,0.2845,0.3704,0.8311
ALPHA-06-331,37,Female,The Stoic Engineer,59.3498,0.4223,0.4046,0.2242,0.7162,0.7608,0.7322,0.8271,0.9669,0.3297,0.3773
ALPHA-99-263,29,Male,The Idealistic Activist,59.9859,0.7117,0.4701,0.7091,0.8339,0.4637,0.2755,0.3511,0.8886,0.7699,0.7904
ALPHA-65-597,40,Male,The Community Builder,72.5109,0.6837,0.6664,0.9745,0.4607,0.3176,0.4566,0.8580,0.8200,0.9155,0.6322
ALPHA-30-590,50,Female,The Idealistic Activist,63.7100,0.7711,0.6802,0.8012,0.7229,0.6013,0.3118,0.2815,0.8797,0.6468,0.4736
ALPHA-41-650,39,Male,The Ambitious Entrepreneur,56.4476,0.4459,0.4501,0.2338,0.7388,0.6509,0.5684,0.2508,0.7604,0.6473,0.7745
ALPHA-79-329,57,Female,The Ambitious Entrepreneur,49.2122,0.6779,0.1279,0.3252,0.8585,0.5210,0.6802,0.1727,0.9176,0.5980,0.2928
ALPHA-71-680,35,Female,The Disillusioned Artist,56.0636,0.4711,0.8122,0.6779,0.3307,0.9086,0.2565,0.2840,0.1713,0.4848,0.6200
ALPHA-34-470,20,Female,The Ambitious Entrepreneur,53.0197,0.4733,0.4236,0.1601,0.9826,0.7224,0.5468,0.1621,0.9263,0.5886,0.8059
ALPHA-97-839,29,Male,The Idealistic Activist,68.9403,0.5622,0.4777,0.7327,0.6875,0.4604,0.4893,0.3669,0.8687,0.9119,0.7846
ALPHA-18-567,29,Female,The Disillusioned Artist,48.6684,0.4942,0.8125,0.7053,0.2068,0.9557,0.2091,0.3206,0.5173,0.4662,0.2778
ALPHA-79-604,37,Male,The Idealistic Activist,59.6251,0.6926,0.7327,0.8949,0.1098,0.4067,0.2140,0.3287,0.5121,0.6219,0.3598
ALPHA-50-951,50,Female,The Idealistic Activist,66.3685,0.6582,0.8761,0.8877,0.6660,0.2123,0.3936,0.3103,0.4245,0.7913,0.7160
ALPHA-78-241,32,Male,The Cautious Observer,55.4027,0.2121,0.6401,0.3564,0.5357,0.1322,0.7845,0.8619,0.1028,0.3700,0.2234
ALPHA-31-490,27,Male,The Disillusioned Artist,57.0514,0.1884,0.7971,0.7332,0.4949,0.9295,0.2120,0.3806,0.1046,0.4617,0.8724
ALPHA-73-402,42,Female,The Ambitious Entrepreneur,58.9110,0.2690,0.5766,0.3939,0.7977,0.5504,0.5049,0.3928,0.7264,0.5527,0.8773
ALPHA-65-256,44,Male,The Disillusioned Artist,38.7546,0.1558,0.5700,0.5495,0.5660,0.8325,0.1439,0.2271,0.1438,0.4599,0.3482
ALPHA-66-455,54,Male,The Cautious Observer,65.6225,0.3507,0.6738,0.5831,0.7924,0.8841,0.7471,0.7880,0.7364,0.3332,0.2511
ALPHA-50-201,38,Male,The Cautious Observer,71.0367,0.2838,0.6986,0.8179,0.6252,0.3429,0.7811,0.9741,0.7147,0.2686,0.4227
ALPHA-41-117,27,Male,The Stoic Engineer,58.8042,0.3165,0.4152,0.7449,0.8603,0.6179,0.8532,0.5008,0.9150,0.2133,0.1030
ALPHA-92-692,46,Male,The Disillusioned Artist,57.5955,0.2153,0.5715,0.6529,0.8468,0.9759,0.3497,0.2129,0.1605,0.3167,0.7636
ALPHA-37-878,38,Female,The Ambitious Entrepreneur,60.8276,0.5101,0.7587,0.7244,0.8992,0.8088,0.6974,0.1606,0.8277,0.6848,0.6136
ALPHA-38-350,31,Female,The Disillusioned Artist,44.8539,0.3141,0.5196,0.4816,0.5624,0.8148,0.3583,0.2600,0.8059,0.2070,0.4593
ALPHA-69-442,49,Female,The Disillusioned Artist,50.1852,0.3973,0.6486,0.7735,0.6853,0.9479,0.3127,0.2960,0.4916,0.4690,0.1385
ALPHA-09-119,38,Female,The Cautious Observer,74.4671,0.3385,0.6903,0.6899,0.6701,0.2856,0.8850,0.8051,0.2090,0.1823,0.6245
ALPHA-05-616,33,Male,The Idealistic Activist,57.6739,0.6851,0.4520,0.7642,0.4648,0.1494,0.4171,0.3673,0.3220,0.7984,0.4892
ALPHA-20-199,49,Male,The Idealistic Activist,72.8500,0.8038,0.6455,0.9428,0.2807,0.7821,0.3728,0.4245,0.4272,0.6336,0.6880
ALPHA-79-581,41,Male,The Ambitious Entrepreneur,48.9015,0.5035,0.7559,0.3456,0.7177,0.6843,0.6313,0.2924,0.9495,0.7318,0.2504
ALPHA-34-691,19,Male,The Community Builder,67.9158,0.8362,0.3729,0.7267,0.4842,0.7426,0.5276,0.2376,0.4914,0.7265,0.8045
ALPHA-48-974,23,Female,The Disillusioned Artist,48.1444,0.4745,0.6294,0.4703,0.4738,0.8170,0.2422,0.2210,0.5427,0.3125,0.2641
ALPHA-53-720,49,Male,The Ambitious Entrepreneur,43.3844,0.2687,0.5741,0.6241,0.7505,0.1629,0.3164,0.1019,0.7249,0.6478,0.3083
ALPHA-10-812,38,Male,The Idealistic Activist,61.2720,0.6357,0.7053,0.8943,0.6275,0.1380,0.3601,0.3332,0.2574,0.7370,0.4377
ALPHA-59-936,40,Male,The Ambitious Entrepreneur,45.8015,0.4106,0.2946,0.1835,0.8698,0.5172,0.6242,0.2865,0.6690,0.7122,0.2663
ALPHA-06-509,45,Female,The Community Builder,80.8732,0.8690,0.4291,0.8536,0.8340,0.7636,0.7882,0.8339,0.1332,0.9680,0.8475
ALPHA-52-664,50,Male,The Stoic Engineer,64.9849,0.5963,0.3107,0.2799,0.4689,0.6078,0.7892,0.5128,0.8249,0.2990,0.8205
ALPHA-35-902,21,Female,The Idealistic Activist,54.3191,0.6961,0.1782,0.7603,0.7106,0.8528,0.3677,0.3524,0.2193,0.8289,0.4387
ALPHA-39-118,48,Male,The Ambitious Entrepreneur,53.8400,0.5514,0.8658,0.3922,0.7604,0.7707,0.4896,0.2275,0.9335,0.7718,0.6905
ALPHA-76-607,50,Female,The Ambitious Entrepreneur,70.0463,0.8364,0.6104,0.5267,0.7214,0.4735,0.6874,0.3571,0.9061,0.8977,0.6290
ALPHA-10-392,35,Female,The Stoic Engineer,56.2982,0.4967,0.4641,0.1946,0.2014,0.7857,0.6503,0.6843,0.7835,0.3965,0.2737
ALPHA-10-291,26,Male,The Community Builder,71.5650,0.8352,0.4692,0.8241,0.7667,0.7700,0.4467,0.7151,0.7951,0.9886,0.8821
ALPHA-49-086,36,Female,The Idealistic Activist,66.6923,0.7460,0.1428,0.7045,0.5187,0.1410,0.3188,0.4366,0.6184,0.7315,0.8898
ALPHA-93-629,20,Male,The Disillusioned Artist,49.8981,0.4162,0.6376,0.5089,0.3634,0.8493,0.2512,0.2746,0.6025,0.4522,0.3969
ALPHA-37-466,32,Female,The Community Builder,75.1936,0.7331,0.1269,0.9021,0.1395,0.3560,0.7839,0.6435,0.1475,0.9445,0.5770
ALPHA-20-046,51,Female,The Ambitious Entrepreneur,56.4655,0.8125,0.1457,0.6133,0.8753,0.6103,0.5468,0.3400,0.7605,0.6145,0.3372
ALPHA-47-816,55,Male,The Idealistic Activist,55.7688,0.7541,0.5412,0.7068,0.6323,0.7915,0.2106,0.4444,0.2462,0.8737,0.5194
ALPHA-61-459,41,Male,The Disillusioned Artist,44.9612,0.4831,0.8225,0.6239,0.5510,0.9578,0.2527,0.2126,0.7070,0.4111,0.1201
ALPHA-45-890,67,Male,The Disillusioned Artist,52.8575,0.3049,0.5063,0.5882,0.4064,0.7518,0.3404,0.3382,0.8973,0.3943,0.5355
ALPHA-34-550,53,Male,The Ambitious Entrepreneur,48.4661,0.3093,0.3458,0.6338,0.9337,0.4715,0.6811,0.1292,0.9255,0.7422,0.1519
ALPHA-52-260,30,Female,The Ambitious Entrepreneur,55.0080,0.4324,0.7318,0.6227,0.7518,0.5272,0.3844,0.3738,0.6850,0.6748,0.5267
ALPHA-91-415,59,Female,The Idealistic Activist,49.9677,0.7304,0.5254,0.8796,0.6066,0.3670,0.2252,0.2502,0.3476,0.8468,0.1345
ALPHA-49-420,18,Female,The Cautious Observer,67.8508,0.3761,0.7738,0.7294,0.2207,0.3757,0.6931,0.9466,0.4679,0.3724,0.1788
ALPHA-48-504,48,Female,The Stoic Engineer,69.9551,0.5971,0.3440,0.4809,0.1103,0.7815,0.6484,0.5203,0.8015,0.1516,0.8954
ALPHA-69-799,42,Female,The Disillusioned Artist,45.5234,0.2932,0.6313,0.4835,0.3644,0.9833,0.3694,0.2470,0.2769,0.3845,0.2784
ALPHA-68-337,61,Male,The Disillusioned Artist,63.2679,0.3932,0.8453,0.6381,0.7943,0.7001,0.3646,0.4988,0.7504,0.5033,0.8223
ALPHA-60-885,23,Female,The Community Builder,69.0528,0.6787,0.7413,0.8005,0.8199,0.7037,0.7232,0.5362,0.7401,0.9263,0.8385
ALPHA-89-678,20,Female,The Ambitious Entrepreneur,57.4937,0.6744,0.2695,0.4265,0.8824,0.8624,0.4931,0.1339,0.6700,0.5943,0.8264
ALPHA-72-652,16,Female,The Idealistic Activist,60.9694,0.6099,0.8674,0.9515,0.5366,0.4969,0.4393,0.4325,0.8942,0.7917,0.5034
ALPHA-58-756,51,Male,The Community Builder,74.1987,0.7853,0.2638,0.8061,0.5775,0.5795,0.4639,0.4976,0.2741,0.7891,0.8842
ALPHA-13-281,42,Female,The Community Builder,70.8357,0.8911,0.6850,0.8520,0.6356,0.3827,0.4462,0.1015,0.2479,0.9788,0.8819
ALPHA-05-096,69,Male,The Stoic Engineer,63.7402,0.6895,0.4866,0.1632,0.2028,0.9187,0.8084,0.6251,0.7468,0.2124,0.6591
ALPHA-77-480,46,Female,The Idealistic Activist,64.4875,0.7386,0.3231,0.9273,0.8112,0.4446,0.1032,0.2229,0.2143,0.7438,0.7652
ALPHA-91-379,32,Female,The Disillusioned Artist,55.6675,0.3801,0.7430,0.7073,0.1680,0.8357,0.2541,0.3843,0.3632,0.5883,0.7666
ALPHA-82-567,16,Female,The Ambitious Entrepreneur,59.0684,0.5416,0.7355,0.7600,0.8050,0.3880,0.6651,0.2345,0.8695,0.7549,0.1161
ALPHA-97-288,46,Female,The Disillusioned Artist,53.4052,0.2788,0.7883,0.4661,0.4633,0.8662,0.1475,0.4456,0.8448,0.2957,0.6256
ALPHA-50-189,39,Female,The Idealistic Activist,66.7115,0.7916,0.4882,0.9881,0.7793,0.2325,0.3530,0.2787,0.5870,0.6036,0.7374
ALPHA-58-059,21,Male,The Stoic Engineer,65.4142,0.3827,0.3756,0.1913,0.3208,0.8932,0.7184,0.6506,0.7092,0.3715,0.7926
ALPHA-09-522,37,Male,The Cautious Observer,67.6591,0.2720,0.8782,0.8266,0.1894,0.6026,0.7763,0.8779,0.4562,0.2156,0.3326
ALPHA-60-301,24,Female,The Ambitious Entrepreneur,54.9434,0.1936,0.2795,0.8580,0.7305,0.4931,0.6354,0.1625,0.9435,0.7909,0.5626
ALPHA-93-443,48,Male,The Stoic Engineer,65.5068,0.5756,0.4652,0.8641,0.2075,0.6461,0.7740,0.5748,0.9288,0.3960,0.3242
ALPHA-59-560,29,Male,The Disillusioned Artist,45.6187,0.2598,0.6200,0.4162,0.1851,0.7075,0.2759,0.3936,0.6387,0.5458,0.2974
ALPHA-39-889,59,Male,The Cautious Observer,67.6492,0.4419,0.6521,0.8196,0.3654,0.5341,0.6507,0.9059,0.3417,0.3028,0.6853
ALPHA-25-549,62,Female,The Community Builder,66.4938,0.7060,0.3017,0.7666,0.4690,0.2971,0.6064,0.6207,0.3044,0.8984,0.5305
ALPHA-76-742,48,Male,The Stoic Engineer,69.4273,0.5480,0.4855,0.6280,0.5514,0.7040,0.6094,0.6353,0.9314,0.2143,0.6993
ALPHA-17-463,40,Female,The Disillusioned Artist,47.4578,0.2236,0.5210,0.7521,0.2304,0.9495,0.3672,0.2300,0.2658,0.4129,0.5680
ALPHA-12-098,33,Female,The Ambitious Entrepreneur,56.8416,0.6887,0.6862,0.4406,0.7564,0.8845,0.5588,0.1261,0.9338,0.7712,0.3090
ALPHA-47-360,35,Male,The Ambitious Entrepreneur,53.6176,0.4926,0.8721,0.4811,0.8506,0.6520,0.5016,0.2398,0.8310,0.7812,0.3768
ALPHA-07-087,26,Female,The Disillusioned Artist,56.5707,0.2461,0.6621,0.6129,0.8266,0.7753,0.3190,0.5300,0.3234,0.5868,0.8646
ALPHA-02-475,16,Male,The Community Builder,64.6461,0.6684,0.7525,0.7087,0.6843,0.7883,0.4494,0.5927,0.3959,0.8008,0.8610
ALPHA-53-550,51,Male,The Stoic Engineer,73.6514,0.4787,0.4306,0.7212,0.1232,0.6823,0.9458,0.8583,0.9853,0.2839,0.5947
ALPHA-05-478,46,Female,The Ambitious Entrepreneur,50.6296,0.8707,0.5662,0.4541,0.8655,0.1666,0.5434,0.2545,0.9496,0.6666,0.1938
ALPHA-56-890,25,Female,The Idealistic Activist,59.8587,0.6337,0.3236,0.9348,0.3638,0.5056,0.3671,0.4140,0.8125,0.8070,0.3962
ALPHA-19-092,53,Female,The Disillusioned Artist,50.9600,0.3378,0.8116,0.5997,0.6989,0.8396,0.1039,0.4188,0.3312,0.4811,0.4765
ALPHA-59-722,58,Male,The Idealistic Activist,61.6296,0.7725,0.3327,0.8831,0.7596,0.8704,0.1942,0.3902,0.1791,0.6796,0.6100
ALPHA-86-818,40,Male,The Community Builder,69.9188,0.6147,0.4077,0.8179,0.1136,0.6704,0.7017,0.3308,0.5818,0.8638,0.5505
ALPHA-35-294,36,Male,The Cautious Observer,59.5432,0.3422,0.9119,0.4865,0.1689,0.7151,0.7682,0.7054,0.7775,0.2270,0.5512
ALPHA-67-892,44,Female,The Community Builder,72.2545,0.8555,0.1373,0.9483,0.3146,0.3119,0.7332,0.3602,0.4239,0.8569,0.8841
ALPHA-09-967,22,Female,The Disillusioned Artist,49.7759,0.2327,0.7562,0.5997,0.7744,0.8909,0.2901,0.3672,0.7671,0.4927,0.6907
ALPHA-70-623,52,Male,The Ambitious Entrepreneur,58.1808,0.5342,0.1043,0.8192,0.8629,0.7149,0.5864,0.2111,0.8703,0.5135,0.3703
ALPHA-59-508,29,Female,The Stoic Engineer,74.6710,0.4540,0.2977,0.6694,0.5493,0.8665,0.6922,0.7722,0.9460,0.3204,0.7529
ALPHA-71-744,39,Female,The Disillusioned Artist,53.3902,0.4082,0.7747,0.7269,0.7621,0.7152,0.3136,0.2366,0.6097,0.3474,0.2341
ALPHA-19-017,43,Male,The Idealistic Activist,65.3599,0.7231,0.4462,0.9175,0.3998,0.6760,0.3505,0.3352,0.5129,0.6658,0.5669
ALPHA-24-144,44,Female,The Disillusioned Artist,49.3191,0.3451,0.7330,0.7221,0.8572,0.9624,0.3450,0.3906,0.1664,0.4469,0.1450
ALPHA-32-665,50,Male,The Community Builder,66.8584,0.7336,0.4792,0.9416,0.3378,0.1804,0.4051,0.2078,0.1409,0.7905,0.7834
ALPHA-64-000,46,Female,The Ambitious Entrepreneur,57.4107,0.4815,0.3683,0.3044,0.9450,0.8684,0.4686,0.2166,0.7307,0.8384,0.8105
ALPHA-91-911,53,Female,The Cautious Observer,58.3205,0.4685,0.7774,0.2004,0.3146,0.1402,0.6513,0.8595,0.4383,0.3546,0.3546
ALPHA-63-591,23,Female,The Community Builder,78.2089,0.8563,0.4883,0.8472,0.7263,0.3558,0.5850,0.7805,0.5545,0.7765,0.5434
ALPHA-10-049,53,Female,The Idealistic Activist,60.9862,0.8001,0.4421,0.7988,0.7325,0.3306,0.3309,0.3283,0.3165,0.8358,0.3799
ALPHA-89-402,29,Male,The Idealistic Activist,59.4871,0.7715,0.6165,0.7773,0.6329,0.6368,0.3048,0.4454,0.6718,0.8159,0.2213
ALPHA-65-239,44,Male,The Cautious Observer,61.5773,0.3077,0.6068,0.1105,0.1728,0.2603,0.8207,0.8059,0.1920,0.3751,0.4060
ALPHA-95-408,54,Female,The Ambitious Entrepreneur,49.9627,0.5145,0.6460,0.3665,0.7677,0.7003,0.4471,0.1542,0.8410,0.5874,0.7092
ALPHA-59-765,62,Female,The Community Builder,66.0374,0.8425,0.5133,0.7379,0.1808,0.6806,0.7494,0.2753,0.8964,0.7653,0.5659
ALPHA-45-168,60,Female,The Idealistic Activist,59.8448,0.7183,0.7428,0.8281,0.2435,0.6842,0.2753,0.4333,0.1452,0.7847,0.7229
ALPHA-82-443,70,Male,The Stoic Engineer,71.2303,0.5591,0.4719,0.8115,0.8275,0.6442,0.8456,0.6969,0.7399,0.3800,0.7898
ALPHA-72-097,37,Female,The Stoic Engineer,61.9722,0.6757,0.3764,0.2482,0.8536,0.8194,0.6765,0.6013,0.7910,0.3149,0.7607
ALPHA-02-191,21,Male,The Community Builder,69.3853,0.6272,0.1207,0.9252,0.1979,0.1323,0.5372,0.6636,0.5748,0.7845,0.5610
ALPHA-83-491,23,Female,The Stoic Engineer,69.0079,0.3147,0.3302,0.8849,0.3393,0.8036,0.7446,0.5451,0.9702,0.3417,0.5787
ALPHA-82-543,27,Female,The Stoic Engineer,66.3968,0.6950,0.2887,0.4784,0.2517,0.8419,0.8121,0.8839,0.7580,0.2264,0.3721
ALPHA-78-902,40,Male,The Community Builder,71.8406,0.8090,0.2123,0.7596,0.1832,0.2138,0.6782,0.6754,0.8214,0.9500,0.6566
ALPHA-13-155,47,Female,The Idealistic Activist,59.2091,0.6703,0.4653,0.7333,0.5876,0.1555,0.3287,0.3003,0.5370,0.8833,0.3490
ALPHA-92-275,44,Male,The Ambitious Entrepreneur,62.6461,0.8085,0.3884,0.6598,0.9522,0.4885,0.6934,0.3332,0.8321,0.8336,0.1752
ALPHA-62-861,25,Female,The Ambitious Entrepreneur,52.2468,0.7961,0.6635,0.1536,0.8112,0.1981,0.3523,0.1694,0.8446,0.5191,0.5017
ALPHA-04-982,29,Male,The Cautious Observer,62.9153,0.4452,0.8639,0.3257,0.5547,0.1948,0.6236,0.7522,0.3166,0.3504,0.6503
ALPHA-25-644,35,Female,The Ambitious Entrepreneur,66.1769,0.7164,0.3985,0.8605,0.8245,0.3735,0.3784,0.2905,0.9317,0.6278,0.6170
ALPHA-66-259,58,Male,The Idealistic Activist,51.7045,0.8574,0.8666,0.7050,0.5238,0.1432,0.1049,0.2504,0.7865,0.6941,0.2762
ALPHA-31-791,29,Female,The Disillusioned Artist,59.2807,0.3633,0.5654,0.5557,0.7916,0.7608,0.2619,0.5267,0.7462,0.5668,0.6800
ALPHA-21-068,54,Male,The Ambitious Entrepreneur,54.8150,0.4490,0.7390,0.6514,0.7769,0.2888,0.5413,0.1534,0.8376,0.5504,0.2492
ALPHA-32-241,70,Female,The Disillusioned Artist,50.3402,0.3287,0.7674,0.4527,0.6285,0.9456,0.1788,0.5758,0.1014,0.2033,0.6409
ALPHA-54-154,44,Female,The Stoic Engineer,70.5341,0.4621,0.4321,0.6127,0.5972,0.6220,0.8987,0.7474,0.8266,0.1179,0.8832
ALPHA-12-108,37,Female,The Cautious Observer,70.3229,0.4801,0.9164,0.7693,0.4697,0.4280,0.8213,0.9836,0.5391,0.1252,0.4596
ALPHA-01-718,40,Female,The Idealistic Activist,59.3925,0.5184,0.8290,0.9215,0.6513,0.3806,0.1407,0.3248,0.1389,0.8509,0.7867
ALPHA-54-431,47,Male,The Community Builder,61.8609,0.6131,0.1987,0.8940,0.6455,0.8012,0.5127,0.3982,0.1044,0.9131,0.6156
ALPHA-09-789,42,Female,The Disillusioned Artist,45.8502,0.1178,0.6647,0.4401,0.7542,0.8517,0.3532,0.3883,0.2070,0.3762,0.2628
ALPHA-09-256,70,Female,The Stoic Engineer,64.0310,0.3522,0.3744,0.2993,0.3728,0.9323,0.6639,0.6228,0.7368,0.2755,0.8705
ALPHA-63-315,51,Female,The Cautious Observer,57.5043,0.3256,0.7366,0.2741,0.6062,0.7384,0.7906,0.8138,0.2876,0.3100,0.1503
ALPHA-79-953,60,Female,The Idealistic Activist,56.4894,0.7266,0.3438,0.8211,0.4853,0.7530,0.1173,0.2721,0.4513,0.8180,0.5934
ALPHA-04-725,48,Male,The Disillusioned Artist,45.1715,0.2106,0.8342,0.4294,0.5113,0.9321,0.2880,0.2165,0.5902,0.4125,0.6804
ALPHA-61-536,50,Female,The Ambitious Entrepreneur,51.8687,0.5851,0.5063,0.3904,0.8301,0.4331,0.6027,0.3134,0.6406,0.5343,0.3451
ALPHA-43-611,47,Male,The Disillusioned Artist,58.4395,0.3594,0.5320,0.6616,0.1217,0.8805,0.1883,0.3656,0.5363,0.2827,0.8616
ALPHA-96-498,63,Female,The Ambitious Entrepreneur,57.2088,0.3926,0.3223,0.4437,0.9044,0.5797,0.5151,0.3029,0.7235,0.7072,0.8207
ALPHA-98-335,46,Male,The Ambitious Entrepreneur,63.4737,0.8371,0.6195,0.8235,0.7315,0.3844,0.3540,0.3710,0.7680,0.5348,0.2754
ALPHA-24-034,50,Male,The Cautious Observer,50.1063,0.2630,0.8285,0.2085,0.3262,0.2352,0.6989,0.9230,0.4866,0.1550,0.1387
ALPHA-90-352,35,Male,The Disillusioned Artist,44.5318,0.2019,0.5284,0.7944,0.5835,0.8239,0.2989,0.3618,0.7424,0.3086,0.1682
ALPHA-66-506,64,Female,The Disillusioned Artist,55.2570,0.2467,0.8813,0.7642,0.6554,0.8317,0.1824,0.4727,0.8101,0.5394,0.4449
ALPHA-87-055,50,Female,The Idealistic Activist,67.1482,0.8734,0.2370,0.9149,0.5583,0.5007,0.2464,0.2864,0.5340,0.7742,0.6280
ALPHA-79-386,35,Female,The Ambitious Entrepreneur,54.7654,0.1982,0.3713,0.2770,0.8361,0.5003,0.5671,0.2984,0.7179,0.5606,0.7395
ALPHA-86-809,57,Male,The Idealistic Activist,63.5495,0.7427,0.7958,0.8792,0.3125,0.6885,0.1279,0.3179,0.2874,0.8737,0.7252
ALPHA-23-807,70,Male,The Ambitious Entrepreneur,38.4631,0.2811,0.1487,0.3696,0.7824,0.8987,0.3213,0.3045,0.7549,0.5755,0.2534
ALPHA-17-303,25,Female,The Ambitious Entrepreneur,41.6898,0.2232,0.6439,0.2634,0.9217,0.3995,0.3898,0.3073,0.6311,0.8574,0.1555
ALPHA-23-769,57,Female,The Cautious Observer,79.7114,0.3253,0.6336,0.8968,0.5210,0.2297,0.7349,0.9138,0.2172,0.3274,0.8204
ALPHA-35-062,34,Male,The Idealistic Activist,65.4572,0.8338,0.5018,0.8185,0.2280,0.2621,0.4088,0.4182,0.2606,0.8195,0.8170
ALPHA-41-343,42,Female,The Disillusioned Artist,49.7084,0.3407,0.8700,0.6995,0.5801,0.9509,0.2391,0.4188,0.6598,0.5064,0.5657
ALPHA-95-551,37,Female,The Stoic Engineer,55.8931,0.3174,0.2477,0.3767,0.2685,0.7568,0.7638,0.6778,0.7968,0.1236,0.1941
ALPHA-62-725,49,Male,The Ambitious Entrepreneur,57.6459,0.7225,0.5629,0.3627,0.9322,0.1381,0.6118,0.2364,0.8994,0.6799,0.4237
ALPHA-97-216,40,Male,The Community Builder,76.6787,0.7167,0.2569,0.8321,0.2602,0.7450,0.7902,0.5126,0.5940,0.9624,0.6627
ALPHA-33-133,50,Female,The Cautious Observer,71.2993,0.4514,0.7549,0.4848,0.8054,0.1856,0.7976,0.8550,0.6688,0.2964,0.7319
ALPHA-88-089,27,Female,The Cautious Observer,60.1798,0.3895,0.8977,0.6161,0.6210,0.7663,0.8446,0.8741,0.6571,0.3547,0.2386
ALPHA-26-398,75,Female,The Ambitious Entrepreneur,48.5610,0.3131,0.1921,0.7423,0.7275,0.4497,0.5253,0.1645,0.6624,0.6624,0.4286
ALPHA-47-683,38,Female,The Disillusioned Artist,54.2284,0.4186,0.6451,0.7263,0.2414,0.7470,0.1318,0.4173,0.2893,0.3631,0.3403
ALPHA-86-102,65,Female,The Disillusioned Artist,46.4603,0.2353,0.7664,0.7675,0.1301,0.7930,0.1086,0.2901,0.1001,0.2969,0.5159
ALPHA-94-946,51,Male,The Idealistic Activist,69.2904,0.8906,0.3448,0.8525,0.4054,0.1349,0.4945,0.3926,0.3606,0.6368,0.7995
ALPHA-21-640,48,Female,The Community Builder,77.3728,0.7464,0.2938,0.9500,0.5310,0.2490,0.7174,0.6516,0.6421,0.9866,0.8897
ALPHA-53-625,57,Female,The Disillusioned Artist,60.7888,0.4659,0.6262,0.7710,0.8304,0.9003,0.2621,0.4660,0.8509,0.2839,0.6640
ALPHA-06-491,43,Female,The Ambitious Entrepreneur,59.8282,0.7317,0.4355,0.5196,0.8194,0.2350,0.4631,0.2705,0.7809,0.7851,0.6622
ALPHA-09-765,30,Male,The Stoic Engineer,65.7311,0.5788,0.4492,0.1510,0.2747,0.8271,0.8707,0.7434,0.7526,0.2649,0.6088
ALPHA-89-515,32,Male,The Stoic Engineer,67.6130,0.6346,0.4250,0.7264,0.3244,0.6156,0.7273,0.7342,0.9805,0.2252,0.4404
ALPHA-36-235,23,Male,The Idealistic Activist,57.3504,0.6571,0.5355,0.9429,0.3658,0.8997,0.4026,0.2011,0.3869,0.8939,0.3321
ALPHA-65-951,39,Male,The Disillusioned Artist,46.6409,0.3168,0.7102,0.7265,0.3826,0.8954,0.1548,0.4428,0.4454,0.5387,0.3017
ALPHA-78-438,37,Male,The Community Builder,76.1439,0.6761,0.6109,0.9888,0.3782,0.4431,0.7965,0.6645,0.5496,0.7816,0.6265
ALPHA-55-854,28,Female,The Community Builder,74.1401,0.9175,0.3634,0.9363,0.6912,0.4488,0.6439,0.5778,0.7151,0.8974,0.7964
ALPHA-61-452,37,Female,The Stoic Engineer,60.3219,0.4968,0.4674,0.1185,0.7586,0.6691,0.8696,0.7222,0.7473,0.1158,0.2744
ALPHA-36-681,40,Male,The Ambitious Entrepreneur,46.3526,0.1378,0.3364,0.8046,0.7373,0.5370,0.3929,0.2982,0.7833,0.5555,0.1835
ALPHA-50-385,24,Female,The Idealistic Activist,55.6451,0.5747,0.5955,0.7706,0.3343,0.2859,0.4701,0.2656,0.1177,0.7512,0.3892
ALPHA-42-668,50,Male,The Ambitious Entrepreneur,51.0207,0.3744,0.4450,0.6397,0.9098,0.6474,0.6840,0.3389,0.6278,0.5160,0.3027
ALPHA-55-891,16,Female,The Disillusioned Artist,48.3455,0.1545,0.7740,0.7988,0.1337,0.7878,0.2965,0.3582,0.3053,0.2473,0.2222
ALPHA-94-755,53,Female,The Cautious Observer,67.5191,0.3551,0.7443,0.7636,0.8049,0.2768,0.8498,0.9080,0.2557,0.2755,0.3467
ALPHA-92-502,51,Male,The Stoic Engineer,56.1519,0.6161,0.3918,0.2563,0.4782,0.7060,0.7225,0.5849,0.7608,0.3137,0.2380
ALPHA-03-698,45,Male,The Ambitious Entrepreneur,51.2867,0.3334,0.1426,0.7685,0.9272,0.4674,0.3959,0.3290,0.6106,0.5112,0.5680
ALPHA-64-929,32,Male,The Idealistic Activist,69.0621,0.6909,0.6167,0.8334,0.7361,0.3991,0.4890,0.4375,0.5985,0.9037,0.6470
ALPHA-01-296,52,Female,The Cautious Observer,58.3310,0.2041,0.8194,0.4963,0.5167,0.1553,0.6246,0.8928,0.6115,0.2819,0.3672
ALPHA-48-452,32,Female,The Community Builder,68.7404,0.9088,0.7901,0.8687,0.5327,0.5220,0.4123,0.5426,0.5354,0.9266,0.7855
ALPHA-69-217,47,Male,The Ambitious Entrepreneur,49.1861,0.1741,0.4416,0.7403,0.8797,0.1111,0.4541,0.1950,0.7640,0.7399,0.6870
ALPHA-74-315,68,Female,The Ambitious Entrepreneur,59.8257,0.2659,0.4908,0.6811,0.8159,0.2112,0.6073,0.3990,0.8386,0.7562,0.8146
ALPHA-03-757,37,Male,The Ambitious Entrepreneur,56.8506,0.2550,0.1569,0.4985,0.7595,0.4620,0.4941,0.1160,0.7840,0.7850,0.8167
ALPHA-46-620,17,Male,The Idealistic Activist,53.0950,0.7956,0.5107,0.7059,0.5536,0.3140,0.3987,0.2211,0.7854,0.6006,0.3736
ALPHA-33-961,41,Female,The Community Builder,62.7093,0.6396,0.8292,0.8746,0.3497,0.3497,0.5189,0.3455,0.8149,0.8866,0.7897
ALPHA-27-594,55,Male,The Cautious Observer,62.7353,0.2828,0.8218,0.2995,0.2103,0.1986,0.8403,0.9255,0.8979,0.2192,0.7443
ALPHA-69-774,25,Male,The Cautious Observer,58.3101,0.2116,0.9190,0.1340,0.4318,0.2811,0.6899,0.9407,0.3153,0.3952,0.8337
ALPHA-13-427,49,Female,The Ambitious Entrepreneur,53.5746,0.3590,0.3451,0.1489,0.7813,0.6376,0.5137,0.1290,0.8713,0.7223,0.8542
ALPHA-67-992,58,Male,The Ambitious Entrepreneur,53.0121,0.3152,0.3937,0.1439,0.9465,0.2532,0.4439,0.3376,0.7399,0.7540,0.7396
ALPHA-33-671,79,Female,The Community Builder,65.1933,0.8693,0.4162,0.7482,0.7271,0.2228,0.5456,0.1694,0.6444,0.8910,0.8882
ALPHA-39-823,26,Female,The Stoic Engineer,57.6068,0.4561,0.2692,0.1871,0.1032,0.7715,0.6589,0.6126,0.7432,0.1635,0.7863
ALPHA-41-191,54,Male,The Ambitious Entrepreneur,38.9725,0.1649,0.2690,0.1959,0.9527,0.1759,0.4692,0.1626,0.7883,0.7313,0.2650
ALPHA-77-714,35,Male,The Ambitious Entrepreneur,55.7754,0.3459,0.8389,0.5724,0.7142,0.3836,0.5184,0.2010,0.9449,0.8767,0.6380
ALPHA-86-629,44,Female,The Disillusioned Artist,47.4874,0.4067,0.5528,0.5000,0.3541,0.8250,0.2954,0.4322,0.5169,0.2451,0.2934
ALPHA-60-779,64,Male,The Stoic Engineer,78.1573,0.6720,0.3372,0.6883,0.7338,0.8064,0.9420,0.7422,0.7768,0.2406,0.6930
ALPHA-60-917,31,Female,The Community Builder,68.0707,0.8722,0.8605,0.7255,0.4536,0.2129,0.4770,0.5639,0.1316,0.8902,0.7944
ALPHA-38-731,38,Female,The Disillusioned Artist,50.9669,0.4946,0.5176,0.6067,0.8705,0.8771,0.1796,0.2027,0.7331,0.2859,0.2665
ALPHA-68-353,24,Male,The Idealistic Activist,60.6789,0.8027,0.2592,0.9759,0.2460,0.4898,0.3573,0.2809,0.1906,0.7305,0.3173
ALPHA-00-526,45,Male,The Stoic Engineer,73.8214,0.6659,0.2923,0.5132,0.6783,0.6201,0.7409,0.7426,0.7153,0.2312,0.8692
ALPHA-95-075,27,Male,The Cautious Observer,66.2783,0.4149,0.6026,0.5372,0.8251,0.7557,0.8107,0.9268,0.7008,0.1175,0.3822
ALPHA-77-797,50,Female,The Stoic Engineer,62.6614,0.6723,0.3528,0.1870,0.3012,0.8054,0.7289,0.5021,0.7010,0.3687,0.6621
ALPHA-83-421,42,Male,The Community Builder,62.3080,0.6403,0.5042,0.7375,0.1992,0.4526,0.5297,0.3426,0.2325,0.7618,0.7274
ALPHA-87-381,45,Male,The Idealistic Activist,51.9757,0.7102,0.8020,0.7848,0.4180,0.7380,0.2748,0.4208,0.7292,0.7432,0.2283
ALPHA-05-769,26,Female,The Cautious Observer,68.3631,0.2851,0.6150,0.8108,0.5991,0.2316,0.6512,0.9847,0.2921,0.1464,0.4729
ALPHA-31-491,63,Male,The Community Builder,81.1247,0.8805,0.4765,0.8636,0.2691,0.5648,0.6101,0.8786,0.1488,0.7881,0.8619
ALPHA-72-343,34,Male,The Idealistic Activist,58.9366,0.7977,0.4830,0.9296,0.4609,0.7831,0.2532,0.4285,0.6895,0.8909,0.4073
ALPHA-62-120,25,Female,The Community Builder,62.8355,0.7166,0.8696,0.8035,0.6429,0.6600,0.4167,0.4542,0.1162,0.8329,0.5545
ALPHA-60-808,44,Male,The Disillusioned Artist,46.4610,0.1156,0.8628,0.6995,0.6604,0.9828,0.3505,0.4282,0.6438,0.2569,0.3992
ALPHA-99-256,54,Female,The Ambitious Entrepreneur,55.8185,0.8996,0.1642,0.2087,0.7763,0.6311,0.3086,0.2868,0.9003,0.8658,0.8609
ALPHA-91-698,59,Female,The Stoic Engineer,57.4092,0.4742,0.3241,0.3172,0.7962,0.7404,0.6386,0.7246,0.9467,0.2907,0.5174
ALPHA-57-124,16,Male,The Stoic Engineer,64.5090,0.5369,0.4063,0.6782,0.4086,0.9377,0.9236,0.8605,0.8773,0.1303,0.1139
ALPHA-36-088,54,Male,The Community Builder,72.1842,0.7291,0.2792,0.9224,0.3243,0.8534,0.6851,0.5552,0.6331,0.7673,0.8582
ALPHA-22-171,35,Female,The Disillusioned Artist,51.2441,0.3965,0.6852,0.4012,0.6222,0.8011,0.3319,0.2710,0.2796,0.2165,0.7052
ALPHA-03-735,22,Male,The Disillusioned Artist,47.0015,0.3816,0.7391,0.4873,0.5121,0.7107,0.1975,0.3514,0.2870,0.3962,0.5285
ALPHA-48-807,30,Female,The Cautious Observer,61.9994,0.4136,0.8653,0.1954,0.5476,0.3905,0.8086,0.9096,0.8663,0.2419,0.3617
ALPHA-50-294,48,Female,The Disillusioned Artist,59.5782,0.4343,0.6435,0.7282,0.1865,0.7836,0.2889,0.3935,0.5238,0.5804,0.8574
ALPHA-14-614,48,Male,The Community Builder,77.4157,0.7823,0.8404,0.7863,0.8562,0.6370,0.6357,0.7396,0.8427,0.7121,0.6932
ALPHA-73-410,35,Female,The Stoic Engineer,64.9580,0.6008,0.2886,0.7846,0.2943,0.7050,0.7592,0.5600,0.7750,0.2511,0.5436
ALPHA-90-295,53,Male,The Cautious Observer,64.4959,0.2526,0.8836,0.3608,0.8783,0.3276,0.8922,0.7056,0.4993,0.3580,0.8963
ALPHA-84-672,64,Male,The Idealistic Activist,67.3206,0.6991,0.1775,0.8829,0.7117,0.4666,0.2650,0.4398,0.3774,0.7988,0.8734
ALPHA-19-914,36,Male,The Idealistic Activist,58.8806,0.7766,0.2586,0.7018,0.6345,0.4403,0.1660,0.2943,0.5009,0.9056,0.7286
ALPHA-68-156,41,Female,The Stoic Engineer,62.4269,0.5923,0.3242,0.2217,0.1510,0.8406,0.8909,0.6478,0.7116,0.3393,0.1814
ALPHA-67-253,59,Female,The Cautious Observer,65.1201,0.3494,0.6456,0.5085,0.6111,0.4851,0.7947,0.8986,0.2043,0.1662,0.6243
ALPHA-14-882,57,Male,The Community Builder,69.6143,0.9083,0.5880,0.7971,0.2075,0.4881,0.6614,0.2935,0.8678,0.7825,0.8190
ALPHA-51-366,33,Female,The Stoic Engineer,62.6085,0.5947,0.4800,0.4796,0.3937,0.7532,0.7563,0.8448,0.8387,0.3208,0.3833
ALPHA-61-549,26,Female,The Cautious Observer,58.6355,0.4127,0.8660,0.1557,0.8574,0.7365,0.8307,0.9025,0.1202,0.1501,0.1425
ALPHA-51-951,69,Female,The Stoic Engineer,60.5444,0.4938,0.2339,0.3632,0.3262,0.8559,0.8344,0.5244,0.9188,0.3297,0.2154
ALPHA-51-209,17,Male,The Cautious Observer,69.6739,0.2565,0.6080,0.8912,0.8905,0.3634,0.7584,0.7245,0.1694,0.3881,0.7914
ALPHA-22-454,20,Female,The Ambitious Entrepreneur,57.2141,0.3436,0.4863,0.7882,0.7467,0.8241,0.6802,0.1200,0.7432,0.8104,0.2667
ALPHA-81-284,16,Female,The Idealistic Activist,63.8139,0.7185,0.1308,0.9318,0.1272,0.7511,0.1147,0.2947,0.3809,0.7007,0.6523
ALPHA-48-081,26,Male,The Community Builder,69.6982,0.6616,0.5469,0.9857,0.7783,0.2699,0.7320,0.2276,0.1205,0.7080,0.7735
ALPHA-65-277,41,Female,The Cautious Observer,59.1043,0.2968,0.8020,0.1168,0.5349,0.7784,0.8437,0.8394,0.2158,0.1158,0.7232
ALPHA-78-879,36,Male,The Cautious Observer,61.9197,0.4844,0.7272,0.3561,0.1275,0.6431,0.7412,0.8831,0.8320,0.2847,0.1800
ALPHA-24-931,43,Female,The Stoic Engineer,52.8337,0.3466,0.2920,0.7263,0.4633,0.8181,0.6171,0.5430,0.9500,0.1073,0.1084
ALPHA-75-570,63,Male,The Stoic Engineer,60.0599,0.3587,0.3116,0.4044,0.7163,0.7426,0.7328,0.5977,0.8772,0.1258,0.8200
ALPHA-01-686,28,Female,The Cautious Observer,65.0480,0.3368,0.8317,0.6515,0.6444,0.4704,0.7276,0.9688,0.5464,0.2496,0.6227
ALPHA-51-234,21,Male,The Cautious Observer,59.5749,0.3316,0.9402,0.4646,0.5798,0.4751,0.7041,0.9059,0.7379,0.3893,0.3708
ALPHA-54-663,39,Male,The Community Builder,66.8146,0.7992,0.2637,0.9819,0.5587,0.8602,0.5395,0.4671,0.7533,0.7554,0.5877
ALPHA-66-835,39,Female,The Community Builder,73.3459,0.9011,0.5176,0.8790,0.6601,0.2122,0.6115,0.6736,0.5922,0.8559,0.7650
ALPHA-76-805,43,Female,The Community Builder,75.8226,0.8160,0.4045,0.8836,0.8520,0.7851,0.5562,0.5728,0.8426,0.7833,0.7885
ALPHA-89-159,45,Male,The Ambitious Entrepreneur,55.2299,0.2958,0.4348,0.7551,0.7716,0.4094,0.4950,0.2534,0.6268,0.8130,0.5643
ALPHA-56-459,18,Female,The Ambitious Entrepreneur,56.9400,0.6018,0.3892,0.5865,0.7746,0.8433,0.4560,0.2905,0.8249,0.6025,0.3244
ALPHA-52-339,78,Female,The Stoic Engineer,68.0057,0.6893,0.4531,0.6692,0.1898,0.6441,0.9303,0.5334,0.9243,0.1021,0.5873
ALPHA-58-438,37,Male,The Ambitious Entrepreneur,62.8305,0.2081,0.2144,0.8463,0.9678,0.7138,0.5633,0.2444,0.7700,0.6797,0.8108
ALPHA-50-972,43,Female,The Cautious Observer,75.2377,0.3825,0.6634,0.7825,0.3428,0.1731,0.8672,0.9387,0.1355,0.1598,0.5426
ALPHA-21-832,27,Female,The Ambitious Entrepreneur,62.2889,0.5130,0.6892,0.7190,0.8207,0.6256,0.6190,0.2811,0.7348,0.5583,0.3734
ALPHA-29-598,26,Female,The Cautious Observer,60.3401,0.3628,0.9448,0.1346,0.1248,0.5134,0.7721,0.9736,0.7136,0.3175,0.4641
ALPHA-79-522,24,Female,The Cautious Observer,69.5000,0.2826,0.9459,0.6406,0.1121,0.3639,0.7838,0.9278,0.1426,0.1427,0.5596
ALPHA-91-851,46,Male,The Disillusioned Artist,50.4713,0.2997,0.8058,0.5604,0.5104,0.7058,0.3396,0.5995,0.1236,0.5533,0.4792
ALPHA-43-551,47,Male,The Stoic Engineer,59.5697,0.5907,0.4537,0.1218,0.5732,0.7892,0.7875,0.5413,0.7777,0.1859,0.5421
ALPHA-28-136,28,Female,The Idealistic Activist,62.6839,0.5176,0.4050,0.7418,0.5058,0.1102,0.4180,0.4539,0.6732,0.8366,0.8509
ALPHA-66-688,24,Female,The Cautious Observer,58.6268,0.2863,0.8591,0.6290,0.2216,0.7626,0.7360,0.8093,0.4925,0.2888,0.1938
ALPHA-19-254,81,Male,The Disillusioned Artist,53.8682,0.1006,0.8017,0.5826,0.4740,0.9075,0.3321,0.4305,0.6674,0.3045,0.8801
ALPHA-83-241,40,Female,The Cautious Observer,58.3523,0.2403,0.7665,0.5266,0.8125,0.5386,0.6614,0.9632,0.3396,0.1354,0.2986
ALPHA-45-377,16,Female,The Ambitious Entrepreneur,55.7234,0.4940,0.4475,0.6197,0.9082,0.4431,0.3197,0.2282,0.8217,0.6187,0.8001
ALPHA-93-912,31,Male,The Stoic Engineer,57.3705,0.4632,0.2452,0.4982,0.5880,0.8291,0.7781,0.6203,0.9090,0.2973,0.1754
ALPHA-89-757,40,Female,The Stoic Engineer,65.6281,0.4836,0.4757,0.5431,0.2348,0.8079,0.8652,0.5590,0.9215,0.3056,0.4429
ALPHA-47-030,47,Male,The Cautious Observer,63.0114,0.2373,0.6089,0.3821,0.8482,0.8650,0.7477,0.9195,0.2008,0.3917,0.4315
ALPHA-13-808,37,Male,The Stoic Engineer,65.2096,0.5839,0.3430,0.2706,0.2322,0.6466,0.9080,0.8603,0.9688,0.2785,0.1266
ALPHA-31-474,33,Male,The Community Builder,83.3478,0.8983,0.6656,0.9786,0.4761,0.5177,0.6976,0.5409,0.6693,0.9039,0.7768
ALPHA-79-411,16,Male,The Ambitious Entrepreneur,54.7745,0.5393,0.5885,0.4439,0.9408,0.2642,0.5564,0.1671,0.6718,0.5823,0.7782
ALPHA-82-541,45,Male,The Disillusioned Artist,51.2902,0.1918,0.6888,0.4622,0.2516,0.7428,0.3858,0.3979,0.2084,0.4366,0.3587
ALPHA-58-691,21,Male,The Community Builder,74.8959,0.8207,0.3577,0.7198,0.5598,0.8582,0.6894,0.3509,0.1452,0.9028,0.7460
ALPHA-19-707,28,Female,The Disillusioned Artist,49.7065,0.1419,0.7466,0.7268,0.5980,0.9605,0.2080,0.4555,0.6208,0.3139,0.5226
ALPHA-89-737,41,Male,The Idealistic Activist,58.7666,0.6973,0.2645,0.9383,0.2996,0.2398,0.1034,0.2641,0.1112,0.9258,0.3516
ALPHA-85-047,28,Female,The Ambitious Entrepreneur,66.6899,0.7981,0.1180,0.6700,0.8326,0.7172,0.6521,0.1679,0.7728,0.5615,0.8007
ALPHA-24-020,54,Female,The Idealistic Activist,53.4261,0.5863,0.2422,0.8732,0.2911,0.5253,0.1604,0.3719,0.8911,0.7532,0.1721
ALPHA-00-379,69,Female,The Disillusioned Artist,57.2261,0.2399,0.5291,0.7661,0.6528,0.7452,0.1786,0.2890,0.4451,0.3156,0.8540
ALPHA-28-763,58,Female,The Stoic Engineer,74.0706,0.6319,0.2154,0.8678,0.4216,0.9478,0.7348,0.7722,0.8172,0.3208,0.4887
ALPHA-33-708,34,Male,The Ambitious Entrepreneur,55.0740,0.1855,0.6300,0.4843,0.9118,0.5520,0.5376,0.2567,0.7079,0.7752,0.7016
ALPHA-64-581,57,Male,The Idealistic Activist,57.4037,0.7633,0.3855,0.9347,0.3176,0.8773,0.1488,0.2394,0.5826,0.7118,0.2118
ALPHA-03-797,34,Female,The Disillusioned Artist,57.0432,0.3409,0.5530,0.4946,0.2398,0.9108,0.3945,0.5825,0.4496,0.4009,0.4278
ALPHA-79-989,28,Male,The Community Builder,71.9839,0.8549,0.4410,0.9365,0.8728,0.5488,0.6529,0.4992,0.7824,0.8627,0.6446
ALPHA-26-468,42,Male,The Idealistic Activist,60.6366,0.7439,0.8423,0.8471,0.4389,0.7375,0.3470,0.4128,0.7592,0.6127,0.2849
ALPHA-23-153,56,Female,The Disillusioned Artist,45.3636,0.1022,0.5614,0.5092,0.6216,0.8370,0.2440,0.3021,0.5408,0.3965,0.4537
ALPHA-83-951,41,Male,The Cautious Observer,54.5631,0.3769,0.8188,0.1937,0.8381,0.4898,0.6120,0.9792,0.4103,0.2008,0.3830
ALPHA-30-654,22,Male,The Community Builder,70.3577,0.7059,0.3148,0.9331,0.4645,0.4624,0.4815,0.3165,0.5140,0.9151,0.6739
ALPHA-17-196,62,Female,The Stoic Engineer,59.1141,0.4300,0.3511,0.4318,0.6538,0.8956,0.6160,0.8328,0.7801,0.2298,0.4163
ALPHA-20-733,20,Female,The Ambitious Entrepreneur,54.3496,0.6218,0.2692,0.4037,0.8772,0.6052,0.3530,0.2625,0.6319,0.8302,0.5407
ALPHA-47-585,27,Female,The Cautious Observer,64.0794,0.4958,0.8251,0.6870,0.3779,0.6065,0.6785,0.8365,0.8259,0.2522,0.1318
ALPHA-55-934,61,Female,The Idealistic Activist,57.1133,0.6056,0.4381,0.7029,0.3530,0.3455,0.3541,0.2039,0.7314,0.6908,0.4729
ALPHA-55-168,50,Female,The Stoic Engineer,62.0961,0.6132,0.4415,0.2447,0.3719,0.7691,0.7552,0.8907,0.9064,0.3679,0.5134
ALPHA-88-417,53,Male,The Ambitious Entrepreneur,52.6616,0.3284,0.4775,0.5164,0.9306,0.6882,0.3274,0.1485,0.6384,0.5860,0.6846
ALPHA-94-062,38,Female,The Cautious Observer,68.9061,0.2841,0.6138,0.7124,0.7032,0.7267,0.6663,0.8474,0.8870,0.2801,0.5864
ALPHA-67-522,70,Female,The Cautious Observer,52.4258,0.2371,0.7447,0.2320,0.3580,0.8783,0.8548,0.7194,0.6483,0.1420,0.3291
ALPHA-32-247,37,Female,The Disillusioned Artist,55.5186,0.2376,0.5400,0.6826,0.2446,0.8994,0.2342,0.3130,0.8337,0.2108,0.8649
ALPHA-84-733,46,Male,The Community Builder,78.6625,0.8620,0.7713,0.8865,0.4671,0.7311,0.7311,0.5922,0.6615,0.8832,0.6250
ALPHA-41-832,48,Female,The Idealistic Activist,52.8479,0.5343,0.6951,0.7615,0.2906,0.5462,0.3161,0.2804,0.8276,0.9376,0.2623
ALPHA-60-619,53,Male,The Community Builder,70.6712,0.6489,0.8467,0.9047,0.6045,0.6061,0.4613,0.8466,0.4235,0.9534,0.7151
ALPHA-20-815,18,Male,The Ambitious Entrepreneur,57.5093,0.7808,0.2241,0.6959,0.7480,0.5120,0.6951,0.1290,0.8190,0.8819,0.1876
ALPHA-46-877,26,Male,The Disillusioned Artist,50.0446,0.2792,0.6103,0.6908,0.2416,0.7198,0.2013,0.5696,0.3677,0.3585,0.4151
ALPHA-51-782,19,Female,The Ambitious Entrepreneur,51.8961,0.6841,0.7641,0.2204,0.9291,0.2915,0.3286,0.3544,0.7980,0.8387,0.6923
ALPHA-28-721,20,Male,The Cautious Observer,52.3394,0.4390,0.6552,0.2812,0.8360,0.8034,0.7854,0.7696,0.6799,0.1063,0.1729
ALPHA-01-965,34,Male,The Community Builder,68.7152,0.7867,0.1499,0.7631,0.7779,0.8261,0.6222,0.1155,0.3326,0.9563,0.8743
ALPHA-29-452,34,Male,The Community Builder,75.9529,0.7005,0.4346,0.7833,0.2556,0.2488,0.7835,0.3917,0.2613,0.9797,0.8649
ALPHA-00-655,27,Female,The Stoic Engineer,62.2543,0.6461,0.2686,0.4865,0.4937,0.8099,0.7899,0.6084,0.8448,0.1546,0.4651
ALPHA-28-009,70,Male,The Disillusioned Artist,49.8129,0.3620,0.5486,0.4533,0.6435,0.8843,0.1567,0.4439,0.6579,0.2294,0.6314
ALPHA-45-476,69,Female,The Community Builder,70.8531,0.8263,0.8665,0.8589,0.6542,0.3195,0.7533,0.5279,0.4090,0.8808,0.7147
ALPHA-88-170,35,Female,The Ambitious Entrepreneur,57.3888,0.2203,0.5807,0.4770,0.7575,0.3582,0.6484,0.2459,0.8403,0.6802,0.7322
ALPHA-04-711,47,Male,The Disillusioned Artist,45.8245,0.1279,0.5781,0.4525,0.1973,0.8740,0.2490,0.2602,0.6879,0.5894,0.5295
ALPHA-25-610,48,Female,The Disillusioned Artist,56.3511,0.4470,0.8712,0.4719,0.3841,0.9586,0.3045,0.3638,0.3415,0.3749,0.6534
ALPHA-18-971,45,Male,The Stoic Engineer,62.1709,0.6869,0.2777,0.6927,0.2275,0.6152,0.6152,0.6905,0.7093,0.1226,0.1900
ALPHA-75-590,26,Male,The Community Builder,68.2992,0.7880,0.5781,0.7888,0.8180,0.7644,0.5192,0.4425,0.7723,0.7535,0.6928
ALPHA-63-626,20,Male,The Idealistic Activist,54.3669,0.6463,0.7782,0.9487,0.7925,0.4812,0.4458,0.2336,0.1834,0.6973,0.1298
ALPHA-52-576,44,Male,The Community Builder,67.8060,0.6827,0.4899,0.7523,0.7653,0.5938,0.6828,0.4637,0.5492,0.7738,0.6491
ALPHA-05-783,51,Male,The Disillusioned Artist,59.0997,0.2525,0.6956,0.7131,0.5850,0.8045,0.1481,0.4038,0.2810,0.5654,0.8274
ALPHA-58-650,45,Female,The Cautious Observer,60.8617,0.3800,0.9397,0.1544,0.1842,0.3299,0.7074,0.8808,0.7802,0.1330,0.7657
ALPHA-07-271,53,Female,The Disillusioned Artist,59.9392,0.4151,0.6699,0.6751,0.6941,0.7727,0.3678,0.2666,0.8268,0.3527,0.8751
ALPHA-94-173,39,Female,The Community Builder,69.8628,0.8272,0.1985,0.8265,0.6677,0.7971,0.7593,0.2915,0.8681,0.8915,0.6907
ALPHA-51-001,47,Female,The Cautious Observer,60.4091,0.2913,0.8589,0.1656,0.8743,0.2239,0.7390,0.7554,0.2845,0.3281,0.7254
ALPHA-09-214,32,Female,The Disillusioned Artist,48.6747,0.3084,0.7956,0.4532,0.3448,0.8202,0.3683,0.4794,0.8075,0.4008,0.5927
ALPHA-77-996,43,Male,The Idealistic Activist,61.4290,0.6503,0.1771,0.9068,0.7406,0.6076,0.1530,0.3390,0.4479,0.9395,0.5557
ALPHA-25-414,47,Male,The Idealistic Activist,51.2426,0.6527,0.1088,0.7488,0.5425,0.7930,0.3214,0.3948,0.4550,0.9412,0.1268
ALPHA-71-295,61,Male,The Disillusioned Artist,50.9647,0.4574,0.6908,0.6093,0.1348,0.7682,0.3788,0.2677,0.1526,0.5404,0.2009
ALPHA-10-065,16,Female,The Ambitious Entrepreneur,57.8607,0.3275,0.8164,0.4133,0.7751,0.4477,0.5547,0.3062,0.8458,0.8015,0.7157
ALPHA-67-526,46,Female,The Ambitious Entrepreneur,51.7592,0.5860,0.2859,0.4436,0.9065,0.7178,0.5075,0.2567,0.9395,0.7049,0.2349
ALPHA-21-469,56,Female,The Ambitious Entrepreneur,54.2619,0.4037,0.3328,0.2037,0.9387,0.3946,0.4641,0.1507,0.9363,0.8435,0.8852
ALPHA-96-678,37,Female,The Community Builder,72.7124,0.8020,0.5961,0.8875,0.8796,0.8165,0.7653,0.4303,0.7819,0.7617,0.8365
ALPHA-27-328,25,Male,The Idealistic Activist,68.9012,0.8860,0.3406,0.9889,0.1990,0.7353,0.3303,0.4348,0.2876,0.7201,0.4685
ALPHA-34-355,37,Female,The Idealistic Activist,59.9748,0.8009,0.3381,0.9679,0.2385,0.3511,0.2348,0.4680,0.3355,0.7424,0.3376
ALPHA-69-393,31,Male,The Ambitious Entrepreneur,44.0517,0.1916,0.7095,0.1076,0.9202,0.6535,0.3558,0.1258,0.7401,0.5797,0.5453
ALPHA-97-734,42,Male,The Ambitious Entrepreneur,57.7688,0.7561,0.2824,0.6466,0.9080,0.1774,0.4984,0.2789,0.7808,0.7576,0.5374
ALPHA-03-861,43,Male,The Disillusioned Artist,49.4426,0.3188,0.7729,0.6758,0.1087,0.9687,0.2412,0.5232,0.4382,0.4464,0.3913
ALPHA-70-507,51,Female,The Idealistic Activist,57.7023,0.7880,0.6491,0.8039,0.4054,0.6925,0.1146,0.4271,0.7257,0.6644,0.3629
ALPHA-55-587,39,Male,The Community Builder,64.7367,0.6302,0.2675,0.7482,0.3926,0.6799,0.7749,0.2685,0.4681,0.8215,0.6309
ALPHA-51-393,46,Male,The Ambitious Entrepreneur,54.6385,0.4852,0.8064,0.1452,0.9106,0.1381,0.4173,0.3618,0.6387,0.5365,0.8371
ALPHA-40-930,55,Female,The Disillusioned Artist,50.5723,0.1522,0.5691,0.4289,0.3857,0.8003,0.2207,0.3085,0.5323,0.4237,0.8292
ALPHA-53-224,26,Male,The Stoic Engineer,59.7588,0.6369,0.2067,0.4117,0.2665,0.9415,0.6138,0.7167,0.7367,0.2353,0.5415
ALPHA-56-818,38,Female,The Stoic Engineer,68.9741,0.6308,0.2285,0.1475,0.6897,0.7507,0.6891,0.8678,0.9528,0.1215,0.6092
ALPHA-01-515,50,Male,The Ambitious Entrepreneur,57.7159,0.6695,0.2594,0.4336,0.8056,0.8982,0.5023,0.3764,0.8723,0.6286,0.3802
ALPHA-61-796,31,Male,The Ambitious Entrepreneur,43.7258,0.1838,0.6221,0.1281,0.9860,0.2915,0.3047,0.2310,0.6744,0.6312,0.8338
ALPHA-83-847,44,Female,The Idealistic Activist,59.9067,0.7056,0.3736,0.9173,0.8724,0.4654,0.1445,0.4974,0.3612,0.8000,0.1424
ALPHA-15-578,57,Female,The Stoic Engineer,68.9624,0.4615,0.2413,0.5729,0.2058,0.6315,0.7699,0.8439,0.9534,0.3849,0.6798
ALPHA-64-290,58,Female,The Ambitious Entrepreneur,50.5610,0.1117,0.6764,0.4543,0.8937,0.5301,0.3322,0.3623,0.8878,0.6596,0.7723
ALPHA-68-662,58,Female,The Stoic Engineer,66.9633,0.6140,0.4790,0.6342,0.1393,0.9043,0.8198,0.8791,0.9110,0.3507,0.2552
ALPHA-99-458,22,Female,The Stoic Engineer,80.4070,0.6967,0.3122,0.4689,0.2658,0.6661,0.8868,0.8865,0.8917,0.1455,0.8051
ALPHA-69-766,54,Male,The Ambitious Entrepreneur,53.3168,0.1626,0.8410,0.8179,0.8316,0.4750,0.5506,0.2371,0.7263,0.6474,0.5312
ALPHA-64-614,48,Male,The Ambitious Entrepreneur,58.5067,0.6936,0.8027,0.4199,0.9082,0.6343,0.6057,0.3742,0.6796,0.6240,0.4747
ALPHA-48-562,63,Male,The Community Builder,74.6881,0.6763,0.1806,0.9555,0.8138,0.2191,0.5424,0.8043,0.6889,0.9705,0.5817
ALPHA-20-903,27,Male,The Cautious Observer,65.0025,0.3985,0.8623,0.5931,0.7251,0.5893,0.7842,0.9793,0.7871,0.2526,0.4293
ALPHA-19-970,54,Male,The Disillusioned Artist,47.9148,0.3991,0.8574,0.5437,0.3133,0.7222,0.3816,0.3505,0.6745,0.4008,0.2183
ALPHA-93-601,16,Female,The Ambitious Entrepreneur,44.4827,0.1105,0.1701,0.1032,0.9010,0.6471,0.4037,0.3525,0.8106,0.5277,0.3925
ALPHA-77-609,34,Female,The Idealistic Activist,64.5872,0.8387,0.1595,0.7600,0.1203,0.2946,0.4884,0.2275,0.1320,0.7269,0.5620
ALPHA-32-723,49,Male,The Ambitious Entrepreneur,60.3872,0.7997,0.5153,0.3725,0.7405,0.1513,0.6718,0.1635,0.7196,0.7150,0.3910
ALPHA-03-559,31,Male,The Ambitious Entrepreneur,38.5752,0.1409,0.8808,0.2442,0.8790,0.6871,0.3136,0.2751,0.8936,0.6681,0.5401
ALPHA-47-720,40,Female,The Community Builder,79.6131,0.9441,0.2950,0.9423,0.6491,0.7647,0.7205,0.7488,0.2999,0.8615,0.7267
ALPHA-44-196,53,Female,The Ambitious Entrepreneur,49.9639,0.4100,0.2343,0.7007,0.9385,0.3188,0.4880,0.1037,0.8258,0.6841,0.3166
ALPHA-36-829,20,Female,The Stoic Engineer,67.0280,0.5046,0.2140,0.1700,0.5542,0.7170,0.9170,0.7855,0.9883,0.3082,0.6426
ALPHA-06-832,16,Female,The Disillusioned Artist,48.2554,0.2911,0.7451,0.4572,0.3855,0.8305,0.3127,0.3340,0.7613,0.5061,0.6759
ALPHA-94-079,64,Female,The Community Builder,76.4874,0.9014,0.3227,0.8403,0.1229,0.8625,0.7636,0.5324,0.6502,0.9790,0.5204
ALPHA-11-331,38,Male,The Idealistic Activist,54.4314,0.6171,0.2963,0.7352,0.1134,0.1153,0.2531,0.2423,0.8412,0.6889,0.7240
ALPHA-58-926,39,Male,The Ambitious Entrepreneur,51.6525,0.4449,0.2997,0.6503,0.8537,0.4376,0.6823,0.1812,0.8362,0.8677,0.3395
ALPHA-11-521,38,Male,The Idealistic Activist,57.7788,0.6047,0.7514,0.9505,0.3771,0.4306,0.1930,0.4485,0.5216,0.9443,0.6007
ALPHA-77-574,53,Male,The Ambitious Entrepreneur,54.8814,0.4743,0.7910,0.3896,0.7392,0.7994,0.3888,0.2289,0.7936,0.7716,0.8338
ALPHA-40-032,29,Female,The Ambitious Entrepreneur,44.4380,0.1411,0.2662,0.7580,0.8132,0.5193,0.3270,0.2155,0.6890,0.8117,0.3209
ALPHA-19-481,35,Male,The Ambitious Entrepreneur,51.0001,0.1014,0.2819,0.8452,0.8282,0.7426,0.3609,0.1970,0.6436,0.7774,0.2656
ALPHA-62-676,58,Female,The Idealistic Activist,60.2329,0.5155,0.1767,0.8958,0.1507,0.4746,0.3282,0.3057,0.6042,0.8734,0.5486
ALPHA-89-105,33,Male,The Community Builder,71.9044,0.7557,0.5033,0.8986,0.5826,0.4029,0.7219,0.3146,0.7799,0.9841,0.7305
ALPHA-76-958,48,Female,The Ambitious Entrepreneur,61.4234,0.7076,0.5609,0.7909,0.9300,0.7620,0.4082,0.1923,0.8199,0.7057,0.4565
ALPHA-49-232,23,Female,The Stoic Engineer,73.3473,0.5471,0.3052,0.8315,0.6675,0.6193,0.8542,0.8957,0.7798,0.1381,0.5741
ALPHA-47-386,23,Male,The Ambitious Entrepreneur,57.9449,0.7424,0.4587,0.5046,0.9076,0.5216,0.4198,0.2067,0.6065,0.8347,0.7946
ALPHA-17-312,36,Female,The Community Builder,75.8507,0.8761,0.4749,0.7317,0.2058,0.5365,0.6969,0.4880,0.6014,0.9560,0.6897
ALPHA-99-716,65,Female,The Idealistic Activist,54.1087,0.5983,0.4018,0.7187,0.1742,0.8890,0.3703,0.3026,0.5077,0.7310,0.2058
ALPHA-98-091,23,Female,The Ambitious Entrepreneur,48.0227,0.1773,0.3286,0.3382,0.7800,0.6792,0.3908,0.3309,0.8231,0.6166,0.4692
ALPHA-38-654,43,Female,The Community Builder,64.2246,0.7987,0.7892,0.7766,0.3569,0.3305,0.6927,0.2400,0.7707,0.7709,0.5616
ALPHA-09-796,67,Male,The Idealistic Activist,70.4462,0.6127,0.1864,0.9238,0.3260,0.6715,0.4746,0.3598,0.7873,0.7913,0.6832
ALPHA-90-307,50,Female,The Idealistic Activist,60.7708,0.7176,0.4779,0.7885,0.7767,0.4140,0.1283,0.4027,0.7915,0.7657,0.3667
ALPHA-09-471,16,Male,The Idealistic Activist,66.3515,0.7566,0.4041,0.9887,0.1798,0.8892,0.1784,0.4333,0.6312,0.8093,0.6894
ALPHA-03-070,43,Male,The Disillusioned Artist,53.2387,0.2805,0.8935,0.7824,0.5850,0.9485,0.2657,0.4040,0.7238,0.2422,0.3103
ALPHA-10-971,43,Female,The Stoic Engineer,60.8720,0.3846,0.2560,0.7546,0.3965,0.6644,0.9130,0.5642,0.9309,0.3823,0.3101
ALPHA-68-475,75,Male,The Cautious Observer,76.9555,0.3818,0.9233,0.6353,0.6462,0.2051,0.8826,0.8998,0.8670,0.2861,0.8144
ALPHA-05-436,36,Male,The Ambitious Entrepreneur,48.3711,0.4488,0.4917,0.6422,0.8432,0.6473,0.3142,0.1120,0.9045,0.7275,0.5988
ALPHA-50-862,29,Male,The Idealistic Activist,61.7093,0.5249,0.3106,0.8439,0.1806,0.7202,0.3528,0.4489,0.6196,0.9325,0.6013
ALPHA-37-662,50,Male,The Disillusioned Artist,47.6862,0.1549,0.8504,0.4745,0.1935,0.9899,0.3632,0.5510,0.4277,0.2392,0.3604
ALPHA-63-096,47,Female,The Cautious Observer,75.5185,0.3594,0.9118,0.5825,0.5808,0.8922,0.8521,0.8614,0.4966,0.2648,0.7166
ALPHA-97-346,61,Female,The Stoic Engineer,61.9239,0.5984,0.4440,0.1413,0.4223,0.9399,0.8233,0.5648,0.9837,0.1159,0.6906
ALPHA-65-156,43,Male,The Cautious Observer,53.1971,0.2081,0.6224,0.1006,0.3189,0.2992,0.6390,0.8240,0.5671,0.1765,0.2444
ALPHA-72-588,50,Male,The Cautious Observer,61.7912,0.3184,0.6708,0.6181,0.3014,0.7627,0.8094,0.7395,0.5753,0.1360,0.2420
ALPHA-70-997,54,Male,The Idealistic Activist,59.3232,0.7966,0.7404,0.9604,0.2595,0.3646,0.1328,0.2172,0.4961,0.9088,0.7601
ALPHA-79-101,43,Male,The Disillusioned Artist,48.1828,0.3472,0.7283,0.5472,0.5974,0.9085,0.2138,0.3708,0.1471,0.5694,0.3502
ALPHA-76-164,33,Female,The Stoic Engineer,58.9186,0.6732,0.4046,0.1075,0.2533,0.8265,0.7168,0.5673,0.9002,0.3713,0.3310
ALPHA-60-258,16,Female,The Cautious Observer,64.3613,0.4342,0.6991,0.1065,0.6643,0.8603,0.7711,0.7171,0.6347,0.3442,0.8612
ALPHA-71-957,37,Male,The Community Builder,76.6001,0.8962,0.4731,0.9367,0.3312,0.2561,0.4437,0.5338,0.4680,0.9176,0.7963
ALPHA-04-802,24,Female,The Cautious Observer,72.8684,0.4795,0.8746,0.2465,0.7124,0.5690,0.7081,0.9571,0.4910,0.1646,0.8062
ALPHA-28-873,41,Female,The Community Builder,67.4639,0.8254,0.7099,0.7494,0.6325,0.6657,0.5497,0.5276,0.2245,0.7696,0.6399
ALPHA-01-005,53,Female,The Stoic Engineer,70.4896,0.4502,0.4367,0.5437,0.2688,0.7354,0.8526,0.8012,0.8828,0.3723,0.5089
ALPHA-27-353,37,Female,The Idealistic Activist,60.5399,0.6594,0.6956,0.9772,0.3939,0.8101,0.1235,0.3672,0.3034,0.9010,0.6704
ALPHA-49-173,40,Male,The Idealistic Activist,55.8619,0.6070,0.5128,0.7766,0.1941,0.2761,0.1487,0.3369,0.5637,0.7271,0.3146
ALPHA-05-486,60,Male,The Idealistic Activist,56.6378,0.8020,0.1915,0.7977,0.1385,0.5509,0.2451,0.2611,0.3468,0.9276,0.5944
ALPHA-99-860,48,Male,The Idealistic Activist,62.5074,0.6863,0.4424,0.7715,0.1067,0.5109,0.4803,0.4727,0.3570,0.9088,0.1948
ALPHA-68-634,51,Male,The Cautious Observer,71.2508,0.4426,0.7201,0.7586,0.3818,0.4206,0.8893,0.7802,0.8399,0.1662,0.3113
ALPHA-88-443,58,Female,The Community Builder,61.7863,0.8933,0.4539,0.7440,0.2220,0.4106,0.5493,0.1628,0.3724,0.7819,0.6509
ALPHA-64-973,16,Female,The Community Builder,73.6916,0.8626,0.7235,0.9732,0.1167,0.5214,0.5244,0.4641,0.4383,0.9174,0.6521
ALPHA-14-770,39,Male,The Idealistic Activist,70.2644,0.6412,0.3687,0.9205,0.8504,0.5946,0.2137,0.3903,0.2802,0.6080,0.8929
ALPHA-91-850,56,Male,The Community Builder,69.2505,0.8399,0.6507,0.8255,0.1577,0.2646,0.7287,0.5408,0.1506,0.9293,0.6160
ALPHA-36-432,16,Male,The Idealistic Activist,58.5802,0.5790,0.5825,0.8988,0.6332,0.5034,0.2048,0.3622,0.2945,0.7009,0.3370
ALPHA-14-156,65,Female,The Community Builder,73.8884,0.7195,0.4452,0.9541,0.7236,0.2403,0.4665,0.8437,0.5274,0.8201,0.6529
ALPHA-31-112,57,Male,The Community Builder,75.4012,0.7818,0.2613,0.8374,0.4109,0.6201,0.7140,0.5530,0.3299,0.7179,0.6181
ALPHA-75-182,32,Female,The Stoic Engineer,57.7895,0.6585,0.4939,0.1694,0.1667,0.9217,0.6080,0.7100,0.9570,0.3773,0.3641
ALPHA-81-734,38,Female,The Idealistic Activist,60.1298,0.5971,0.2533,0.8966,0.8975,0.2467,0.4184,0.4691,0.2707,0.6767,0.1706
ALPHA-48-229,37,Female,The Community Builder,65.8014,0.8603,0.2245,0.7743,0.6814,0.4851,0.4692,0.6390,0.8575,0.7253,0.5315
ALPHA-11-869,38,Female,The Cautious Observer,65.4799,0.4687,0.6813,0.4846,0.2752,0.2292,0.7153,0.9063,0.1954,0.3365,0.4445
ALPHA-12-207,36,Male,The Idealistic Activist,53.5625,0.8323,0.2397,0.8424,0.2773,0.8687,0.2506,0.2106,0.8838,0.7352,0.3476
ALPHA-39-997,44,Male,The Idealistic Activist,62.2402,0.7285,0.3435,0.9410,0.4553,0.7711,0.2151,0.4905,0.5357,0.8371,0.7068
ALPHA-45-229,26,Female,The Ambitious Entrepreneur,36.4898,0.3802,0.6754,0.1692,0.8605,0.6426,0.3210,0.1296,0.8932,0.8435,0.1384
ALPHA-36-234,57,Female,The Disillusioned Artist,50.6972,0.3741,0.6796,0.4255,0.2907,0.9713,0.1290,0.4133,0.4033,0.3685,0.7890
ALPHA-77-138,16,Male,The Idealistic Activist,63.2811,0.5946,0.5896,0.8664,0.4750,0.1328,0.3406,0.3655,0.8013,0.8692,0.4848
ALPHA-47-708,59,Male,The Idealistic Activist,59.7029,0.8313,0.2670,0.8236,0.1933,0.8810,0.1394,0.2436,0.7924,0.7461,0.5921
ALPHA-13-063,54,Male,The Community Builder,79.6590,0.9364,0.1928,0.8350,0.3515,0.1693,0.4976,0.8435,0.7878,0.7310,0.7008
ALPHA-60-316,32,Male,The Community Builder,81.7644,0.7170,0.4293,0.9515,0.3750,0.4535,0.5684,0.8365,0.2307,0.7674,0.8601
ALPHA-67-425,56,Female,The Idealistic Activist,70.6308,0.5763,0.4126,0.8694,0.3554,0.7512,0.4660,0.4662,0.6761,0.7795,0.8577
ALPHA-17-552,46,Male,The Ambitious Entrepreneur,63.3295,0.7203,0.4803,0.6039,0.7198,0.6001,0.6669,0.2172,0.6029,0.5831,0.3585
ALPHA-69-064,37,Male,The Community Builder,69.9325,0.9041,0.6725,0.9345,0.1573,0.8361,0.5900,0.5197,0.7058,0.9200,0.5300
ALPHA-63-609,34,Female,The Cautious Observer,63.3645,0.2535,0.6742,0.7918,0.6398,0.5593,0.8233,0.9616,0.4263,0.3222,0.2435
ALPHA-54-012,32,Male,The Ambitious Entrepreneur,70.2974,0.7230,0.4309,0.7456,0.8961,0.3847,0.5513,0.3789,0.8015,0.6744,0.7611
ALPHA-77-278,31,Male,The Community Builder,81.2519,0.8411,0.4244,0.7598,0.7610,0.5245,0.7478,0.8579,0.5006,0.9246,0.8195
ALPHA-14-411,36,Male,The Stoic Engineer,67.5355,0.5589,0.4222,0.7421,0.2914,0.8174,0.7044,0.6585,0.7473,0.3164,0.7875
ALPHA-52-618,52,Male,The Cautious Observer,58.0515,0.3079,0.6289,0.2567,0.4196,0.8868,0.7385,0.9421,0.6168,0.2088,0.5472
ALPHA-78-721,49,Male,The Ambitious Entrepreneur,46.5243,0.2641,0.2305,0.4440,0.9710,0.7146,0.6898,0.1266,0.7828,0.6348,0.2223
ALPHA-33-049,53,Male,The Ambitious Entrepreneur,54.8074,0.4407,0.3510,0.1857,0.9361,0.5605,0.4738,0.3789,0.7129,0.5972,0.5986
ALPHA-14-431,49,Male,The Stoic Engineer,68.2990,0.4896,0.2158,0.2274,0.2444,0.7442,0.8487,0.6779,0.9218,0.1364,0.7343
ALPHA-65-945,45,Male,The Stoic Engineer,59.7240,0.5517,0.3840,0.6437,0.1979,0.9195,0.8316,0.5594,0.9170,0.2669,0.1524
ALPHA-67-872,75,Female,The Cautious Observer,63.6004,0.2202,0.7176,0.4205,0.8817,0.8827,0.8043,0.8672,0.2032,0.3091,0.8644
ALPHA-47-624,46,Female,The Disillusioned Artist,48.0608,0.3264,0.6017,0.5575,0.4963,0.8577,0.1505,0.4789,0.2393,0.3342,0.2917
ALPHA-31-443,45,Male,The Cautious Observer,57.2280,0.3242,0.6101,0.1090,0.8694,0.8280,0.7311,0.8126,0.2132,0.3655,0.5617
ALPHA-66-367,45,Female,The Stoic Engineer,66.6467,0.6641,0.2975,0.2733,0.6695,0.7620,0.8677,0.7834,0.7075,0.3403,0.4684
ALPHA-57-135,42,Female,The Cautious Observer,56.4425,0.3497,0.9161,0.1815,0.6566,0.4561,0.6267,0.9595,0.8912,0.1955,0.3951
ALPHA-62-973,36,Female,The Stoic Engineer,72.6739,0.3888,0.3709,0.5314,0.6772,0.6520,0.7950,0.7524,0.9726,0.2332,0.8635
ALPHA-10-224,64,Male,The Idealistic Activist,57.7860,0.6720,0.4728,0.7690,0.7339,0.1502,0.4080,0.4039,0.4764,0.6164,0.1847
ALPHA-56-276,38,Female,The Ambitious Entrepreneur,71.0537,0.8879,0.6079,0.8601,0.8069,0.6802,0.5645,0.1919,0.8935,0.5267,0.7485
ALPHA-87-294,27,Male,The Community Builder,74.9214,0.9407,0.6752,0.9713,0.5325,0.6937,0.4693,0.4979,0.2194,0.9015,0.6398
ALPHA-74-320,29,Male,The Cautious Observer,57.0591,0.2513,0.6617,0.2171,0.2512,0.6028,0.8286,0.7066,0.8178,0.3200,0.7128
ALPHA-91-447,74,Male,The Stoic Engineer,64.4901,0.4561,0.2339,0.8316,0.3946,0.9000,0.6013,0.5740,0.8709,0.1156,0.4775
ALPHA-50-216,23,Female,The Cautious Observer,66.3734,0.2755,0.7607,0.1788,0.3068,0.6516,0.8669,0.7717,0.4412,0.2889,0.8297
ALPHA-25-025,54,Female,The Stoic Engineer,64.3011,0.4250,0.4305,0.1319,0.5487,0.6070,0.8983,0.7983,0.9657,0.3595,0.8967
ALPHA-52-809,34,Male,The Community Builder,79.2575,0.8602,0.8618,0.7385,0.7986,0.2570,0.5282,0.8787,0.2470,0.8158,0.8763
ALPHA-77-426,33,Male,The Cautious Observer,68.8923,0.2976,0.6869,0.8228,0.6472,0.8129,0.7465,0.8395,0.5261,0.3947,0.2829
ALPHA-96-791,64,Male,The Community Builder,66.1808,0.6895,0.4225,0.9701,0.2161,0.6265,0.4733,0.3956,0.7396,0.8012,0.8547
ALPHA-94-792,41,Female,The Cautious Observer,65.7029,0.4782,0.8584,0.3575,0.4896,0.2552,0.7716,0.9055,0.2009,0.3158,0.6024
ALPHA-70-925,43,Female,The Stoic Engineer,63.1119,0.4877,0.2727,0.2454,0.3894,0.8660,0.7898,0.6330,0.7476,0.2517,0.7080
ALPHA-70-668,22,Female,The Community Builder,64.1172,0.8308,0.5751,0.9084,0.8455,0.3672,0.4437,0.1118,0.8306,0.8139,0.7499
ALPHA-77-627,51,Female,The Idealistic Activist,61.4639,0.7642,0.3319,0.9832,0.5060,0.4724,0.4658,0.2285,0.2377,0.7605,0.1006
ALPHA-88-050,60,Female,The Stoic Engineer,61.7650,0.5754,0.4256,0.1600,0.6095,0.6996,0.8333,0.7034,0.7521,0.2464,0.6245
ALPHA-85-336,59,Male,The Stoic Engineer,65.7581,0.4839,0.2489,0.2642,0.7159,0.7748,0.7983,0.7913,0.8754,0.2237,0.5666
ALPHA-49-537,43,Female,The Stoic Engineer,57.3372,0.5239,0.2964,0.1080,0.4052,0.6727,0.7863,0.7435,0.7542,0.3622,0.2346
ALPHA-76-916,57,Female,The Community Builder,74.8157,0.8616,0.7900,0.7308,0.1163,0.3004,0.5236,0.6460,0.5574,0.8433,0.6286
ALPHA-99-118,61,Female,The Idealistic Activist,54.4152,0.7252,0.4824,0.8005,0.1626,0.2197,0.3087,0.2574,0.3220,0.8199,0.4339
ALPHA-81-345,50,Female,The Cautious Observer,60.5372,0.2956,0.6163,0.2250,0.4960,0.1982,0.8464,0.7767,0.7036,0.1292,0.4916
ALPHA-41-051,47,Female,The Ambitious Entrepreneur,51.6744,0.5870,0.3592,0.1716,0.8771,0.8900,0.3899,0.1957,0.8615,0.7574,0.8908
ALPHA-32-364,43,Male,The Stoic Engineer,59.4443,0.6702,0.2120,0.3573,0.2401,0.8646,0.8814,0.5617,0.7941,0.2828,0.2086
ALPHA-74-028,47,Male,The Idealistic Activist,63.6172,0.7407,0.7311,0.8078,0.3620,0.2729,0.3322,0.3718,0.8279,0.8348,0.8655
ALPHA-04-348,35,Male,The Idealistic Activist,54.2581,0.7837,0.8611,0.8578,0.4635,0.4083,0.2589,0.3409,0.5386,0.6284,0.3724
ALPHA-96-562,42,Female,The Ambitious Entrepreneur,54.4882,0.3090,0.8961,0.7571,0.7632,0.5424,0.6584,0.3483,0.8455,0.7965,0.3320
ALPHA-59-005,46,Female,The Ambitious Entrepreneur,68.4738,0.6201,0.5701,0.8478,0.8539,0.7254,0.5652,0.2240,0.7503,0.8677,0.7853
ALPHA-45-519,37,Female,The Idealistic Activist,62.7519,0.6290,0.1748,0.9745,0.8873,0.8529,0.3957,0.4373,0.8172,0.6075,0.4603
ALPHA-43-685,40,Male,The Disillusioned Artist,54.4569,0.4837,0.5419,0.7645,0.5563,0.8798,0.1281,0.5621,0.5225,0.5198,0.2950
ALPHA-07-422,35,Male,The Community Builder,64.3650,0.7385,0.8808,0.8879,0.4059,0.1898,0.5699,0.2071,0.2787,0.9782,0.7739
ALPHA-19-273,29,Male,The Ambitious Entrepreneur,53.9650,0.2990,0.7584,0.1574,0.7495,0.5956,0.6483,0.1272,0.6635,0.8019,0.8868
ALPHA-47-459,38,Male,The Community Builder,59.6326,0.6072,0.5890,0.7589,0.1591,0.4192,0.5489,0.4356,0.6188,0.7111,0.5940
ALPHA-69-075,60,Female,The Stoic Engineer,57.1123,0.4089,0.2197,0.3875,0.5323,0.7497,0.7493,0.7489,0.7417,0.1786,0.4054
ALPHA-29-242,72,Female,The Ambitious Entrepreneur,49.0760,0.2671,0.3363,0.5043,0.9593,0.1701,0.3125,0.3791,0.8984,0.5099,0.4303
ALPHA-39-667,16,Male,The Ambitious Entrepreneur,55.9681,0.7831,0.8521,0.5424,0.7348,0.2273,0.5839,0.3472,0.9082,0.5035,0.4589
ALPHA-32-152,65,Male,The Ambitious Entrepreneur,53.6187,0.7176,0.3611,0.2171,0.8636,0.8028,0.6458,0.3717,0.8979,0.6871,0.1374
ALPHA-45-092,47,Female,The Ambitious Entrepreneur,56.4537,0.1019,0.7901,0.7877,0.7646,0.5582,0.6188,0.3566,0.8877,0.7923,0.5393
ALPHA-81-418,38,Male,The Community Builder,86.3646,0.8412,0.3161,0.9811,0.2382,0.6964,0.7326,0.7428,0.3033,0.9155,0.8458
ALPHA-91-490,60,Female,The Ambitious Entrepreneur,45.9157,0.3939,0.6884,0.3092,0.9344,0.5256,0.6842,0.1193,0.8181,0.5263,0.3012
ALPHA-48-988,35,Male,The Community Builder,55.5587,0.6120,0.1691,0.7015,0.4371,0.2888,0.4067,0.1426,0.7449,0.8235,0.8255
ALPHA-99-529,36,Male,The Cautious Observer,67.5501,0.3580,0.8294,0.8310,0.5144,0.4330,0.7097,0.8053,0.7111,0.2872,0.2084
ALPHA-89-216,50,Male,The Cautious Observer,63.0621,0.4296,0.7074,0.6854,0.5382,0.3600,0.6925,0.8526,0.5147,0.3038,0.3285
ALPHA-96-403,38,Female,The Cautious Observer,71.6251,0.2951,0.6175,0.7822,0.3820,0.5200,0.7733,0.9261,0.6710,0.2029,0.8561
ALPHA-29-678,43,Male,The Community Builder,72.4428,0.8082,0.7727,0.9543,0.5840,0.4969,0.5355,0.3249,0.2343,0.9802,0.7437
ALPHA-33-173,39,Female,The Ambitious Entrepreneur,53.8465,0.6410,0.1463,0.6291,0.8791,0.3733,0.4770,0.1945,0.6117,0.6518,0.4877
ALPHA-85-857,31,Male,The Community Builder,67.5762,0.6935,0.1821,0.7196,0.2104,0.7730,0.7488,0.2654,0.3671,0.7589,0.6870
ALPHA-61-645,54,Male,The Community Builder,58.0364,0.7918,0.5850,0.7056,0.5796,0.4136,0.6232,0.1686,0.5235,0.9140,0.5717
ALPHA-68-538,47,Male,The Disillusioned Artist,52.1570,0.4660,0.6442,0.5591,0.5883,0.7806,0.1300,0.4312,0.1430,0.2828,0.8230
ALPHA-75-461,40,Male,The Cautious Observer,71.6051,0.2298,0.7126,0.8935,0.6760,0.1109,0.6508,0.9235,0.5720,0.2981,0.6805
ALPHA-41-057,53,Female,The Disillusioned Artist,45.2124,0.1796,0.8712,0.4060,0.3727,0.8391,0.1180,0.2814,0.6500,0.2117,0.6105
ALPHA-02-042,38,Female,The Community Builder,64.4764,0.7256,0.7200,0.9562,0.3101,0.5374,0.5695,0.1401,0.5334,0.7379,0.7170
ALPHA-73-863,53,Male,The Cautious Observer,68.0472,0.2178,0.8347,0.4411,0.7383,0.1944,0.8497,0.9465,0.4315,0.3997,0.4638
ALPHA-30-945,22,Female,The Stoic Engineer,71.6608,0.3169,0.4914,0.6508,0.4707,0.6207,0.9159,0.6275,0.9226,0.1451,0.7183
ALPHA-32-119,16,Male,The Disillusioned Artist,50.5760,0.4934,0.5825,0.4243,0.4532,0.8888,0.2397,0.5436,0.7768,0.2279,0.2238
ALPHA-27-993,48,Female,The Cautious Observer,65.5760,0.4956,0.7254,0.4299,0.7667,0.3232,0.6094,0.9027,0.5302,0.3549,0.6028
ALPHA-34-210,37,Female,The Cautious Observer,66.7837,0.4107,0.7003,0.5503,0.2379,0.7717,0.8387,0.9412,0.8806,0.1872,0.4275
ALPHA-50-630,35,Female,The Ambitious Entrepreneur,59.0273,0.6775,0.4751,0.1687,0.8217,0.8565,0.4529,0.2353,0.7483,0.6357,0.7418
ALPHA-35-061,49,Male,The Community Builder,74.2826,0.8191,0.6087,0.8760,0.2677,0.2015,0.5500,0.3240,0.3198,0.9372,0.8901
ALPHA-92-280,51,Male,The Ambitious Entrepreneur,48.1103,0.8229,0.2933,0.5001,0.9384,0.5941,0.3395,0.1914,0.6483,0.8327,0.3374
ALPHA-23-019,20,Female,The Cautious Observer,63.0794,0.2879,0.6529,0.4051,0.1099,0.6956,0.8705,0.7255,0.3287,0.3915,0.6752
ALPHA-34-326,63,Female,The Idealistic Activist,62.5015,0.5537,0.8204,0.9270,0.8860,0.6302,0.2558,0.4938,0.1192,0.7224,0.6562
ALPHA-37-379,26,Male,The Cautious Observer,69.9972,0.3583,0.9154,0.8265,0.7153,0.7109,0.8562,0.8969,0.4750,0.1078,0.6069
ALPHA-61-287,33,Female,The Disillusioned Artist,48.6691,0.1698,0.5199,0.7215,0.8428,0.7535,0.3048,0.2901,0.4094,0.4380,0.1750
ALPHA-65-047,32,Female,The Idealistic Activist,52.5097,0.5737,0.2232,0.8181,0.2058,0.2966,0.4170,0.3821,0.8267,0.6174,0.2220
ALPHA-93-428,45,Female,The Disillusioned Artist,59.8344,0.4343,0.5823,0.7975,0.6219,0.9625,0.3630,0.3311,0.4281,0.4455,0.5186
ALPHA-73-623,42,Male,The Disillusioned Artist,48.0420,0.4001,0.5180,0.4471,0.2460,0.9385,0.3594,0.3042,0.8405,0.3502,0.6404
ALPHA-34-534,63,Female,The Stoic Engineer,79.0503,0.6232,0.4407,0.7573,0.3106,0.9377,0.6627,0.7836,0.7655,0.3187,0.7913
ALPHA-05-710,73,Male,The Ambitious Entrepreneur,66.7723,0.8474,0.6300,0.6012,0.9046,0.8293,0.4869,0.2712,0.6116,0.8037,0.8135
ALPHA-06-862,38,Male,The Idealistic Activist,63.2647,0.8146,0.6889,0.9546,0.3960,0.1627,0.4126,0.3636,0.1440,0.9045,0.2161
ALPHA-78-826,31,Male,The Stoic Engineer,70.1881,0.6963,0.2471,0.2708,0.8496,0.8046,0.9477,0.7060,0.7869,0.3729,0.7593
ALPHA-72-917,51,Male,The Disillusioned Artist,46.4498,0.1388,0.8573,0.6319,0.5622,0.9783,0.2860,0.2003,0.3800,0.4618,0.4059
ALPHA-79-744,47,Female,The Stoic Engineer,70.9450,0.5044,0.3981,0.6141,0.4454,0.6050,0.8692,0.7308,0.8180,0.1519,0.5204
ALPHA-24-166,16,Female,The Stoic Engineer,69.3267,0.5024,0.4348,0.5567,0.7306,0.6183,0.6872,0.5639,0.9412,0.1849,0.8851
ALPHA-06-201,34,Female,The Cautious Observer,55.3971,0.3072,0.8995,0.3230,0.7958,0.1116,0.7682,0.7209,0.8106,0.1074,0.2557
ALPHA-89-340,48,Female,The Ambitious Entrepreneur,39.0730,0.1721,0.7413,0.5909,0.8336,0.8032,0.3580,0.2047,0.9378,0.8003,0.2288
ALPHA-42-027,61,Male,The Ambitious Entrepreneur,53.8150,0.3931,0.2380,0.7201,0.8670,0.8387,0.4677,0.1984,0.6479,0.6388,0.7689
ALPHA-72-106,54,Male,The Stoic Engineer,57.3682,0.3176,0.3820,0.3333,0.5691,0.7396,0.7943,0.7267,0.8626,0.1058,0.2806
ALPHA-96-002,62,Female,The Disillusioned Artist,52.3420,0.4621,0.7237,0.5477,0.1117,0.8293,0.1925,0.5797,0.8685,0.2187,0.5931
ALPHA-38-188,30,Female,The Community Builder,66.6715,0.7359,0.1971,0.8015,0.3879,0.8257,0.7220,0.3221,0.6585,0.8001,0.8237
ALPHA-87-983,25,Female,The Idealistic Activist,55.3057,0.6383,0.2463,0.8910,0.8217,0.1383,0.4631,0.2491,0.3118,0.7581,0.1953
ALPHA-68-623,16,Male,The Disillusioned Artist,50.6854,0.4011,0.7569,0.5904,0.6235,0.8400,0.2652,0.2534,0.7004,0.5876,0.3234
ALPHA-52-551,27,Female,The Disillusioned Artist,46.8813,0.2700,0.6673,0.4571,0.8016,0.8692,0.1533,0.5474,0.3673,0.2269,0.2205
ALPHA-96-656,41,Male,The Disillusioned Artist,53.3165,0.1602,0.8859,0.6514,0.7600,0.8911,0.3994,0.3532,0.6058,0.3981,0.7950
ALPHA-16-147,29,Male,The Community Builder,68.1537,0.6812,0.7647,0.7187,0.6691,0.7434,0.5157,0.6002,0.3738,0.8632,0.5756
ALPHA-58-239,53,Male,The Stoic Engineer,65.9071,0.4598,0.4824,0.7173,0.3233,0.7299,0.8388,0.7032,0.8904,0.2354,0.5201
ALPHA-40-636,56,Female,The Idealistic Activist,61.0275,0.8801,0.6963,0.8621,0.7539,0.3508,0.4200,0.3460,0.2158,0.7689,0.4874
ALPHA-12-972,64,Female,The Community Builder,73.5886,0.8983,0.8497,0.9072,0.6165,0.4492,0.6786,0.5795,0.8679,0.8139,0.5304
ALPHA-48-115,42,Male,The Community Builder,69.7711,0.9450,0.8375,0.9284,0.7365,0.6767,0.5094,0.1342,0.4005,0.7686,0.8681
ALPHA-66-151,16,Male,The Cautious Observer,70.6359,0.3231,0.7849,0.4696,0.8076,0.1095,0.8976,0.9734,0.5739,0.1507,0.8847
ALPHA-82-394,35,Male,The Ambitious Entrepreneur,45.6501,0.1459,0.8265,0.3720,0.8509,0.1145,0.5929,0.2053,0.7550,0.5382,0.7035
ALPHA-26-201,33,Male,The Idealistic Activist,52.6660,0.6838,0.1509,0.7274,0.5626,0.5594,0.2027,0.2518,0.8647,0.9136,0.1305
ALPHA-30-024,48,Male,The Community Builder,77.4973,0.7565,0.1331,0.8840,0.8854,0.4112,0.7649,0.5455,0.8113,0.9704,0.8898
ALPHA-50-866,24,Male,The Community Builder,76.5001,0.6673,0.7757,0.8103,0.8487,0.5819,0.6565,0.8522,0.1227,0.7434,0.5732
ALPHA-66-903,16,Male,The Cautious Observer,58.1094,0.2208,0.8163,0.6066,0.1563,0.3729,0.6494,0.8009,0.4692,0.1671,0.4474
ALPHA-01-163,55,Male,The Community Builder,73.3596,0.6596,0.2570,0.7389,0.5114,0.3916,0.5466,0.7874,0.2082,0.8447,0.5537
ALPHA-87-704,69,Male,The Stoic Engineer,58.6694,0.6062,0.3504,0.5478,0.4185,0.9377,0.6843,0.7111,0.9565,0.1816,0.2574
ALPHA-79-951,30,Male,The Stoic Engineer,67.2297,0.4218,0.3129,0.7168,0.4297,0.9110,0.6343,0.5450,0.8295,0.1620,0.8790
ALPHA-41-740,44,Female,The Disillusioned Artist,58.9057,0.4875,0.6811,0.4813,0.4904,0.7024,0.3051,0.4826,0.6455,0.3063,0.5111
ALPHA-16-096,35,Male,The Cautious Observer,67.8684,0.2768,0.6519,0.4189,0.7629,0.1825,0.6225,0.9776,0.5643,0.1766,0.8231
ALPHA-16-652,54,Female,The Disillusioned Artist,57.9817,0.3648,0.7133,0.6811,0.6317,0.9136,0.3986,0.5153,0.4971,0.3829,0.7892
ALPHA-30-255,33,Female,The Ambitious Entrepreneur,50.7306,0.7716,0.7474,0.2605,0.7473,0.7366,0.4616,0.2196,0.8619,0.7303,0.2505
ALPHA-55-624,22,Female,The Disillusioned Artist,56.5885,0.2345,0.6316,0.7605,0.1128,0.9319,0.2500,0.5180,0.6672,0.4627,0.7018
ALPHA-58-058,19,Female,The Stoic Engineer,60.3726,0.5907,0.3865,0.1507,0.5545,0.8065,0.7593,0.7675,0.9285,0.3073,0.2871
ALPHA-54-807,22,Male,The Ambitious Entrepreneur,48.8576,0.1228,0.4209,0.7764,0.8652,0.7313,0.5266,0.1727,0.8428,0.5796,0.3308
ALPHA-77-385,63,Male,The Ambitious Entrepreneur,53.9357,0.1994,0.1690,0.1749,0.8224,0.7475,0.6858,0.2986,0.6798,0.6433,0.8336
ALPHA-65-711,30,Female,The Ambitious Entrepreneur,49.9882,0.1773,0.6548,0.8484,0.9412,0.7839,0.4328,0.1261,0.8875,0.5373,0.2855
ALPHA-76-117,65,Male,The Cautious Observer,56.9154,0.2438,0.8494,0.5182,0.3295,0.1433,0.6744,0.8390,0.4755,0.2788,0.3143
ALPHA-25-729,23,Female,The Stoic Engineer,68.0468,0.4742,0.3464,0.3990,0.8079,0.6879,0.9183,0.6328,0.7456,0.2983,0.5831
ALPHA-35-105,33,Male,The Community Builder,72.4980,0.9469,0.7902,0.8507,0.6852,0.7927,0.5158,0.6738,0.1069,0.9445,0.5878
ALPHA-86-535,55,Female,The Community Builder,74.4364,0.6752,0.6031,0.7500,0.4630,0.7005,0.5550,0.8234,0.6097,0.7432,0.5455
ALPHA-03-014,35,Male,The Stoic Engineer,63.2696,0.3197,0.3576,0.1556,0.2818,0.8071,0.8596,0.8167,0.8352,0.2710,0.5796
ALPHA-92-461,51,Female,The Disillusioned Artist,54.3720,0.4772,0.7622,0.7278,0.3599,0.8149,0.3655,0.3859,0.8863,0.3585,0.2396
ALPHA-54-760,67,Male,The Cautious Observer,65.8333,0.4589,0.8164,0.5274,0.6108,0.2061,0.7062,0.9751,0.5925,0.3931,0.4643
ALPHA-52-025,59,Female,The Cautious Observer,73.4914,0.4056,0.9171,0.4608,0.8804,0.5960,0.8051,0.9611,0.7520,0.1595,0.6595
ALPHA-86-637,23,Female,The Idealistic Activist,57.8457,0.5903,0.8200,0.8100,0.7500,0.1168,0.4042,0.2732,0.4676,0.9036,0.7040
ALPHA-09-810,34,Male,The Ambitious Entrepreneur,61.4948,0.7361,0.4551,0.4989,0.7748,0.3248,0.3606,0.3641,0.8481,0.8904,0.7326
ALPHA-23-255,52,Female,The Community Builder,69.0557,0.9092,0.8815,0.8507,0.7440,0.4801,0.6109,0.2550,0.2727,0.9673,0.5551
ALPHA-77-620,43,Male,The Stoic Engineer,68.1421,0.4234,0.4902,0.7979,0.3365,0.6111,0.7459,0.6461,0.9644,0.2740,0.4991
ALPHA-19-323,33,Female,The Stoic Engineer,64.1139,0.3956,0.2116,0.6623,0.4693,0.6782,0.7546,0.6218,0.9128,0.1979,0.3807
ALPHA-49-373,34,Female,The Stoic Engineer,58.9877,0.5669,0.2003,0.1507,0.8775,0.9056,0.6892,0.7856,0.7122,0.2152,0.5569
ALPHA-83-159,55,Female,The Cautious Observer,72.9081,0.3924,0.8596,0.7994,0.7842,0.6687,0.7257,0.9424,0.7407,0.3809,0.3505
ALPHA-31-609,48,Male,The Disillusioned Artist,53.5703,0.4519,0.5259,0.6650,0.2892,0.9024,0.3164,0.3942,0.8589,0.2001,0.6470
ALPHA-66-996,26,Female,The Idealistic Activist,60.1996,0.6553,0.3564,0.8121,0.6978,0.2602,0.2372,0.4959,0.6931,0.8958,0.6280
ALPHA-53-425,64,Female,The Cautious Observer,68.4417,0.2050,0.7266,0.4152,0.5566,0.1141,0.8178,0.8710,0.6132,0.3636,0.7420
ALPHA-25-216,40,Male,The Cautious Observer,70.4550,0.4615,0.8128,0.2641,0.7206,0.8786,0.7877,0.9049,0.8799,0.1180,0.7503
ALPHA-21-422,41,Male,The Stoic Engineer,66.2377,0.3656,0.2835,0.8384,0.2781,0.8446,0.9309,0.7091,0.8866,0.1758,0.2124
ALPHA-20-632,52,Female,The Ambitious Entrepreneur,53.3314,0.5261,0.6900,0.7519,0.8619,0.8562,0.4746,0.3115,0.6205,0.7162,0.3967
ALPHA-59-652,39,Female,The Stoic Engineer,69.3425,0.4969,0.2827,0.6521,0.6623,0.8395,0.9381,0.8456,0.7851,0.3010,0.1850
ALPHA-26-632,29,Male,The Community Builder,75.6274,0.6043,0.3326,0.8042,0.8730,0.5110,0.5641,0.7217,0.3914,0.9596,0.7174
ALPHA-45-054,24,Female,The Ambitious Entrepreneur,52.1952,0.8279,0.5802,0.5814,0.9656,0.3744,0.4315,0.1334,0.9153,0.7780,0.1836
ALPHA-46-675,48,Male,The Ambitious Entrepreneur,54.0886,0.8324,0.6606,0.1217,0.9679,0.1570,0.5373,0.2574,0.6001,0.7373,0.4575
ALPHA-07-941,59,Female,The Ambitious Entrepreneur,50.8577,0.6863,0.5647,0.4325,0.7638,0.2979,0.6559,0.3425,0.8870,0.5110,0.2540
ALPHA-61-573,19,Male,The Community Builder,68.8499,0.8072,0.1832,0.8960,0.1317,0.2329,0.5733,0.1681,0.2450,0.9549,0.7886
ALPHA-32-902,46,Male,The Disillusioned Artist,49.5683,0.2643,0.7996,0.6105,0.4427,0.9313,0.1345,0.2829,0.3058,0.3268,0.7500
ALPHA-59-724,57,Male,The Ambitious Entrepreneur,50.7882,0.1809,0.7670,0.8436,0.7087,0.2816,0.4062,0.2083,0.6598,0.8779,0.2601
ALPHA-35-015,55,Female,The Cautious Observer,65.3384,0.3969,0.7234,0.3829,0.7683,0.7689,0.6018,0.7476,0.4216,0.2405,0.7269
ALPHA-84-401,53,Female,The Community Builder,70.3806,0.6797,0.3890,0.8524,0.7428,0.4834,0.5317,0.7888,0.6687,0.7888,0.5449
ALPHA-97-971,42,Male,The Ambitious Entrepreneur,54.5140,0.1757,0.3026,0.4180,0.9679,0.2976,0.6145,0.1843,0.6333,0.6029,0.7596
ALPHA-40-297,38,Female,The Ambitious Entrepreneur,56.4122,0.8860,0.4378,0.4282,0.9530,0.2353,0.4501,0.1934,0.7838,0.6967,0.2191
ALPHA-96-041,31,Male,The Cautious Observer,63.9458,0.2231,0.9379,0.5657,0.4675,0.4384,0.6041,0.9465,0.1226,0.1957,0.5796
ALPHA-01-554,46,Male,The Disillusioned Artist,42.4255,0.3228,0.6449,0.5468,0.1702,0.7247,0.1798,0.2647,0.8429,0.2160,0.2264
ALPHA-86-368,60,Male,The Idealistic Activist,62.8086,0.8477,0.8048,0.7814,0.4921,0.6437,0.2999,0.2145,0.7302,0.7571,0.7823
ALPHA-92-555,34,Female,The Idealistic Activist,60.6016,0.5550,0.5429,0.9240,0.6379,0.1259,0.4670,0.4117,0.2978,0.7057,0.3038
ALPHA-53-710,32,Female,The Idealistic Activist,67.5536,0.7664,0.6625,0.7988,0.7625,0.7057,0.4762,0.4412,0.8358,0.7047,0.7383
ALPHA-78-132,24,Male,The Ambitious Entrepreneur,48.6169,0.6508,0.8358,0.8157,0.9776,0.6416,0.4436,0.1736,0.6627,0.7589,0.1002
ALPHA-12-462,32,Female,The Community Builder,68.8513,0.6954,0.2805,0.7901,0.7781,0.2887,0.5828,0.2505,0.2106,0.7863,0.6686
ALPHA-93-342,38,Female,The Idealistic Activist,57.9227,0.7067,0.6009,0.7495,0.6514,0.5810,0.2494,0.4132,0.4190,0.8391,0.2566
ALPHA-48-112,43,Female,The Community Builder,76.8010,0.6076,0.4880,0.9192,0.8321,0.4992,0.7730,0.5967,0.3130,0.9809,0.8787
ALPHA-52-450,38,Female,The Disillusioned Artist,44.8092,0.1632,0.5329,0.5429,0.4621,0.9252,0.3239,0.5916,0.6142,0.4235,0.2344
ALPHA-51-835,28,Female,The Community Builder,78.7902,0.8206,0.2634,0.8873,0.1436,0.8666,0.6058,0.4980,0.2557,0.7728,0.7946
ALPHA-68-480,41,Female,The Disillusioned Artist,58.6528,0.1545,0.8558,0.4795,0.5280,0.8041,0.3123,0.5904,0.7270,0.3146,0.7222
ALPHA-34-058,54,Male,The Ambitious Entrepreneur,56.8266,0.8524,0.8821,0.2630,0.8743,0.8127,0.4518,0.1473,0.6607,0.6236,0.8863
ALPHA-59-283,44,Male,The Community Builder,67.8326,0.6332,0.6509,0.9726,0.5917,0.3478,0.6382,0.4289,0.5676,0.8941,0.7008
ALPHA-29-478,47,Male,The Stoic Engineer,63.0367,0.4064,0.2071,0.6785,0.1222,0.8815,0.9252,0.6208,0.8903,0.3366,0.3162
ALPHA-78-686,71,Female,The Community Builder,71.1167,0.7827,0.7724,0.8607,0.7248,0.8561,0.6641,0.6435,0.1959,0.8469,0.7441
ALPHA-82-694,46,Male,The Community Builder,63.3284,0.6343,0.3013,0.7752,0.1671,0.5412,0.5749,0.3695,0.2634,0.8158,0.6738
ALPHA-15-482,35,Female,The Stoic Engineer,59.2580,0.5217,0.3362,0.1666,0.3785,0.8216,0.8141,0.5623,0.7068,0.3288,0.5313
ALPHA-63-716,21,Female,The Ambitious Entrepreneur,56.4352,0.1888,0.8659,0.8969,0.9555,0.7487,0.3241,0.2718,0.6658,0.7884,0.7011
ALPHA-72-882,41,Male,The Cautious Observer,67.2186,0.2120,0.7571,0.8286,0.3384,0.5163,0.7926,0.7388,0.7134,0.2379,0.7423
ALPHA-94-655,22,Female,The Disillusioned Artist,47.9549,0.4060,0.5663,0.7271,0.8466,0.7759,0.2362,0.5494,0.8599,0.5932,0.2292
ALPHA-05-311,48,Male,The Idealistic Activist,58.6726,0.7064,0.6148,0.7197,0.8096,0.3974,0.1976,0.3795,0.2919,0.8728,0.5067
ALPHA-80-048,19,Male,The Idealistic Activist,65.1353,0.7867,0.8166,0.8383,0.8403,0.5296,0.4862,0.4156,0.4994,0.6623,0.5895
ALPHA-32-122,27,Female,The Cautious Observer,64.1653,0.2181,0.6750,0.3433,0.4690,0.4699,0.7707,0.7250,0.4253,0.2419,0.5951
ALPHA-54-811,50,Male,The Disillusioned Artist,46.3532,0.1717,0.6969,0.6839,0.7415,0.8342,0.2624,0.2059,0.5759,0.4904,0.7587
ALPHA-82-682,71,Female,The Stoic Engineer,70.0450,0.6659,0.2263,0.2618,0.8833,0.6022,0.7261,0.8324,0.8347,0.3919,0.8528
ALPHA-24-418,22,Male,The Cautious Observer,72.5442,0.3608,0.8824,0.8849,0.3091,0.7082,0.6170,0.9425,0.7958,0.3813,0.7444
ALPHA-35-722,21,Male,The Stoic Engineer,74.7527,0.6316,0.4669,0.6760,0.8183,0.8650,0.6907,0.5341,0.7328,0.2057,0.8250
ALPHA-33-900,52,Male,The Ambitious Entrepreneur,47.7306,0.6542,0.5277,0.3043,0.9623,0.4076,0.5937,0.2206,0.6206,0.5285,0.3291
ALPHA-44-045,38,Female,The Community Builder,80.5668,0.6456,0.1503,0.9094,0.2747,0.6997,0.5944,0.7362,0.3615,0.9410,0.8981
ALPHA-40-208,41,Female,The Disillusioned Artist,52.4167,0.4127,0.7744,0.5285,0.4619,0.9186,0.3218,0.4885,0.4954,0.3903,0.4772
ALPHA-98-237,16,Female,The Community Builder,64.4278,0.7607,0.1702,0.8337,0.8021,0.5424,0.6998,0.1068,0.4002,0.8768,0.6125
ALPHA-10-769,65,Female,The Stoic Engineer,60.1104,0.4474,0.3419,0.1662,0.6859,0.7678,0.8760,0.5085,0.8413,0.3951,0.3694
ALPHA-61-206,32,Female,The Ambitious Entrepreneur,53.7226,0.4538,0.7089,0.5215,0.9830,0.6899,0.6028,0.3320,0.8659,0.6050,0.1478
ALPHA-43-788,16,Female,The Disillusioned Artist,41.6823,0.3753,0.8133,0.4871,0.2714,0.8321,0.2142,0.2926,0.5676,0.2282,0.1119
ALPHA-91-233,78,Female,The Idealistic Activist,61.7259,0.5379,0.4922,0.9898,0.6316,0.4970,0.4791,0.4560,0.3306,0.6853,0.1383
ALPHA-74-741,44,Male,The Disillusioned Artist,52.8355,0.3938,0.5657,0.7290,0.2434,0.8352,0.2310,0.4551,0.1830,0.3778,0.5311
ALPHA-56-464,51,Male,The Stoic Engineer,69.4489,0.3911,0.2009,0.7137,0.8401,0.6452,0.9141,0.6890,0.8213,0.2759,0.5364
ALPHA-61-030,43,Male,The Community Builder,66.8303,0.6691,0.4452,0.7606,0.3907,0.5856,0.5064,0.6773,0.1915,0.7636,0.6629
ALPHA-89-880,34,Male,The Community Builder,77.1238,0.6380,0.7533,0.9549,0.2242,0.3901,0.5582,0.8308,0.1386,0.9405,0.5938
ALPHA-74-263,28,Male,The Idealistic Activist,60.6361,0.7640,0.5943,0.8430,0.5259,0.8202,0.3041,0.2796,0.1866,0.7864,0.3207
ALPHA-62-904,54,Male,The Stoic Engineer,73.1927,0.6303,0.2852,0.4668,0.5169,0.9193,0.8960,0.5589,0.8862,0.2537,0.6981
ALPHA-04-464,44,Female,The Stoic Engineer,59.2054,0.3393,0.4946,0.4847,0.1500,0.7991,0.7458,0.7037,0.7264,0.2438,0.2160
ALPHA-50-185,59,Female,The Cautious Observer,49.9536,0.2485,0.6692,0.1358,0.5561,0.7223,0.8570,0.7042,0.2749,0.3293,0.3490
ALPHA-63-901,39,Male,The Community Builder,73.1122,0.9463,0.4883,0.9056,0.4311,0.2995,0.5062,0.3532,0.8207,0.9717,0.6220
ALPHA-56-557,54,Female,The Community Builder,80.1294,0.7793,0.1965,0.8904,0.6680,0.8065,0.6451,0.8386,0.4220,0.7310,0.7889
ALPHA-77-981,27,Female,The Idealistic Activist,65.6756,0.8946,0.6209,0.7179,0.6612,0.8288,0.1967,0.2167,0.8357,0.8227,0.7384
ALPHA-26-084,37,Female,The Stoic Engineer,62.1128,0.5470,0.3764,0.3879,0.4055,0.6762,0.7958,0.5977,0.8472,0.3786,0.5075
ALPHA-51-379,41,Male,The Community Builder,76.5937,0.7369,0.7005,0.9072,0.7950,0.4513,0.4188,0.6461,0.6849,0.7422,0.8442
ALPHA-01-792,31,Male,The Ambitious Entrepreneur,53.9252,0.7549,0.4703,0.8259,0.8336,0.6348,0.4477,0.1340,0.7043,0.6931,0.4149
ALPHA-49-358,69,Male,The Stoic Engineer,67.5883,0.4408,0.4421,0.6491,0.4789,0.6216,0.9055,0.7659,0.9310,0.2316,0.6613
ALPHA-36-194,22,Male,The Stoic Engineer,68.7641,0.6199,0.4687,0.6467,0.7448,0.8393,0.6118,0.6855,0.8937,0.3688,0.6758
ALPHA-50-257,62,Male,The Cautious Observer,57.6073,0.4097,0.9318,0.6867,0.7440,0.8002,0.6456,0.7346,0.5238,0.3407,0.3469
ALPHA-08-698,61,Male,The Idealistic Activist,60.9684,0.8331,0.8030,0.7202,0.5336,0.5597,0.3438,0.3296,0.5433,0.7462,0.6191
ALPHA-83-363,39,Female,The Community Builder,79.9286,0.8522,0.7115,0.9172,0.7357,0.4684,0.5972,0.7775,0.3577,0.9102,0.8289
ALPHA-82-634,52,Male,The Stoic Engineer,66.5859,0.3070,0.3671,0.6788,0.3705,0.7284,0.8996,0.6304,0.8302,0.3042,0.7795
ALPHA-06-630,77,Male,The Disillusioned Artist,58.1176,0.2370,0.7785,0.6448,0.5113,0.9647,0.2663,0.4113,0.6366,0.4353,0.8017
ALPHA-72-019,40,Male,The Disillusioned Artist,53.0785,0.3573,0.8045,0.7125,0.1144,0.7335,0.3713,0.2513,0.6147,0.2736,0.4735
ALPHA-10-314,42,Male,The Disillusioned Artist,48.6104,0.1591,0.6514,0.5093,0.4034,0.9411,0.1440,0.3679,0.2236,0.2025,0.4242
ALPHA-68-914,68,Female,The Stoic Engineer,75.0683,0.6970,0.2244,0.4155,0.8104,0.6713,0.9131,0.8966,0.7652,0.3249,0.6734
ALPHA-38-519,42,Female,The Community Builder,75.0770,0.9385,0.7519,0.9121,0.6816,0.3908,0.4646,0.5277,0.7164,0.8391,0.8469
ALPHA-07-497,21,Female,The Disillusioned Artist,57.7120,0.1531,0.7803,0.6919,0.3450,0.7846,0.1967,0.5081,0.5869,0.4977,0.6656
ALPHA-69-784,43,Male,The Community Builder,76.3520,0.7720,0.1707,0.8386,0.6277,0.3602,0.5268,0.4743,0.5349,0.8767,0.8664
ALPHA-32-467,18,Female,The Community Builder,64.9574,0.9151,0.5609,0.8548,0.5268,0.7057,0.5647,0.1537,0.4561,0.7793,0.7472
ALPHA-23-339,23,Female,The Disillusioned Artist,52.3265,0.4742,0.5289,0.6324,0.6709,0.8153,0.1800,0.4677,0.5334,0.5269,0.1190
ALPHA-48-871,57,Male,The Idealistic Activist,70.3117,0.6607,0.8520,0.9177,0.2433,0.5995,0.4634,0.2505,0.2806,0.8233,0.7710
ALPHA-87-159,37,Male,The Disillusioned Artist,42.8042,0.1250,0.5303,0.7176,0.6746,0.9259,0.1631,0.5740,0.2226,0.5902,0.2161
ALPHA-95-455,49,Male,The Idealistic Activist,54.2588,0.5745,0.8374,0.8750,0.4167,0.7348,0.1591,0.2599,0.2380,0.7175,0.4576
ALPHA-75-840,25,Female,The Cautious Observer,64.7797,0.2360,0.6154,0.3607,0.3961,0.5134,0.7313,0.9788,0.7308,0.2417,0.6523
ALPHA-34-646,42,Male,The Ambitious Entrepreneur,54.1303,0.5178,0.6263,0.4658,0.8752,0.7590,0.5563,0.3196,0.7816,0.7596,0.5281
ALPHA-19-008,39,Female,The Stoic Engineer,63.8842,0.4159,0.2128,0.5481,0.4430,0.9194,0.7414,0.8670,0.9541,0.2660,0.1381
ALPHA-04-403,21,Female,The Stoic Engineer,64.4767,0.3160,0.4882,0.6260,0.2127,0.7296,0.6229,0.8213,0.9592,0.3274,0.3453
ALPHA-59-627,50,Male,The Cautious Observer,65.6342,0.4084,0.7515,0.3182,0.5214,0.1403,0.6964,0.7015,0.2734,0.3459,0.8326
ALPHA-88-883,19,Male,The Idealistic Activist,59.5520,0.8836,0.7276,0.8572,0.5242,0.5871,0.2095,0.2551,0.2555,0.8729,0.7295
ALPHA-37-913,27,Female,The Idealistic Activist,58.9182,0.8993,0.8813,0.8354,0.5554,0.7515,0.3492,0.2194,0.1360,0.6991,0.4143
ALPHA-27-481,62,Female,The Community Builder,71.4483,0.6740,0.6315,0.9784,0.2706,0.3619,0.7840,0.3629,0.4742,0.9687,0.6789
ALPHA-39-085,35,Male,The Stoic Engineer,66.4881,0.3892,0.3979,0.6598,0.4915,0.7164,0.8554,0.7007,0.9248,0.3672,0.3703
ALPHA-20-150,38,Male,The Ambitious Entrepreneur,44.1333,0.8142,0.2014,0.1037,0.9521,0.6660,0.5549,0.1848,0.8720,0.8359,0.2155
ALPHA-42-682,17,Female,The Community Builder,72.4923,0.8654,0.5212,0.8287,0.7689,0.4335,0.5229,0.8283,0.4724,0.8049,0.7124
ALPHA-97-319,47,Male,The Idealistic Activist,61.9974,0.8602,0.7981,0.7507,0.4801,0.2909,0.1092,0.4880,0.7104,0.9244,0.4658
ALPHA-17-530,36,Female,The Cautious Observer,58.9171,0.2061,0.9495,0.2765,0.7582,0.6084,0.7675,0.7804,0.2456,0.2195,0.6516
ALPHA-17-167,36,Female,The Cautious Observer,55.4949,0.3974,0.7801,0.2732,0.1228,0.6699,0.8970,0.8638,0.2869,0.2583,0.1630
ALPHA-50-400,21,Male,The Community Builder,73.2827,0.8661,0.1856,0.7013,0.4468,0.6674,0.6306,0.4802,0.8471,0.8016,0.6512
ALPHA-22-157,58,Male,The Ambitious Entrepreneur,46.9397,0.7646,0.1275,0.4111,0.8415,0.8268,0.4644,0.2807,0.9213,0.7488,0.1952
ALPHA-69-283,28,Female,The Ambitious Entrepreneur,54.0530,0.1308,0.5192,0.7800,0.7309,0.3930,0.4135,0.2953,0.6369,0.5005,0.5907
ALPHA-23-595,34,Male,The Idealistic Activist,56.5214,0.5141,0.2602,0.9347,0.1574,0.7275,0.3688,0.3260,0.1582,0.9482,0.2800
ALPHA-07-310,19,Male,The Disillusioned Artist,43.8690,0.2693,0.6493,0.4568,0.4372,0.8625,0.1898,0.5443,0.3433,0.5524,0.1400
ALPHA-03-311,52,Male,The Idealistic Activist,52.5870,0.7330,0.2774,0.8008,0.3447,0.5333,0.1432,0.2490,0.2025,0.8597,0.2280
ALPHA-13-047,59,Female,The Idealistic Activist,71.2958,0.7924,0.5748,0.8843,0.6533,0.3306,0.2235,0.4593,0.8046,0.8402,0.8085
ALPHA-87-887,53,Male,The Community Builder,73.1649,0.8813,0.4116,0.8125,0.4092,0.3902,0.4169,0.7994,0.3785,0.7331,0.8289
ALPHA-34-997,34,Male,The Idealistic Activist,57.2944,0.5549,0.2145,0.7987,0.3568,0.8679,0.3679,0.4864,0.1235,0.6115,0.3616
ALPHA-48-057,70,Female,The Ambitious Entrepreneur,62.2800,0.4257,0.6574,0.6500,0.7459,0.5284,0.5487,0.3305,0.8391,0.6687,0.7328
ALPHA-84-864,16,Female,The Ambitious Entrepreneur,59.6522,0.8258,0.4371,0.6065,0.7130,0.7709,0.6625,0.1517,0.8013,0.7080,0.3912
ALPHA-90-271,72,Female,The Stoic Engineer,56.9728,0.5185,0.4953,0.4689,0.1901,0.7683,0.6088,0.5610,0.8074,0.1432,0.4833
ALPHA-03-549,26,Female,The Disillusioned Artist,59.6028,0.3342,0.6488,0.6273,0.7808,0.9572,0.1249,0.4652,0.1647,0.2349,0.8134
ALPHA-51-854,52,Female,The Ambitious Entrepreneur,53.3990,0.1328,0.7277,0.4706,0.9748,0.5616,0.6292,0.1038,0.9307,0.6817,0.6580
ALPHA-08-051,55,Male,The Disillusioned Artist,56.4340,0.4548,0.8311,0.6537,0.4543,0.9449,0.1456,0.2126,0.4284,0.4565,0.7990
ALPHA-69-360,23,Female,The Community Builder,60.2607,0.7241,0.3196,0.7061,0.2702,0.7814,0.4940,0.4416,0.3727,0.9675,0.5996
ALPHA-85-028,47,Male,The Cautious Observer,65.0024,0.3848,0.6701,0.6111,0.2047,0.8293,0.6912,0.7193,0.2378,0.1934,0.8904
ALPHA-05-344,74,Female,The Stoic Engineer,64.4368,0.5198,0.2985,0.2679,0.8923,0.8903,0.7550,0.8336,0.7793,0.3865,0.4704
ALPHA-72-017,51,Female,The Idealistic Activist,56.9814,0.7811,0.7670,0.9057,0.4263,0.8162,0.2922,0.4538,0.2397,0.8785,0.3273
ALPHA-56-045,56,Female,The Disillusioned Artist,60.3794,0.1762,0.5703,0.6559,0.2936,0.7194,0.3597,0.4897,0.8914,0.3231,0.8606
ALPHA-96-410,27,Female,The Idealistic Activist,51.8019,0.6395,0.6666,0.7680,0.8360,0.3769,0.1599,0.4477,0.3907,0.6668,0.3202
ALPHA-54-887,44,Male,The Stoic Engineer,58.3524,0.6362,0.3304,0.1570,0.5183,0.7972,0.6154,0.7345,0.8427,0.1533,0.1696
ALPHA-48-063,46,Male,The Community Builder,75.4041,0.8861,0.3782,0.7875,0.5968,0.1558,0.6680,0.8956,0.3116,0.9544,0.5599
ALPHA-76-018,16,Male,The Community Builder,69.3948,0.8696,0.2734,0.7857,0.5754,0.7190,0.6833,0.5556,0.4619,0.7802,0.6107
ALPHA-81-220,31,Female,The Community Builder,68.9386,0.8670,0.2289,0.7205,0.8331,0.7673,0.4372,0.4842,0.2982,0.7385,0.7028
ALPHA-69-660,35,Female,The Community Builder,70.3232,0.8477,0.6793,0.7339,0.3791,0.7096,0.5625,0.4719,0.4280,0.8711,0.7153
ALPHA-31-582,72,Male,The Ambitious Entrepreneur,37.7942,0.5729,0.4800,0.2171,0.7180,0.6406,0.3048,0.1502,0.8593,0.6715,0.2218
ALPHA-70-239,36,Male,The Community Builder,62.5725,0.7617,0.7857,0.7336,0.3544,0.3393,0.4395,0.4691,0.5635,0.9302,0.6856
ALPHA-86-873,50,Female,The Idealistic Activist,56.8167,0.5680,0.3184,0.8774,0.3230,0.2648,0.1947,0.4574,0.8904,0.6092,0.6347
ALPHA-32-323,35,Female,The Stoic Engineer,68.7295,0.6208,0.4846,0.7514,0.5032,0.7139,0.8407,0.6559,0.8821,0.2147,0.4293
ALPHA-65-390,26,Female,The Disillusioned Artist,55.1858,0.4905,0.5103,0.7364,0.8687,0.8216,0.2505,0.3782,0.8235,0.4079,0.3841
ALPHA-14-259,31,Female,The Idealistic Activist,58.6025,0.7594,0.1559,0.9445,0.3411,0.6588,0.2129,0.4588,0.7619,0.6504,0.5037
ALPHA-37-839,50,Male,The Disillusioned Artist,54.9430,0.3982,0.5826,0.5004,0.2032,0.9426,0.3298,0.2750,0.5991,0.3556,0.7319
ALPHA-25-229,33,Male,The Idealistic Activist,59.6892,0.8447,0.8618,0.7290,0.8670,0.4918,0.1619,0.4190,0.1654,0.9276,0.3951
ALPHA-13-723,36,Female,The Ambitious Entrepreneur,55.0122,0.2166,0.7027,0.8568,0.8677,0.3556,0.4839,0.3606,0.8392,0.6528,0.4864
ALPHA-41-014,52,Male,The Ambitious Entrepreneur,52.4542,0.4540,0.4609,0.1730,0.8981,0.3507,0.5543,0.2438,0.6730,0.6189,0.5782
ALPHA-70-326,42,Female,The Community Builder,67.9841,0.6387,0.4724,0.9755,0.3792,0.5762,0.4359,0.6401,0.3789,0.9085,0.5220
ALPHA-90-353,47,Female,The Cautious Observer,55.9792,0.2741,0.6960,0.4813,0.4382,0.5924,0.7731,0.7823,0.4881,0.3202,0.1725
ALPHA-57-502,26,Female,The Community Builder,75.7169,0.7000,0.3846,0.8988,0.3119,0.6852,0.5649,0.7127,0.1987,0.8173,0.8336
ALPHA-62-835,57,Male,The Disillusioned Artist,45.8698,0.4713,0.8637,0.4772,0.3987,0.8348,0.2818,0.3144,0.6146,0.5149,0.4496
ALPHA-52-615,20,Female,The Ambitious Entrepreneur,46.4137,0.2950,0.2532,0.1614,0.8800,0.5756,0.4037,0.1822,0.7643,0.5568,0.4330
ALPHA-09-800,47,Male,The Stoic Engineer,64.0944,0.3713,0.3089,0.2267,0.2694,0.7860,0.6713,0.8037,0.7320,0.1083,0.6178
ALPHA-12-065,40,Female,The Idealistic Activist,63.1469,0.8287,0.4178,0.8885,0.7168,0.4284,0.4003,0.3970,0.4311,0.6938,0.4627
ALPHA-51-801,63,Female,The Ambitious Entrepreneur,51.0807,0.4933,0.1855,0.3807,0.9818,0.1912,0.5276,0.2721,0.8706,0.8282,0.5734
ALPHA-03-748,23,Female,The Disillusioned Artist,53.7787,0.2791,0.5823,0.4474,0.7187,0.8881,0.3331,0.3803,0.8957,0.4968,0.7731
ALPHA-64-601,43,Female,The Idealistic Activist,60.1083,0.7077,0.1482,0.7853,0.1371,0.3250,0.2739,0.4281,0.6183,0.7594,0.6197
ALPHA-56-186,41,Female,The Disillusioned Artist,42.6623,0.4634,0.6360,0.5155,0.4330,0.9777,0.1489,0.3986,0.3385,0.2950,0.1658
ALPHA-30-186,33,Male,The Disillusioned Artist,52.4698,0.4819,0.8271,0.5298,0.2635,0.7129,0.3659,0.3496,0.2313,0.2056,0.1499
ALPHA-96-548,60,Male,The Stoic Engineer,60.8577,0.6113,0.3806,0.2324,0.2839,0.9208,0.7203,0.7319,0.9749,0.3555,0.5429
ALPHA-09-422,36,Male,The Cautious Observer,67.8430,0.4287,0.7193,0.7110,0.6309,0.1827,0.8710,0.8296,0.8274,0.1416,0.1056
ALPHA-41-892,52,Female,The Ambitious Entrepreneur,55.2609,0.4448,0.3169,0.5680,0.9840,0.7345,0.4596,0.1723,0.6758,0.5987,0.8888
ALPHA-34-676,35,Female,The Disillusioned Artist,43.5311,0.4923,0.6363,0.4202,0.2539,0.8647,0.3290,0.2352,0.8990,0.3396,0.1845
ALPHA-17-658,53,Male,The Cautious Observer,54.5582,0.3873,0.8971,0.3280,0.3874,0.6709,0.8716,0.8190,0.6448,0.2451,0.2161
ALPHA-47-423,27,Female,The Idealistic Activist,58.7004,0.6026,0.8669,0.8512,0.1122,0.8083,0.3996,0.4236,0.8734,0.6489,0.5087
ALPHA-27-205,39,Male,The Disillusioned Artist,50.6554,0.4866,0.8472,0.6293,0.6172,0.7124,0.2138,0.5664,0.7196,0.2481,0.1444
ALPHA-64-425,34,Female,The Community Builder,77.0672,0.8983,0.3365,0.9886,0.3455,0.5516,0.7989,0.2156,0.3405,0.8246,0.6941
ALPHA-34-815,52,Male,The Ambitious Entrepreneur,53.0681,0.3190,0.4224,0.5019,0.8100,0.2198,0.3149,0.2927,0.8012,0.7569,0.7899
ALPHA-95-667,50,Female,The Stoic Engineer,51.1052,0.3746,0.4107,0.4124,0.2751,0.9348,0.6054,0.5588,0.8001,0.3261,0.4360
ALPHA-42-451,42,Female,The Community Builder,65.2091,0.8325,0.6008,0.9335,0.1650,0.7887,0.4246,0.2656,0.2972,0.7449,0.5156
ALPHA-11-476,57,Male,The Ambitious Entrepreneur,48.1390,0.1019,0.5978,0.8132,0.8405,0.2002,0.3575,0.2884,0.7863,0.7388,0.4570
ALPHA-78-412,50,Female,The Disillusioned Artist,42.1254,0.1694,0.6283,0.5946,0.1697,0.7124,0.2127,0.2589,0.8453,0.2026,0.5187
ALPHA-77-401,37,Female,The Idealistic Activist,64.4362,0.6453,0.2728,0.9759,0.4768,0.6519,0.3941,0.2438,0.7361,0.8744,0.4675
ALPHA-11-772,65,Female,The Stoic Engineer,67.9286,0.4865,0.2969,0.6758,0.7130,0.8420,0.9085,0.5326,0.7585,0.3220,0.5129
ALPHA-25-804,62,Male,The Disillusioned Artist,52.1405,0.3976,0.5543,0.6008,0.1859,0.9484,0.3569,0.2931,0.8983,0.2465,0.5220
ALPHA-07-870,67,Male,The Community Builder,78.3287,0.9213,0.3748,0.8048,0.7988,0.2689,0.5611,0.6956,0.1874,0.7757,0.8997
ALPHA-53-628,32,Female,The Cautious Observer,61.1193,0.2371,0.7182,0.5287,0.3144,0.7849,0.6711,0.9008,0.6875,0.1893,0.6671
ALPHA-19-542,30,Female,The Stoic Engineer,65.2427,0.4670,0.3029,0.8578,0.7829,0.6086,0.6409,0.8272,0.8350,0.2012,0.3012
ALPHA-57-622,37,Female,The Disillusioned Artist,61.3498,0.2844,0.6159,0.7771,0.7028,0.8642,0.3978,0.4886,0.7982,0.5025,0.6355
ALPHA-76-555,41,Female,The Ambitious Entrepreneur,57.5842,0.5047,0.8869,0.2238,0.9238,0.6648,0.4411,0.1847,0.7075,0.5589,0.8686
ALPHA-19-656,49,Female,The Cautious Observer,59.4765,0.3589,0.7236,0.2206,0.1971,0.4188,0.8971,0.9543,0.4522,0.3584,0.1212
ALPHA-81-338,20,Male,The Community Builder,72.4193,0.6172,0.8498,0.9521,0.5782,0.3170,0.7103,0.1175,0.4679,0.8731,0.8921
ALPHA-47-486,57,Female,The Community Builder,81.8604,0.8694,0.5597,0.9813,0.4383,0.1893,0.6523,0.5707,0.4013,0.8329,0.8755
ALPHA-03-428,34,Female,The Community Builder,71.8074,0.7535,0.4990,0.7354,0.1552,0.6949,0.6927,0.1882,0.6818,0.8081,0.8751
ALPHA-35-435,39,Male,The Ambitious Entrepreneur,58.1880,0.1412,0.7005,0.4826,0.7533,0.5422,0.6420,0.1864,0.8899,0.6617,0.8016
ALPHA-29-467,31,Male,The Disillusioned Artist,43.0265,0.1973,0.5034,0.6885,0.8194,0.8430,0.1347,0.3745,0.8514,0.2306,0.2715
ALPHA-52-177,16,Male,The Stoic Engineer,66.1192,0.5394,0.4867,0.8248,0.2179,0.6464,0.8742,0.6841,0.8843,0.1504,0.1540
ALPHA-57-773,61,Female,The Disillusioned Artist,66.1969,0.3735,0.7331,0.7686,0.5093,0.7554,0.3454,0.3740,0.7037,0.4478,0.8960
ALPHA-81-781,32,Female,The Stoic Engineer,51.5360,0.6771,0.4352,0.1987,0.4424,0.7475,0.7343,0.6040,0.9401,0.2119,0.1977
ALPHA-64-192,26,Male,The Community Builder,74.2995,0.9110,0.3695,0.8479,0.7767,0.6463,0.7598,0.3973,0.3791,0.7886,0.6730
ALPHA-69-321,31,Female,The Stoic Engineer,64.5785,0.5642,0.2884,0.7601,0.1782,0.9053,0.9090,0.7234,0.9406,0.3570,0.2176
ALPHA-71-039,51,Female,The Idealistic Activist,60.4848,0.5906,0.7686,0.8055,0.4495,0.3883,0.2520,0.2273,0.4892,0.6131,0.7415
ALPHA-20-692,56,Female,The Cautious Observer,66.4318,0.2259,0.6876,0.7866,0.1799,0.1944,0.7827,0.9083,0.8897,0.1078,0.6763
ALPHA-46-722,50,Female,The Idealistic Activist,56.8014,0.6573,0.6257,0.9051,0.5600,0.6951,0.3683,0.4745,0.1291,0.8471,0.3163
ALPHA-74-205,52,Male,The Idealistic Activist,58.8475,0.6614,0.6563,0.7415,0.1133,0.4315,0.2584,0.4768,0.1523,0.7300,0.3966
ALPHA-41-292,52,Male,The Ambitious Entrepreneur,51.0259,0.3282,0.7301,0.5365,0.8555,0.3909,0.3608,0.2658,0.9400,0.5958,0.7183
ALPHA-46-283,46,Female,The Idealistic Activist,61.5560,0.5674,0.4558,0.8161,0.8795,0.7396,0.1318,0.3403,0.6525,0.6545,0.6547
ALPHA-29-255,43,Male,The Cautious Observer,65.4259,0.2837,0.6855,0.6204,0.4881,0.2398,0.7472,0.8110,0.6433,0.2222,0.6928
ALPHA-41-700,16,Female,The Disillusioned Artist,41.8953,0.1761,0.8922,0.7357,0.6126,0.7971,0.1412,0.2611,0.8072,0.4946,0.1785
ALPHA-37-375,27,Female,The Idealistic Activist,63.9951,0.8937,0.6089,0.8302,0.3158,0.3531,0.4259,0.4376,0.6606,0.6331,0.1299
ALPHA-74-932,45,Female,The Stoic Engineer,52.4703,0.4893,0.2658,0.1799,0.1693,0.7333,0.6857,0.5149,0.9617,0.3130,0.2101
ALPHA-29-597,52,Female,The Idealistic Activist,71.6505,0.7390,0.8196,0.9286,0.8103,0.7284,0.2949,0.4709,0.1127,0.6982,0.7001
ALPHA-01-426,16,Male,The Ambitious Entrepreneur,56.5041,0.5170,0.1349,0.5510,0.7476,0.6817,0.4383,0.1620,0.7939,0.6122,0.6911
ALPHA-67-575,40,Male,The Disillusioned Artist,51.4600,0.4891,0.5009,0.6313,0.5354,0.8110,0.1362,0.5957,0.6172,0.5738,0.4057
ALPHA-37-349,62,Male,The Stoic Engineer,55.9001,0.4204,0.3410,0.1729,0.5089,0.9371,0.7837,0.6190,0.7849,0.3783,0.5706
ALPHA-26-915,52,Female,The Stoic Engineer,67.6794,0.6310,0.3319,0.4231,0.3580,0.8874,0.8537,0.6479,0.9510,0.3891,0.7807
ALPHA-73-310,50,Male,The Disillusioned Artist,55.2851,0.4023,0.7929,0.4124,0.2530,0.7197,0.1865,0.2841,0.2481,0.4457,0.8275
ALPHA-17-108,54,Female,The Cautious Observer,65.8579,0.3730,0.8219,0.4977,0.6675,0.1837,0.8829,0.7895,0.1953,0.2483,0.5925
ALPHA-65-332,40,Female,The Stoic Engineer,58.7394,0.5745,0.3404,0.2140,0.1557,0.8230,0.7328,0.8716,0.8401,0.2241,0.5047
ALPHA-60-584,23,Female,The Stoic Engineer,65.5090,0.6548,0.3693,0.3020,0.6633,0.6691,0.7172,0.8424,0.8285,0.1914,0.6352
ALPHA-83-678,37,Female,The Idealistic Activist,56.4707,0.6914,0.1213,0.8642,0.1375,0.8057,0.2384,0.4393,0.5104,0.6229,0.4285
ALPHA-10-931,25,Male,The Ambitious Entrepreneur,47.4048,0.5817,0.6224,0.1918,0.9231,0.2845,0.4906,0.1948,0.8723,0.8338,0.4085
ALPHA-86-022,26,Male,The Ambitious Entrepreneur,43.0758,0.4007,0.4845,0.1923,0.7953,0.4529,0.5186,0.1745,0.6396,0.8744,0.1795
ALPHA-27-467,17,Male,The Community Builder,68.9742,0.7470,0.7095,0.7539,0.1772,0.1969,0.4112,0.3957,0.3229,0.9060,0.8638
ALPHA-20-974,46,Female,The Cautious Observer,52.9166,0.2022,0.8319,0.3050,0.3475,0.8821,0.6951,0.7338,0.5535,0.2064,0.3632
ALPHA-43-516,53,Female,The Ambitious Entrepreneur,48.0493,0.5220,0.4192,0.1042,0.7280,0.7320,0.4846,0.3192,0.6322,0.7219,0.3237
ALPHA-49-103,48,Male,The Community Builder,76.1596,0.6991,0.8089,0.7030,0.3931,0.7149,0.7246,0.6658,0.4477,0.9678,0.8449
ALPHA-82-727,53,Female,The Community Builder,78.3668,0.6326,0.5626,0.9331,0.5535,0.5838,0.4429,0.8998,0.4026,0.7867,0.8660
ALPHA-88-870,63,Female,The Disillusioned Artist,47.5152,0.1749,0.7006,0.4799,0.6960,0.9076,0.1055,0.5074,0.1178,0.2764,0.3294
ALPHA-56-760,26,Female,The Stoic Engineer,73.4454,0.4165,0.3607,0.8748,0.5432,0.6663,0.6595,0.7743,0.9890,0.3773,0.5459
ALPHA-79-035,46,Female,The Idealistic Activist,62.9379,0.6569,0.6699,0.8782,0.3325,0.2183,0.3797,0.2888,0.3307,0.6478,0.7820
ALPHA-05-211,27,Female,The Cautious Observer,69.5588,0.2869,0.8923,0.6054,0.1822,0.1639,0.7231,0.8742,0.6011,0.1053,0.8798
ALPHA-41-401,16,Female,The Idealistic Activist,51.1666,0.6887,0.3815,0.7384,0.7375,0.1424,0.2177,0.2436,0.3412,0.8314,0.1064
ALPHA-05-764,55,Male,The Ambitious Entrepreneur,67.2826,0.7774,0.4252,0.7701,0.7659,0.6070,0.5341,0.2607,0.7506,0.7517,0.5411
ALPHA-90-654,46,Male,The Ambitious Entrepreneur,45.1124,0.3425,0.4290,0.1367,0.9291,0.7208,0.4762,0.3147,0.9147,0.6326,0.3960
ALPHA-71-164,33,Female,The Stoic Engineer,69.0735,0.5965,0.3159,0.3293,0.3957,0.6933,0.7277,0.5518,0.7341,0.1155,0.7513
ALPHA-02-051,19,Male,The Idealistic Activist,60.7202,0.7154,0.7814,0.7843,0.2437,0.3742,0.3568,0.4863,0.5735,0.8717,0.1960
ALPHA-74-749,32,Female,The Ambitious Entrepreneur,52.3248,0.5211,0.5163,0.5307,0.8986,0.6593,0.4526,0.3212,0.6709,0.5072,0.2878
ALPHA-79-454,40,Female,The Idealistic Activist,61.9755,0.6779,0.6865,0.8856,0.4901,0.6495,0.1567,0.2857,0.7708,0.6429,0.6767
ALPHA-89-082,62,Male,The Stoic Engineer,57.3216,0.6414,0.3202,0.1489,0.1747,0.6884,0.8119,0.6187,0.7391,0.2047,0.1747
ALPHA-77-019,53,Female,The Idealistic Activist,57.1728,0.8601,0.7085,0.7077,0.3817,0.2788,0.4022,0.2517,0.6106,0.8961,0.1548
ALPHA-28-153,57,Female,The Community Builder,64.6610,0.9166,0.5729,0.7187,0.2784,0.1119,0.5084,0.2258,0.3077,0.8592,0.7081
ALPHA-10-325,50,Female,The Idealistic Activist,56.4310,0.8016,0.3922,0.8136,0.4829,0.2453,0.4558,0.3036,0.2010,0.7430,0.2877
ALPHA-16-320,66,Male,The Idealistic Activist,56.3998,0.8061,0.2895,0.7285,0.8830,0.7183,0.2024,0.3700,0.1462,0.6103,0.1076
ALPHA-98-114,51,Female,The Cautious Observer,63.4499,0.2166,0.8038,0.6623,0.1335,0.1702,0.8860,0.9793,0.8916,0.1096,0.3406
ALPHA-46-861,24,Female,The Ambitious Entrepreneur,57.7247,0.7987,0.6384,0.3508,0.9545,0.8446,0.6483,0.1512,0.8046,0.8077,0.2842
ALPHA-72-310,61,Male,The Ambitious Entrepreneur,63.7680,0.8858,0.3969,0.7414,0.8507,0.6821,0.6023,0.1411,0.7339,0.6420,0.6297
ALPHA-62-874,36,Female,The Ambitious Entrepreneur,54.2747,0.1572,0.2579,0.8310,0.8909,0.3001,0.4680,0.1933,0.7260,0.6315,0.5853
ALPHA-86-136,22,Male,The Ambitious Entrepreneur,62.4917,0.6983,0.5437,0.8643,0.9765,0.2318,0.6101,0.2370,0.7202,0.6215,0.3500
ALPHA-82-275,51,Male,The Community Builder,69.2870,0.6533,0.3340,0.7309,0.7103,0.4263,0.4242,0.6339,0.1694,0.7127,0.7063
ALPHA-94-316,38,Female,The Disillusioned Artist,49.0823,0.1244,0.7540,0.6788,0.5009,0.7797,0.1712,0.5654,0.4006,0.5392,0.6675
ALPHA-23-664,45,Male,The Stoic Engineer,66.1678,0.3621,0.3169,0.4993,0.6733,0.8981,0.9183,0.7527,0.8394,0.1009,0.8314
ALPHA-53-057,29,Male,The Idealistic Activist,63.6334,0.8614,0.5437,0.9443,0.8476,0.5842,0.2263,0.3218,0.3490,0.8053,0.7525
ALPHA-14-924,39,Female,The Disillusioned Artist,53.7035,0.4980,0.5748,0.4400,0.4923,0.8418,0.1285,0.4096,0.1946,0.4864,0.7122
ALPHA-26-483,38,Female,The Ambitious Entrepreneur,56.1054,0.1912,0.6670,0.8607,0.7507,0.4785,0.3472,0.3332,0.6669,0.5816,0.8091
ALPHA-29-799,55,Female,The Community Builder,65.4194,0.7468,0.6972,0.9727,0.6242,0.6956,0.5415,0.1527,0.7455,0.9268,0.5386
ALPHA-48-766,18,Male,The Cautious Observer,58.4768,0.4738,0.9121,0.4323,0.2841,0.8652,0.7181,0.7104,0.6949,0.3272,0.5433
ALPHA-33-127,83,Female,The Idealistic Activist,53.5977,0.8040,0.6743,0.8568,0.4609,0.2937,0.2638,0.2178,0.1167,0.8274,0.4065
ALPHA-07-985,26,Female,The Stoic Engineer,75.2178,0.5462,0.2909,0.6926,0.8898,0.6307,0.9023,0.6868,0.9296,0.2557,0.5818
ALPHA-74-486,33,Female,The Disillusioned Artist,60.5691,0.4366,0.6344,0.6056,0.1024,0.7525,0.3438,0.3060,0.3739,0.5768,0.8086
ALPHA-69-486,33,Male,The Cautious Observer,64.4979,0.3634,0.8859,0.6615,0.4226,0.2713,0.6743,0.7085,0.5683,0.2392,0.7082
ALPHA-98-807,16,Female,The Stoic Engineer,65.2087,0.6926,0.3829,0.4618,0.4632,0.8883,0.7783,0.7324,0.7269,0.1976,0.3205
ALPHA-86-227,39,Female,The Community Builder,74.3883,0.7698,0.8537,0.9553,0.4519,0.5015,0.4952,0.6331,0.5311,0.8252,0.5037
ALPHA-63-528,60,Female,The Cautious Observer,69.6885,0.4468,0.8105,0.5371,0.5904,0.2212,0.6608,0.9763,0.6778,0.3552,0.7925
ALPHA-80-276,49,Female,The Community Builder,70.7971,0.7161,0.3476,0.9807,0.5731,0.8889,0.4611,0.6509,0.5689,0.9239,0.5670
ALPHA-93-487,29,Female,The Cautious Observer,69.9853,0.2073,0.7251,0.8924,0.3698,0.5894,0.7837,0.8866,0.8872,0.3746,0.4803
ALPHA-22-971,42,Female,The Ambitious Entrepreneur,58.3170,0.6040,0.1892,0.4014,0.7416,0.2544,0.3468,0.1989,0.6113,0.5829,0.7322
ALPHA-71-583,62,Male,The Idealistic Activist,63.2566,0.7205,0.8432,0.8145,0.5699,0.6983,0.4049,0.4016,0.7924,0.7613,0.5068
ALPHA-45-062,55,Female,The Ambitious Entrepreneur,68.8143,0.6366,0.3617,0.8220,0.7681,0.4125,0.5155,0.3546,0.8292,0.5364,0.8581
ALPHA-48-014,37,Female,The Community Builder,72.1984,0.8615,0.2544,0.9698,0.8196,0.3986,0.4557,0.2154,0.3497,0.9379,0.7598
ALPHA-58-206,84,Male,The Cautious Observer,68.5349,0.3854,0.8870,0.4463,0.8272,0.7348,0.8240,0.8211,0.7868,0.1006,0.8979
ALPHA-24-210,29,Female,The Disillusioned Artist,49.5028,0.3463,0.8651,0.7969,0.2205,0.8833,0.3077,0.2261,0.5978,0.3293,0.4948
ALPHA-11-786,62,Male,The Idealistic Activist,60.5193,0.8343,0.5171,0.7031,0.5467,0.3876,0.1403,0.3765,0.3776,0.6110,0.3374
ALPHA-60-639,68,Female,The Stoic Engineer,62.6734,0.5354,0.4454,0.2559,0.7494,0.7166,0.7203,0.8282,0.9025,0.1349,0.4760
ALPHA-45-258,35,Male,The Stoic Engineer,64.9210,0.3536,0.4496,0.1171,0.5151,0.8942,0.7785,0.8501,0.7665,0.2439,0.8419
ALPHA-07-404,32,Male,The Stoic Engineer,65.5380,0.4367,0.2220,0.6575,0.1321,0.7719,0.6090,0.5542,0.8845,0.2150,0.6670
ALPHA-48-459,21,Female,The Idealistic Activist,55.2095,0.8701,0.1905,0.9195,0.7726,0.2749,0.1046,0.4221,0.1935,0.9181,0.2823
ALPHA-44-931,33,Male,The Ambitious Entrepreneur,54.0940,0.6248,0.1662,0.7371,0.7740,0.3111,0.4262,0.2962,0.8788,0.8300,0.3385
ALPHA-60-664,84,Female,The Disillusioned Artist,48.6044,0.1458,0.6604,0.4325,0.2963,0.8883,0.3412,0.2962,0.7661,0.4403,0.6175
ALPHA-33-492,34,Male,The Disillusioned Artist,47.9091,0.1651,0.8600,0.4661,0.6981,0.9138,0.1169,0.3328,0.4781,0.5472,0.8701
ALPHA-14-877,46,Male,The Idealistic Activist,66.8660,0.8858,0.1186,0.8134,0.4797,0.7028,0.2325,0.4485,0.1844,0.8237,0.7690
ALPHA-77-451,67,Male,The Community Builder,57.9906,0.7038,0.3821,0.7207,0.3911,0.3053,0.4289,0.4010,0.1215,0.8114,0.5523
ALPHA-83-241,33,Female,The Ambitious Entrepreneur,55.6902,0.6425,0.6609,0.7663,0.9147,0.7538,0.5683,0.1971,0.7948,0.6726,0.2674
ALPHA-52-494,59,Male,The Disillusioned Artist,53.5608,0.3132,0.7048,0.5968,0.1611,0.8802,0.3556,0.2461,0.2096,0.5732,0.4348
ALPHA-03-549,26,Male,The Cautious Observer,62.0869,0.3211,0.6680,0.5333,0.7633,0.2403,0.7424,0.7624,0.5743,0.3725,0.2608
ALPHA-11-919,43,Female,The Disillusioned Artist,45.9382,0.2024,0.5923,0.5498,0.4927,0.8796,0.3198,0.5363,0.3658,0.4807,0.4357
ALPHA-21-085,57,Male,The Disillusioned Artist,50.0191,0.1051,0.6243,0.4910,0.5561,0.8851,0.1458,0.5070,0.6353,0.5392,0.8938
ALPHA-91-499,27,Male,The Stoic Engineer,66.6811,0.4535,0.3497,0.4518,0.8165,0.6782,0.9049,0.8430,0.8299,0.2909,0.2907
ALPHA-97-963,55,Female,The Stoic Engineer,56.5414,0.3361,0.3419,0.5669,0.2718,0.8180,0.7745,0.7265,0.8709,0.2646,0.1954
ALPHA-13-441,38,Male,The Community Builder,65.9277,0.6104,0.7758,0.9466,0.7694,0.1696,0.5920,0.5834,0.3752,0.7619,0.6067
ALPHA-14-564,41,Female,The Stoic Engineer,76.1437,0.4184,0.2375,0.7694,0.3858,0.8468,0.8770,0.6737,0.7146,0.2855,0.8629
ALPHA-63-223,55,Male,The Disillusioned Artist,48.6102,0.1941,0.7574,0.6325,0.7864,0.7228,0.1368,0.3675,0.6375,0.4906,0.2881
ALPHA-26-919,56,Female,The Ambitious Entrepreneur,58.8007,0.5230,0.7866,0.8612,0.7889,0.1214,0.3242,0.2266,0.7530,0.8159,0.4535
ALPHA-95-438,43,Male,The Ambitious Entrepreneur,53.0384,0.6899,0.1893,0.6415,0.7908,0.6373,0.3695,0.1753,0.8407,0.8924,0.5311
ALPHA-15-806,33,Male,The Disillusioned Artist,47.8977,0.2472,0.6081,0.5665,0.3408,0.7172,0.3323,0.2108,0.6226,0.4523,0.3961
ALPHA-77-648,40,Male,The Stoic Engineer,59.3052,0.3038,0.3073,0.1378,0.4825,0.6916,0.8721,0.8969,0.8322,0.1804,0.4956
ALPHA-59-200,22,Male,The Community Builder,75.5075,0.7815,0.1465,0.8543,0.4875,0.4922,0.7118,0.6196,0.7830,0.7585,0.5801
ALPHA-40-040,51,Female,The Disillusioned Artist,65.0600,0.4736,0.5126,0.7252,0.7720,0.8896,0.3743,0.3818,0.3393,0.5289,0.7932
ALPHA-66-048,48,Male,The Stoic Engineer,68.3899,0.6332,0.3880,0.4392,0.8350,0.8129,0.8634,0.7418,0.7541,0.3964,0.2609
ALPHA-97-003,56,Female,The Community Builder,66.0836,0.9024,0.6512,0.7277,0.1802,0.8771,0.6741,0.5213,0.2419,0.9530,0.5030
ALPHA-60-830,19,Female,The Cautious Observer,66.2334,0.4567,0.6521,0.8576,0.8747,0.1749,0.6402,0.7613,0.5889,0.2285,0.2459
ALPHA-12-379,24,Male,The Idealistic Activist,61.6700,0.5852,0.6411,0.7893,0.8953,0.7453,0.3678,0.2329,0.7954,0.6204,0.6187
ALPHA-09-871,22,Male,The Idealistic Activist,58.0684,0.7057,0.1899,0.9124,0.6234,0.7545,0.3090,0.3640,0.5800,0.8396,0.4656
ALPHA-31-813,42,Female,The Disillusioned Artist,52.0527,0.1717,0.6902,0.6242,0.5853,0.7017,0.3602,0.4457,0.7389,0.2347,0.4671
ALPHA-99-180,16,Male,The Idealistic Activist,66.2189,0.6497,0.2347,0.9502,0.6097,0.3042,0.3316,0.3745,0.1393,0.6680,0.5063
ALPHA-81-193,45,Male,The Disillusioned Artist,55.2560,0.1371,0.7232,0.6887,0.2486,0.7557,0.3961,0.5666,0.7455,0.4037,0.6954
ALPHA-31-729,45,Female,The Stoic Engineer,73.8184,0.5599,0.3098,0.5510,0.2367,0.8935,0.8737,0.7603,0.8569,0.2069,0.8371
ALPHA-04-913,55,Male,The Ambitious Entrepreneur,50.3958,0.3137,0.4540,0.5846,0.7209,0.6166,0.5533,0.2550,0.6642,0.6395,0.6465
ALPHA-16-203,28,Female,The Cautious Observer,66.9090,0.4636,0.6458,0.8227,0.1061,0.1828,0.6396,0.8764,0.4127,0.2522,0.1010
ALPHA-79-908,63,Female,The Cautious Observer,59.2393,0.3120,0.7139,0.4680,0.1788,0.5109,0.8579,0.7854,0.8408,0.3826,0.3860
ALPHA-19-584,24,Male,The Idealistic Activist,57.9596,0.8480,0.7721,0.8846,0.7624,0.3277,0.3393,0.2307,0.2533,0.7744,0.3695
ALPHA-99-813,54,Male,The Community Builder,71.7797,0.8066,0.8985,0.8269,0.6376,0.3806,0.7141,0.3947,0.3171,0.9434,0.5089
ALPHA-90-022,49,Female,The Cautious Observer,73.1380,0.4519,0.6581,0.8299,0.4475,0.3856,0.8483,0.7813,0.6149,0.2024,0.4557
ALPHA-54-686,24,Male,The Disillusioned Artist,44.5557,0.1118,0.8383,0.7048,0.6355,0.8263,0.1444,0.5954,0.6745,0.4753,0.2361
ALPHA-32-685,40,Male,The Ambitious Entrepreneur,48.4388,0.5867,0.1418,0.4895,0.9796,0.2016,0.3297,0.1668,0.6187,0.7222,0.1552
ALPHA-93-145,33,Male,The Idealistic Activist,66.5902,0.8827,0.4391,0.9805,0.4683,0.2547,0.2517,0.4941,0.5793,0.6613,0.2314
ALPHA-65-073,21,Male,The Disillusioned Artist,55.9382,0.1770,0.8550,0.7056,0.5086,0.7448,0.3724,0.4287,0.5568,0.2470,0.8034
ALPHA-48-952,56,Male,The Ambitious Entrepreneur,48.7455,0.4621,0.6823,0.7748,0.9079,0.7616,0.3592,0.1534,0.7748,0.8448,0.3472
ALPHA-93-302,55,Male,The Disillusioned Artist,54.8544,0.3943,0.5498,0.5954,0.1147,0.9537,0.1631,0.5747,0.2577,0.2098,0.5071
ALPHA-33-360,22,Female,The Idealistic Activist,67.0472,0.7809,0.4464,0.8652,0.6620,0.1818,0.3033,0.4935,0.2958,0.6359,0.6178
ALPHA-51-648,48,Male,The Idealistic Activist,57.2313,0.7700,0.1315,0.7990,0.6460,0.7417,0.1292,0.4953,0.2424,0.8152,0.1464
ALPHA-48-591,77,Female,The Disillusioned Artist,57.0417,0.4988,0.8414,0.6409,0.4892,0.8393,0.3546,0.5211,0.7475,0.2370,0.6086
ALPHA-10-054,16,Male,The Idealistic Activist,59.3316,0.8002,0.6812,0.8061,0.6899,0.7905,0.3828,0.3486,0.7916,0.9358,0.2322
ALPHA-49-991,54,Male,The Cautious Observer,68.3833,0.4678,0.8046,0.8899,0.5397,0.6393,0.7305,0.9713,0.3507,0.2465,0.2121
ALPHA-11-337,63,Male,The Stoic Engineer,72.1752,0.4864,0.2381,0.6612,0.2415,0.6032,0.8597,0.7764,0.9029,0.1789,0.4062
ALPHA-26-027,29,Male,The Idealistic Activist,58.8483,0.6542,0.2026,0.9795,0.8522,0.4589,0.1609,0.4713,0.5397,0.7740,0.1817
ALPHA-79-184,16,Male,The Disillusioned Artist,56.1008,0.3862,0.8463,0.7793,0.2028,0.8367,0.3158,0.4231,0.2071,0.4785,0.6645
ALPHA-25-430,51,Male,The Idealistic Activist,54.0381,0.8242,0.5906,0.7354,0.1690,0.2148,0.3170,0.2729,0.8215,0.8831,0.3287
ALPHA-40-220,22,Female,The Community Builder,65.6694,0.7928,0.1768,0.7215,0.6306,0.2416,0.7692,0.4100,0.8926,0.7242,0.6249
ALPHA-34-401,33,Female,The Stoic Engineer,70.9270,0.3318,0.4959,0.3833,0.6438,0.6395,0.8311,0.8553,0.7571,0.3060,0.8325
ALPHA-91-146,37,Female,The Cautious Observer,66.2890,0.2425,0.6433,0.7322,0.2828,0.1108,0.6906,0.9076,0.7166,0.2539,0.4386
ALPHA-97-850,60,Male,The Idealistic Activist,61.5381,0.8442,0.5924,0.9864,0.1541,0.8523,0.2508,0.4949,0.3206,0.6419,0.4966
ALPHA-87-906,43,Male,The Ambitious Entrepreneur,45.9055,0.7043,0.5960,0.5212,0.8035,0.7032,0.3927,0.1164,0.6799,0.7782,0.2716
ALPHA-81-320,43,Female,The Community Builder,64.8970,0.8185,0.5880,0.8404,0.4824,0.6331,0.5954,0.4798,0.5164,0.8460,0.5640
ALPHA-81-098,57,Female,The Cautious Observer,59.8940,0.3905,0.7504,0.2391,0.3596,0.6353,0.7049,0.8032,0.4553,0.1167,0.7079
ALPHA-19-959,51,Female,The Community Builder,73.6887,0.6784,0.1045,0.7855,0.5220,0.8629,0.7954,0.6767,0.4824,0.8919,0.6358
ALPHA-79-470,44,Male,The Cautious Observer,76.3136,0.2194,0.8048,0.8236,0.1440,0.6544,0.8630,0.9396,0.4924,0.1663,0.6187
ALPHA-73-682,41,Male,The Ambitious Entrepreneur,59.5444,0.8445,0.3614,0.6738,0.7942,0.1086,0.4312,0.3480,0.8360,0.8975,0.2315
ALPHA-18-288,29,Female,The Ambitious Entrepreneur,44.7637,0.1115,0.6341,0.6492,0.8159,0.6327,0.4198,0.1625,0.7085,0.5215,0.1461
ALPHA-08-845,28,Male,The Cautious Observer,65.1574,0.4200,0.6045,0.6885,0.1423,0.8457,0.6997,0.8790,0.3868,0.3685,0.4898
ALPHA-13-772,62,Female,The Ambitious Entrepreneur,55.7612,0.3611,0.2665,0.5560,0.8957,0.6450,0.5102,0.2067,0.6505,0.7008,0.5895
ALPHA-85-442,50,Female,The Disillusioned Artist,41.9532,0.2035,0.6357,0.7042,0.4929,0.7002,0.2695,0.3244,0.7895,0.3379,0.1442
ALPHA-50-857,62,Female,The Cautious Observer,62.1613,0.3499,0.7221,0.1762,0.3863,0.8425,0.8697,0.7065,0.3563,0.1801,0.4105
ALPHA-83-566,38,Female,The Community Builder,68.5748,0.7038,0.2056,0.8565,0.5264,0.4560,0.4055,0.8997,0.7969,0.9441,0.5375
ALPHA-22-848,40,Male,The Cautious Observer,68.7336,0.4972,0.7255,0.4022,0.8891,0.4748,0.8257,0.9373,0.7552,0.3025,0.3521
ALPHA-60-773,45,Female,The Ambitious Entrepreneur,57.0187,0.8149,0.4591,0.7049,0.7954,0.7163,0.6113,0.1592,0.8965,0.6243,0.3924
ALPHA-65-374,31,Male,The Ambitious Entrepreneur,49.9812,0.2633,0.4841,0.8224,0.7659,0.1163,0.5209,0.1889,0.6159,0.5457,0.5082
ALPHA-04-831,50,Female,The Cautious Observer,64.9361,0.4583,0.8225,0.7734,0.5720,0.8795,0.7287,0.9780,0.2472,0.3999,0.1608
ALPHA-04-608,52,Female,The Stoic Engineer,63.5275,0.4428,0.2997,0.6663,0.2931,0.7556,0.6142,0.5741,0.7035,0.3977,0.7742
ALPHA-70-345,36,Male,The Cautious Observer,68.3933,0.2610,0.6391,0.6549,0.1988,0.1602,0.6944,0.7839,0.6460,0.3340,0.6583
ALPHA-53-629,43,Female,The Community Builder,68.3230,0.9421,0.2487,0.9589,0.2542,0.3785,0.4339,0.3158,0.7549,0.9437,0.7369
ALPHA-92-068,26,Female,The Stoic Engineer,66.2786,0.5607,0.4836,0.5783,0.2950,0.9023,0.7958,0.6390,0.7159,0.1807,0.4038
ALPHA-36-216,53,Female,The Ambitious Entrepreneur,66.1561,0.8962,0.7537,0.7564,0.8988,0.6816,0.5842,0.3920,0.8446,0.5143,0.7607
ALPHA-71-686,72,Male,The Disillusioned Artist,47.9383,0.1510,0.6704,0.5401,0.4941,0.7818,0.1791,0.2326,0.7424,0.2755,0.5975
ALPHA-89-007,27,Female,The Community Builder,75.3438,0.7552,0.2994,0.9683,0.2586,0.8773,0.5211,0.4831,0.2726,0.7374,0.6374
ALPHA-04-690,21,Female,The Cautious Observer,71.9651,0.3062,0.6933,0.6791,0.7242,0.2475,0.8819,0.7079,0.2739,0.2611,0.6406
ALPHA-26-707,25,Female,The Community Builder,64.0595,0.7904,0.3072,0.9581,0.2181,0.5827,0.5083,0.4167,0.6104,0.8105,0.5693
ALPHA-82-277,51,Male,The Disillusioned Artist,44.2503,0.4091,0.8574,0.5958,0.8069,0.8649,0.1164,0.5071,0.4797,0.5895,0.2336
ALPHA-66-902,53,Female,The Stoic Engineer,61.9893,0.3308,0.4797,0.8083,0.3478,0.8017,0.7419,0.5098,0.7377,0.3857,0.2110
ALPHA-93-893,47,Female,The Ambitious Entrepreneur,66.6139,0.6374,0.1896,0.6562,0.9847,0.1218,0.6654,0.2283,0.9185,0.7242,0.6126
ALPHA-66-010,76,Male,The Community Builder,75.3509,0.8434,0.3528,0.9268,0.6080,0.8563,0.5557,0.8521,0.7271,0.8767,0.7210
ALPHA-90-169,70,Male,The Cautious Observer,62.2389,0.4857,0.6626,0.8632,0.4438,0.7922,0.6636,0.9524,0.7955,0.1089,0.1284
ALPHA-20-060,52,Female,The Stoic Engineer,71.8447,0.5047,0.4798,0.8638,0.4804,0.9151,0.6638,0.8451,0.8196,0.3421,0.3039
ALPHA-13-318,29,Male,The Idealistic Activist,57.1804,0.6082,0.3843,0.8575,0.3178,0.7162,0.2888,0.4370,0.4736,0.6062,0.1888
ALPHA-49-917,53,Male,The Community Builder,75.0933,0.7664,0.3402,0.7032,0.4885,0.6778,0.4562,0.7225,0.1684,0.9030,0.8115
ALPHA-78-544,50,Female,The Ambitious Entrepreneur,53.1045,0.5844,0.8192,0.6141,0.7089,0.7210,0.4103,0.2001,0.6310,0.7967,0.6192
ALPHA-57-346,42,Male,The Stoic Engineer,56.5088,0.5954,0.2542,0.1138,0.5247,0.6914,0.7332,0.6601,0.9851,0.3432,0.4904
ALPHA-92-453,38,Female,The Ambitious Entrepreneur,48.3567,0.5346,0.6905,0.1925,0.7283,0.4981,0.6517,0.2039,0.6168,0.8234,0.5078
ALPHA-78-282,37,Female,The Idealistic Activist,56.0302,0.7722,0.1383,0.9395,0.8156,0.2639,0.2103,0.2408,0.2796,0.9100,0.3797
ALPHA-53-664,56,Male,The Idealistic Activist,60.2703,0.8459,0.4627,0.8737,0.2693,0.3779,0.1419,0.2314,0.5797,0.7413,0.5751
ALPHA-59-735,59,Female,The Disillusioned Artist,49.0069,0.3831,0.8726,0.5797,0.2894,0.7880,0.2451,0.3104,0.4057,0.2357,0.5121
ALPHA-40-733,42,Male,The Idealistic Activist,62.9412,0.5871,0.1436,0.9232,0.6085,0.5789,0.2379,0.3222,0.1207,0.8466,0.5129
ALPHA-88-521,39,Male,The Idealistic Activist,66.0464,0.5066,0.1140,0.7128,0.3322,0.5592,0.4187,0.4670,0.4229,0.8372,0.8557
ALPHA-50-793,39,Female,The Ambitious Entrepreneur,54.2612,0.8954,0.6374,0.1870,0.7402,0.8785,0.4708,0.2607,0.6477,0.5039,0.2395
ALPHA-12-155,53,Female,The Stoic Engineer,62.5310,0.3683,0.2368,0.4476,0.4393,0.7993,0.7299,0.8016,0.8510,0.1339,0.6989
ALPHA-10-206,20,Female,The Ambitious Entrepreneur,56.1648,0.5323,0.1178,0.1510,0.9701,0.1599,0.5686,0.3712,0.7822,0.7990,0.6870
ALPHA-05-988,29,Male,The Community Builder,75.6133,0.7331,0.2521,0.9141,0.3776,0.4464,0.7510,0.7268,0.7868,0.7768,0.7104
ALPHA-03-530,42,Male,The Idealistic Activist,67.4142,0.8412,0.4610,0.8838,0.4644,0.5531,0.2789,0.3282,0.8915,0.7396,0.8290
ALPHA-07-430,24,Female,The Stoic Engineer,70.0691,0.6143,0.3057,0.7163,0.2609,0.9398,0.6969,0.8326,0.8095,0.2054,0.3072
ALPHA-81-954,42,Male,The Disillusioned Artist,49.2117,0.2899,0.5008,0.4099,0.3292,0.9533,0.3316,0.2704,0.4623,0.4739,0.5635
ALPHA-76-408,16,Male,The Cautious Observer,69.2937,0.3729,0.7713,0.6163,0.2472,0.7987,0.6353,0.8375,0.6272,0.3325,0.6977
ALPHA-95-309,44,Female,The Idealistic Activist,61.2019,0.8437,0.5464,0.8687,0.8257,0.3167,0.2958,0.3569,0.2207,0.9297,0.3338
ALPHA-11-967,79,Female,The Disillusioned Artist,49.9911,0.2973,0.6178,0.5522,0.3506,0.7411,0.3815,0.4414,0.4047,0.3710,0.4662
ALPHA-37-887,28,Female,The Cautious Observer,55.3460,0.2752,0.6331,0.3294,0.7061,0.5094,0.7176,0.9713,0.8332,0.3982,0.3041
ALPHA-19-839,25,Male,The Stoic Engineer,59.8007,0.4084,0.3353,0.5399,0.4849,0.6530,0.7398,0.8551,0.9860,0.1057,0.3762
ALPHA-58-409,58,Male,The Ambitious Entrepreneur,55.4120,0.6200,0.4074,0.1290,0.8491,0.2951,0.5381,0.2807,0.8330,0.6421,0.5194
ALPHA-79-844,36,Female,The Idealistic Activist,61.6348,0.7139,0.1673,0.8175,0.2089,0.1369,0.3106,0.4500,0.7681,0.7954,0.1593
ALPHA-10-635,29,Male,The Cautious Observer,72.3100,0.4360,0.8046,0.6320,0.7210,0.6540,0.6869,0.7926,0.6809,0.1151,0.6653
ALPHA-66-152,44,Female,The Stoic Engineer,67.0358,0.6079,0.4449,0.2144,0.6903,0.8261,0.6849,0.8739,0.8501,0.2775,0.8965
ALPHA-68-941,46,Female,The Disillusioned Artist,51.4040,0.3610,0.8814,0.4692,0.5060,0.8768,0.1550,0.5887,0.6717,0.2061,0.5253
ALPHA-75-122,60,Male,The Cautious Observer,63.8985,0.3165,0.6710,0.7310,0.1845,0.6306,0.8267,0.9369,0.6417,0.1711,0.2466
ALPHA-75-471,36,Male,The Ambitious Entrepreneur,59.3446,0.6500,0.4277,0.3474,0.7042,0.2768,0.4489,0.1422,0.8808,0.7571,0.8049
ALPHA-34-207,20,Male,The Disillusioned Artist,52.7105,0.1945,0.8078,0.6588,0.2871,0.9389,0.3142,0.5066,0.6639,0.5297,0.2709
ALPHA-65-846,52,Female,The Stoic Engineer,54.7536,0.3408,0.3272,0.4297,0.8440,0.6556,0.7051,0.6134,0.8523,0.2676,0.4582
ALPHA-63-044,37,Male,The Idealistic Activist,64.7042,0.7375,0.2981,0.9495,0.7343,0.8771,0.2598,0.3180,0.2025,0.7639,0.5131
ALPHA-55-442,52,Male,The Community Builder,76.6941,0.8594,0.2411,0.9518,0.6690,0.7903,0.5330,0.4261,0.2408,0.9135,0.6954
ALPHA-58-627,50,Female,The Disillusioned Artist,53.4335,0.3076,0.5090,0.4992,0.7679,0.9068,0.1839,0.3100,0.4817,0.4395,0.8931
ALPHA-82-384,26,Male,The Cautious Observer,67.1086,0.2446,0.8685,0.7857,0.5976,0.5779,0.7338,0.9247,0.7426,0.1829,0.1204
ALPHA-92-787,19,Male,The Disillusioned Artist,53.3920,0.2126,0.5462,0.7394,0.7343,0.8792,0.1340,0.3166,0.5848,0.3382,0.5724
ALPHA-14-784,35,Male,The Disillusioned Artist,59.6059,0.4165,0.8226,0.7529,0.3647,0.9202,0.3154,0.3476,0.6796,0.4361,0.7324
ALPHA-04-191,47,Female,The Stoic Engineer,59.4763,0.4913,0.2737,0.2265,0.6957,0.9226,0.6768,0.8291,0.8729,0.3022,0.3268
ALPHA-64-396,23,Male,The Disillusioned Artist,58.6212,0.3465,0.6518,0.5636,0.6049,0.7718,0.3818,0.5610,0.7416,0.2739,0.7373
ALPHA-55-528,16,Male,The Idealistic Activist,53.0212,0.6314,0.5182,0.7614,0.5872,0.6445,0.1345,0.3498,0.4799,0.8062,0.5902
ALPHA-71-608,42,Female,The Stoic Engineer,69.5200,0.6643,0.3405,0.4182,0.5410,0.7415,0.9282,0.6149,0.9267,0.3982,0.6609
ALPHA-56-210,36,Male,The Ambitious Entrepreneur,52.5081,0.4447,0.6631,0.8039,0.9055,0.3379,0.4178,0.1597,0.8108,0.5667,0.1705
ALPHA-55-912,36,Female,The Cautious Observer,71.4923,0.3807,0.7246,0.6389,0.4717,0.5373,0.8748,0.9360,0.5284,0.2903,0.7282
ALPHA-32-433,46,Male,The Disillusioned Artist,59.6991,0.4849,0.6981,0.7398,0.8695,0.7251,0.1091,0.2464,0.7104,0.5381,0.8803
ALPHA-37-334,54,Female,The Disillusioned Artist,44.8415,0.3560,0.8664,0.5048,0.6794,0.8671,0.2505,0.3386,0.2247,0.5190,0.3585
ALPHA-08-275,31,Female,The Cautious Observer,57.8431,0.2038,0.9217,0.6564,0.4594,0.8189,0.6187,0.8430,0.1611,0.1069,0.3497
ALPHA-06-273,30,Male,The Community Builder,74.7739,0.6824,0.1056,0.9702,0.7006,0.3492,0.6974,0.3095,0.8390,0.9652,0.6792
ALPHA-05-019,39,Female,The Stoic Engineer,56.1387,0.3326,0.2394,0.4210,0.4887,0.7220,0.6930,0.7435,0.9889,0.3645,0.4175
ALPHA-96-439,38,Female,The Idealistic Activist,64.2633,0.6921,0.6658,0.8774,0.6469,0.3425,0.3031,0.3940,0.7894,0.9401,0.7511
ALPHA-22-891,39,Female,The Idealistic Activist,58.3951,0.5030,0.7891,0.8912,0.8241,0.8559,0.2316,0.4374,0.3452,0.9310,0.7682
ALPHA-23-441,55,Male,The Ambitious Entrepreneur,59.5720,0.6367,0.4932,0.3822,0.7385,0.2149,0.3969,0.1919,0.8675,0.6817,0.7372
ALPHA-76-601,37,Female,The Idealistic Activist,62.6936,0.6310,0.4115,0.7574,0.7945,0.4293,0.2925,0.2027,0.3655,0.9013,0.7946
ALPHA-31-974,36,Male,The Community Builder,80.6326,0.9411,0.7991,0.9111,0.7613,0.2752,0.7998,0.7437,0.2801,0.7332,0.8363
ALPHA-34-399,16,Female,The Disillusioned Artist,46.8437,0.1531,0.7403,0.7974,0.1670,0.7950,0.3195,0.5221,0.3839,0.4763,0.2348
ALPHA-16-471,71,Male,The Idealistic Activist,65.8190,0.8480,0.3270,0.7890,0.2918,0.1472,0.1828,0.4967,0.5191,0.7218,0.4304
ALPHA-01-999,44,Female,The Idealistic Activist,56.1773,0.6068,0.1069,0.8420,0.6317,0.8879,0.2114,0.3522,0.5938,0.7489,0.1461
ALPHA-57-741,57,Male,The Idealistic Activist,62.6423,0.5043,0.1678,0.9183,0.5632,0.8357,0.4617,0.4497,0.8654,0.7156,0.1993
ALPHA-08-849,46,Female,The Disillusioned Artist,47.9741,0.4101,0.5522,0.6834,0.1660,0.9162,0.1654,0.3892,0.1795,0.2534,0.3079
ALPHA-79-594,38,Male,The Disillusioned Artist,49.9616,0.4128,0.8996,0.5602,0.7514,0.7844,0.2584,0.3485,0.7509,0.3614,0.5166
ALPHA-24-705,30,Male,The Disillusioned Artist,53.4854,0.2126,0.5142,0.7064,0.4560,0.7036,0.3930,0.3114,0.7944,0.3080,0.7507
ALPHA-20-052,31,Female,The Ambitious Entrepreneur,55.0936,0.6114,0.2470,0.6568,0.7971,0.3920,0.6072,0.3768,0.9202,0.5653,0.2993
ALPHA-76-728,56,Male,The Cautious Observer,55.1493,0.4250,0.7816,0.2523,0.1439,0.6267,0.6886,0.9101,0.2741,0.3235,0.2078
ALPHA-60-053,47,Male,The Stoic Engineer,56.1719,0.4191,0.3028,0.1749,0.4786,0.9410,0.7851,0.6929,0.7914,0.1278,0.4162
ALPHA-87-976,62,Male,The Disillusioned Artist,46.3212,0.1638,0.7919,0.4681,0.7063,0.8647,0.3414,0.5651,0.5481,0.3291,0.3079
ALPHA-78-719,16,Male,The Stoic Engineer,76.6800,0.4354,0.4681,0.7449,0.2856,0.8515,0.8045,0.8490,0.8468,0.1770,0.8367
ALPHA-83-727,47,Female,The Stoic Engineer,54.8314,0.5061,0.2836,0.1136,0.4971,0.9109,0.7641,0.5414,0.8195,0.2524,0.2551
ALPHA-56-099,41,Female,The Cautious Observer,55.8620,0.2599,0.8855,0.1375,0.8300,0.1676,0.8841,0.8131,0.6801,0.1328,0.2991
ALPHA-22-272,33,Female,The Stoic Engineer,61.0020,0.3068,0.4230,0.2172,0.1114,0.8719,0.6711,0.8574,0.7348,0.2451,0.7567
ALPHA-84-982,43,Female,The Cautious Observer,63.5232,0.3765,0.7525,0.8354,0.5742,0.7933,0.6347,0.9423,0.7733,0.3275,0.4022
ALPHA-32-275,51,Male,The Stoic Engineer,67.2951,0.5231,0.3079,0.8194,0.7423,0.8619,0.7290,0.8381,0.8146,0.1212,0.4944
ALPHA-22-583,26,Male,The Disillusioned Artist,55.2443,0.2052,0.6229,0.7562,0.6179,0.8700,0.2395,0.2539,0.8753,0.3606,0.5667
ALPHA-17-014,35,Female,The Idealistic Activist,67.1310,0.8197,0.2124,0.9677,0.7289,0.2988,0.3403,0.3086,0.7893,0.7339,0.6693
ALPHA-67-616,40,Male,The Disillusioned Artist,55.1097,0.3466,0.5859,0.4293,0.7696,0.8354,0.1003,0.4725,0.6000,0.4039,0.7955
ALPHA-98-849,31,Male,The Ambitious Entrepreneur,43.9094,0.2222,0.4651,0.4780,0.9314,0.6632,0.5867,0.3453,0.7000,0.7422,0.2461
ALPHA-31-871,43,Female,The Disillusioned Artist,52.1551,0.4548,0.6988,0.6928,0.5569,0.7829,0.1463,0.2158,0.2344,0.3279,0.6329
ALPHA-41-351,28,Male,The Cautious Observer,60.9630,0.4547,0.9119,0.1792,0.5618,0.6533,0.7638,0.7813,0.8360,0.2506,0.8211
ALPHA-28-793,48,Male,The Idealistic Activist,63.9133,0.7527,0.1356,0.8806,0.3747,0.3018,0.4371,0.2880,0.5016,0.9066,0.5201
ALPHA-09-889,37,Male,The Cautious Observer,52.5561,0.2788,0.6761,0.2741,0.8295,0.7690,0.8749,0.7140,0.3013,0.2856,0.3390
ALPHA-16-488,49,Female,The Idealistic Activist,63.1536,0.8531,0.7462,0.8909,0.4263,0.5571,0.1238,0.3409,0.1598,0.9129,0.5259
ALPHA-57-951,26,Female,The Disillusioned Artist,47.0689,0.3190,0.5316,0.4975,0.5710,0.8441,0.3884,0.4483,0.3567,0.5103,0.3034
ALPHA-44-762,27,Male,The Cautious Observer,61.8272,0.2271,0.7506,0.4252,0.6547,0.7574,0.8929,0.9766,0.8592,0.3822,0.5677
ALPHA-96-871,45,Female,The Community Builder,57.7894,0.6388,0.5892,0.7067,0.1287,0.3926,0.5451,0.2908,0.2050,0.7981,0.5923
ALPHA-85-381,50,Female,The Stoic Engineer,66.0939,0.4398,0.3979,0.7693,0.7607,0.9368,0.6155,0.5337,0.9659,0.3454,0.7569
ALPHA-54-895,54,Female,The Cautious Observer,62.0306,0.2702,0.8635,0.2826,0.7992,0.1851,0.8498,0.9895,0.7704,0.2078,0.7330
ALPHA-25-278,45,Female,The Stoic Engineer,61.8218,0.4969,0.4372,0.4455,0.2744,0.7671,0.6186,0.6831,0.8632,0.2341,0.3418
ALPHA-13-817,23,Female,The Ambitious Entrepreneur,64.0195,0.7392,0.5110,0.7556,0.9682,0.8576,0.6771,0.1287,0.7541,0.7693,0.5473
ALPHA-96-921,51,Female,The Ambitious Entrepreneur,55.9655,0.3421,0.7932,0.7196,0.7044,0.1187,0.3163,0.1650,0.8882,0.6620,0.7481
ALPHA-89-833,49,Female,The Disillusioned Artist,55.7848,0.4830,0.5199,0.7697,0.3693,0.8902,0.3524,0.5429,0.2708,0.3070,0.1587
ALPHA-30-032,49,Male,The Community Builder,70.8102,0.8526,0.1299,0.9158,0.3242,0.7865,0.7058,0.1658,0.8042,0.8147,0.5023
ALPHA-24-368,36,Male,The Stoic Engineer,70.7136,0.5633,0.3085,0.4468,0.1813,0.7614,0.7865,0.6402,0.9043,0.3144,0.8318
ALPHA-00-065,42,Female,The Community Builder,73.4483,0.7856,0.4468,0.7884,0.1615,0.1575,0.6618,0.6486,0.5179,0.8751,0.6544
ALPHA-90-916,35,Male,The Community Builder,66.4097,0.6078,0.6251,0.8972,0.3419,0.8765,0.7001,0.2804,0.8991,0.7606,0.8816
ALPHA-09-418,54,Female,The Cautious Observer,57.8745,0.3939,0.8389,0.2603,0.5015,0.3238,0.6725,0.7152,0.8211,0.3947,0.6402
ALPHA-07-269,39,Male,The Stoic Engineer,69.5708,0.5898,0.2607,0.3335,0.4399,0.8520,0.8082,0.7345,0.9594,0.1857,0.5605
ALPHA-99-742,38,Female,The Community Builder,80.2481,0.9168,0.6785,0.9292,0.2392,0.2571,0.6772,0.8177,0.4828,0.7003,0.6251
ALPHA-58-532,37,Female,The Idealistic Activist,68.6542,0.7660,0.6698,0.9808,0.5426,0.1732,0.3843,0.3926,0.3199,0.6971,0.6360
ALPHA-07-786,52,Female,The Disillusioned Artist,47.5981,0.4608,0.7119,0.4673,0.5239,0.8996,0.3418,0.3801,0.7219,0.5916,0.3150
ALPHA-01-472,41,Male,The Ambitious Entrepreneur,44.3674,0.2139,0.5265,0.8698,0.9126,0.1538,0.3994,0.1214,0.8686,0.8599,0.1895
ALPHA-94-866,41,Male,The Disillusioned Artist,46.7796,0.4123,0.5957,0.7140,0.7484,0.7112,0.1019,0.3178,0.1745,0.2591,0.2196
ALPHA-94-309,43,Female,The Ambitious Entrepreneur,60.1204,0.5540,0.4848,0.7319,0.8972,0.6278,0.6692,0.3093,0.8367,0.8202,0.2659
ALPHA-63-417,39,Female,The Disillusioned Artist,48.3056,0.2198,0.6715,0.5114,0.1993,0.7389,0.1514,0.4704,0.7861,0.4708,0.4187
ALPHA-69-288,40,Male,The Community Builder,68.4945,0.6209,0.6002,0.9375,0.6216,0.3921,0.4274,0.4349,0.4854,0.7178,0.5593
ALPHA-37-749,23,Female,The Stoic Engineer,57.9920,0.4127,0.3108,0.7589,0.1753,0.8198,0.6590,0.7301,0.9294,0.3722,0.2408
ALPHA-37-597,23,Female,The Community Builder,71.2880,0.9431,0.5661,0.7808,0.6144,0.6389,0.7824,0.1753,0.5623,0.8125,0.8186
ALPHA-90-967,50,Female,The Idealistic Activist,54.2783,0.5996,0.1722,0.7510,0.8235,0.1729,0.2174,0.2424,0.2294,0.6798,0.7554
ALPHA-50-827,16,Female,The Stoic Engineer,69.9417,0.6060,0.3522,0.1967,0.6956,0.9228,0.6500,0.8532,0.8931,0.3684,0.8609
ALPHA-32-441,37,Male,The Ambitious Entrepreneur,49.9741,0.3583,0.8255,0.7651,0.8807,0.6831,0.3109,0.3109,0.6826,0.6100,0.3773
ALPHA-57-463,52,Female,The Stoic Engineer,63.6161,0.5497,0.2400,0.4210,0.8448,0.7278,0.6538,0.8831,0.9491,0.2703,0.4902
ALPHA-08-475,40,Male,The Stoic Engineer,74.3494,0.5912,0.3744,0.3555,0.4356,0.6827,0.8219,0.7830,0.9375,0.2406,0.8331
ALPHA-58-651,26,Female,The Stoic Engineer,68.0162,0.4801,0.2550,0.6335,0.1801,0.6861,0.7743,0.6883,0.7629,0.3079,0.4520
ALPHA-91-120,22,Female,The Ambitious Entrepreneur,48.9714,0.4812,0.2296,0.3776,0.9488,0.4679,0.6271,0.2804,0.8239,0.7486,0.4733
ALPHA-32-967,34,Male,The Ambitious Entrepreneur,40.1174,0.6491,0.5462,0.1600,0.7961,0.7060,0.3583,0.2235,0.7222,0.6778,0.1309
ALPHA-21-226,45,Female,The Community Builder,65.9866,0.6573,0.4064,0.9205,0.8838,0.8227,0.4452,0.3803,0.1882,0.7743,0.5942
ALPHA-53-312,66,Female,The Cautious Observer,61.6002,0.4537,0.6316,0.1131,0.2795,0.5391,0.8309,0.8496,0.5395,0.2117,0.8058
ALPHA-92-314,25,Male,The Cautious Observer,62.4059,0.2548,0.8609,0.2711,0.7807,0.1249,0.8489,0.9276,0.4083,0.3575,0.3476
ALPHA-56-467,36,Male,The Disillusioned Artist,48.3704,0.1479,0.8273,0.7930,0.1276,0.7527,0.2156,0.3210,0.5470,0.2914,0.1394
ALPHA-21-023,16,Male,The Stoic Engineer,62.9538,0.4658,0.2831,0.2486,0.5174,0.7453,0.7460,0.7854,0.7027,0.2132,0.8685
ALPHA-90-168,16,Female,The Ambitious Entrepreneur,59.6004,0.8448,0.2618,0.4552,0.7010,0.1063,0.5755,0.2549,0.6189,0.6449,0.2841
ALPHA-23-286,45,Female,The Ambitious Entrepreneur,49.5577,0.1619,0.7031,0.5682,0.7318,0.5871,0.6253,0.3133,0.7568,0.8473,0.1974
ALPHA-67-410,34,Female,The Disillusioned Artist,50.4438,0.1644,0.6059,0.6687,0.1382,0.8882,0.3903,0.3423,0.1601,0.3085,0.6225
ALPHA-35-825,25,Female,The Ambitious Entrepreneur,51.0999,0.6294,0.8715,0.1832,0.8050,0.1809,0.4874,0.1371,0.8546,0.8197,0.4217
ALPHA-72-720,61,Male,The Disillusioned Artist,45.1442,0.1290,0.8459,0.6234,0.4003,0.9376,0.3866,0.2834,0.2892,0.4719,0.1801
ALPHA-42-545,59,Female,The Ambitious Entrepreneur,44.3462,0.4194,0.7614,0.1252,0.8725,0.1081,0.6941,0.2199,0.6704,0.6065,0.2041
ALPHA-62-479,34,Male,The Stoic Engineer,53.8888,0.4891,0.3262,0.4715,0.3650,0.8779,0.6533,0.7907,0.9204,0.1865,0.1522
ALPHA-01-639,45,Female,The Idealistic Activist,58.9052,0.7875,0.7109,0.7157,0.5793,0.4116,0.1332,0.4567,0.6483,0.6344,0.3011
ALPHA-13-728,23,Male,The Community Builder,82.6615,0.8166,0.5618,0.9609,0.4746,0.1518,0.7532,0.5717,0.8047,0.8791,0.8051
ALPHA-98-118,39,Female,The Community Builder,69.9898,0.8753,0.6985,0.7542,0.5956,0.3866,0.4699,0.4206,0.7362,0.8264,0.8233
ALPHA-73-224,42,Female,The Cautious Observer,65.4807,0.2474,0.8588,0.5279,0.8858,0.5076,0.6423,0.9667,0.5433,0.1482,0.5539
ALPHA-53-967,24,Male,The Stoic Engineer,63.2831,0.5192,0.2032,0.2212,0.1620,0.8522,0.6080,0.5073,0.9373,0.3779,0.7999
ALPHA-04-619,40,Female,The Cautious Observer,68.8541,0.2487,0.9398,0.6426,0.1281,0.6659,0.7028,0.7532,0.4045,0.1490,0.7874
ALPHA-89-519,23,Female,The Community Builder,66.6403,0.6886,0.7010,0.9088,0.1421,0.4283,0.5149,0.5405,0.3001,0.7870,0.6300
ALPHA-50-596,45,Male,The Community Builder,70.7498,0.9265,0.5093,0.8059,0.1870,0.2532,0.6372,0.2146,0.3809,0.7527,0.5892
ALPHA-66-057,31,Male,The Idealistic Activist,62.7919,0.8728,0.4108,0.9236,0.3552,0.7558,0.1251,0.2628,0.8321,0.7252,0.7531
ALPHA-95-807,61,Male,The Cautious Observer,59.8083,0.2828,0.7706,0.3115,0.8732,0.5462,0.6535,0.9364,0.2498,0.1218,0.2846
ALPHA-53-166,40,Female,The Idealistic Activist,57.5127,0.5278,0.3761,0.7354,0.8956,0.5538,0.4123,0.3693,0.7842,0.7092,0.4191
ALPHA-28-373,42,Female,The Cautious Observer,64.8339,0.2955,0.7206,0.7111,0.7426,0.5723,0.8429,0.9186,0.6258,0.1709,0.5320
ALPHA-84-529,17,Male,The Cautious Observer,61.4150,0.3732,0.7256,0.1027,0.6951,0.4531,0.6719,0.9018,0.6936,0.2301,0.8336
ALPHA-97-922,55,Female,The Ambitious Entrepreneur,50.3785,0.1129,0.2986,0.2425,0.9014,0.2656,0.4893,0.1510,0.9306,0.7830,0.8825
ALPHA-80-429,41,Male,The Ambitious Entrepreneur,55.7496,0.1364,0.5511,0.4725,0.7484,0.2005,0.6822,0.1278,0.8287,0.7475,0.6453
ALPHA-82-396,25,Male,The Disillusioned Artist,46.8130,0.3304,0.7537,0.7653,0.4805,0.9011,0.1801,0.4786,0.7007,0.4345,0.1573
ALPHA-34-668,16,Male,The Community Builder,81.5137,0.7281,0.3711,0.9491,0.2971,0.2336,0.6819,0.8062,0.5721,0.9522,0.8224
ALPHA-58-386,52,Male,The Idealistic Activist,51.9998,0.6083,0.4340,0.8810,0.4445,0.8202,0.4493,0.3416,0.3981,0.6991,0.1409
ALPHA-77-649,16,Male,The Disillusioned Artist,55.6920,0.3677,0.5255,0.7558,0.2262,0.8292,0.3337,0.3845,0.6342,0.2506,0.8050
ALPHA-87-622,64,Male,The Community Builder,76.6769,0.6496,0.1512,0.9514,0.2970,0.2412,0.7575,0.7490,0.3304,0.9832,0.8362
ALPHA-61-606,31,Male,The Idealistic Activist,68.8829,0.8017,0.7726,0.9385,0.1629,0.7098,0.4591,0.4399,0.6564,0.7194,0.5028
ALPHA-08-341,21,Male,The Community Builder,73.3937,0.8556,0.3771,0.9598,0.3016,0.7540,0.6679,0.4218,0.4056,0.8515,0.5372
ALPHA-63-722,16,Female,The Community Builder,70.1638,0.6092,0.8493,0.9598,0.8165,0.4610,0.6128,0.7025,0.4276,0.8948,0.7650
ALPHA-42-629,30,Female,The Ambitious Entrepreneur,63.6026,0.4423,0.6455,0.8402,0.8947,0.7056,0.3917,0.3949,0.7181,0.8564,0.5320
ALPHA-10-888,22,Male,The Idealistic Activist,60.8347,0.6040,0.3552,0.8208,0.1263,0.5658,0.1930,0.4151,0.3666,0.9283,0.4979
ALPHA-61-522,22,Male,The Cautious Observer,57.1187,0.2558,0.7323,0.1102,0.3796,0.4628,0.8329,0.9287,0.4479,0.2206,0.6227
ALPHA-68-325,39,Female,The Idealistic Activist,62.1710,0.6479,0.7188,0.8134,0.1200,0.5925,0.3023,0.4932,0.8982,0.7604,0.5062
ALPHA-17-161,55,Female,The Idealistic Activist,57.7658,0.5342,0.6156,0.8070,0.6220,0.4495,0.3482,0.3729,0.1258,0.6318,0.2919
ALPHA-22-640,31,Male,The Community Builder,68.6336,0.9473,0.2401,0.7300,0.8668,0.3172,0.6922,0.3953,0.2401,0.9662,0.6249
ALPHA-92-350,53,Male,The Stoic Engineer,65.0224,0.4644,0.2432,0.6376,0.5677,0.8915,0.8356,0.6654,0.8831,0.1664,0.4928
ALPHA-04-269,28,Female,The Disillusioned Artist,45.0942,0.2929,0.6569,0.5010,0.5202,0.8634,0.2458,0.2641,0.2482,0.5552,0.4829
ALPHA-46-112,21,Male,The Idealistic Activist,66.5543,0.8176,0.1868,0.7653,0.1992,0.8063,0.4421,0.3837,0.8716,0.6096,0.6689
ALPHA-38-779,53,Female,The Disillusioned Artist,46.2873,0.2633,0.8967,0.7835,0.4572,0.9683,0.2091,0.2000,0.2067,0.3060,0.4787
ALPHA-25-751,40,Male,The Stoic Engineer,74.0507,0.6001,0.3566,0.8544,0.2110,0.8419,0.7756,0.5054,0.7167,0.3612,0.8634
ALPHA-85-866,40,Female,The Community Builder,82.6270,0.8583,0.3293,0.9066,0.6667,0.6169,0.6309,0.8376,0.7181,0.9133,0.8378
ALPHA-08-572,40,Female,The Idealistic Activist,51.7053,0.7547,0.5091,0.9121,0.8031,0.7506,0.1878,0.2362,0.4774,0.6468,0.3351
ALPHA-00-038,34,Female,The Cautious Observer,75.3262,0.4361,0.9311,0.8573,0.4042,0.1027,0.8873,0.9131,0.4496,0.1324,0.7623
ALPHA-75-467,55,Female,The Community Builder,66.1153,0.8994,0.5845,0.9268,0.4659,0.5972,0.4966,0.2799,0.3737,0.7281,0.5620
ALPHA-67-902,72,Female,The Idealistic Activist,64.8077,0.6317,0.3282,0.8923,0.8703,0.5653,0.4092,0.4316,0.5048,0.8850,0.3242
ALPHA-17-182,51,Female,The Disillusioned Artist,47.7804,0.2770,0.6827,0.5065,0.1644,0.7135,0.1154,0.3886,0.4504,0.3089,0.6170
ALPHA-72-943,40,Male,The Stoic Engineer,64.2075,0.6234,0.4590,0.4431,0.1979,0.7268,0.7394,0.6505,0.8206,0.3761,0.2774
ALPHA-80-647,47,Male,The Disillusioned Artist,44.4773,0.1849,0.6901,0.5317,0.3615,0.9005,0.1043,0.3790,0.4642,0.3393,0.2465
ALPHA-70-080,49,Male,The Community Builder,78.3573,0.8903,0.1726,0.7557,0.1612,0.8063,0.7511,0.7304,0.6172,0.8083,0.7696
ALPHA-68-845,64,Female,The Disillusioned Artist,57.1147,0.3011,0.8612,0.5178,0.2097,0.9304,0.1383,0.5855,0.6445,0.3256,0.8749
ALPHA-23-954,56,Female,The Ambitious Entrepreneur,64.1182,0.5302,0.2338,0.8813,0.9365,0.4971,0.3122,0.3911,0.7889,0.8404,0.4936
ALPHA-00-427,57,Male,The Cautious Observer,55.9241,0.4261,0.6643,0.1911,0.1074,0.2639,0.7091,0.9422,0.2445,0.2144,0.1714
ALPHA-03-822,74,Female,The Disillusioned Artist,54.8209,0.4590,0.8384,0.4977,0.6233,0.8114,0.3263,0.2395,0.3542,0.4992,0.4743
ALPHA-29-181,45,Female,The Disillusioned Artist,55.2481,0.3680,0.6158,0.4343,0.6350,0.9102,0.2218,0.5825,0.5951,0.3388,0.6099
ALPHA-75-549,48,Male,The Stoic Engineer,66.1800,0.3980,0.4896,0.6434,0.7631,0.8479,0.6271,0.7619,0.9702,0.2688,0.4712
ALPHA-14-432,47,Female,The Idealistic Activist,65.9599,0.7197,0.2695,0.8503,0.8082,0.5804,0.4059,0.2827,0.5943,0.8661,0.8788
ALPHA-29-326,54,Female,The Idealistic Activist,65.0577,0.7593,0.2563,0.8846,0.2323,0.2645,0.4735,0.3977,0.6783,0.7446,0.6149
ALPHA-33-797,30,Male,The Idealistic Activist,61.1867,0.6655,0.3779,0.8005,0.1369,0.3682,0.4406,0.3523,0.2559,0.8283,0.2045
ALPHA-29-497,39,Male,The Cautious Observer,67.4310,0.4048,0.8301,0.5551,0.5559,0.2794,0.7727,0.7089,0.8071,0.2735,0.4572
ALPHA-18-685,36,Male,The Cautious Observer,73.8129,0.2432,0.9137,0.8747,0.8612,0.3408,0.8441,0.9371,0.2659,0.2549,0.7905
ALPHA-70-928,29,Female,The Stoic Engineer,67.0160,0.3984,0.2110,0.5004,0.2424,0.6298,0.8126,0.5872,0.7641,0.1765,0.6722
ALPHA-06-055,53,Male,The Idealistic Activist,57.3041,0.5850,0.1128,0.7239,0.4531,0.7037,0.4039,0.4685,0.4384,0.7872,0.1582
ALPHA-81-420,28,Male,The Ambitious Entrepreneur,47.5321,0.7700,0.8496,0.3137,0.7309,0.5546,0.4008,0.1255,0.7290,0.6573,0.1311
ALPHA-77-973,42,Male,The Stoic Engineer,64.7700,0.5853,0.2453,0.3270,0.1499,0.8331,0.8697,0.7301,0.7684,0.2438,0.4978
ALPHA-51-229,53,Male,The Community Builder,62.2205,0.6532,0.1816,0.9726,0.4328,0.4838,0.6772,0.2356,0.8361,0.8348,0.5768
ALPHA-88-049,16,Male,The Community Builder,64.4319,0.8470,0.4335,0.8202,0.2742,0.1617,0.4589,0.3351,0.4558,0.7284,0.5217
ALPHA-28-617,65,Female,The Community Builder,74.9270,0.7645,0.1304,0.9042,0.5655,0.7339,0.7209,0.2714,0.4548,0.7500,0.7634
ALPHA-78-662,24,Female,The Disillusioned Artist,43.3162,0.3047,0.5288,0.4942,0.7208,0.7761,0.1355,0.5808,0.5213,0.5750,0.1334
ALPHA-62-338,39,Male,The Community Builder,78.0658,0.6717,0.5228,0.9723,0.7736,0.1334,0.7172,0.6594,0.1812,0.7255,0.8994
ALPHA-62-815,18,Female,The Community Builder,72.6870,0.8770,0.3250,0.8326,0.4869,0.4001,0.5505,0.3578,0.3829,0.7223,0.7345
ALPHA-63-865,40,Female,The Idealistic Activist,57.3401,0.6055,0.2976,0.9791,0.4590,0.8640,0.3318,0.3202,0.7243,0.6759,0.4741
ALPHA-70-707,55,Female,The Disillusioned Artist,57.8283,0.4196,0.8496,0.5846,0.6311,0.9528,0.2889,0.5716,0.1476,0.2663,0.8809
ALPHA-26-240,52,Male,The Stoic Engineer,60.9930,0.3107,0.4946,0.4879,0.5087,0.9258,0.7398,0.6630,0.9056,0.2908,0.5074
ALPHA-59-641,37,Male,The Disillusioned Artist,49.5625,0.1839,0.5219,0.5747,0.3261,0.8186,0.3794,0.4473,0.1549,0.5003,0.2861
ALPHA-97-876,65,Male,The Community Builder,73.1792,0.9343,0.6068,0.7875,0.7721,0.4117,0.4411,0.5016,0.3181,0.7856,0.8373
ALPHA-72-188,65,Female,The Cautious Observer,65.4486,0.2033,0.8601,0.6459,0.2573,0.6601,0.6352,0.8934,0.1236,0.3578,0.3291
ALPHA-76-133,64,Male,The Ambitious Entrepreneur,49.4436,0.5279,0.6914,0.4631,0.8600,0.2085,0.4150,0.3841,0.6310,0.5365,0.2459
ALPHA-18-277,37,Female,The Disillusioned Artist,48.7472,0.2811,0.5602,0.4263,0.1331,0.8589,0.1793,0.3629,0.4932,0.5594,0.5274
ALPHA-30-105,36,Female,The Cautious Observer,68.4495,0.3737,0.9148,0.2559,0.5018,0.6921,0.8348,0.8500,0.3151,0.2519,0.8704
ALPHA-61-246,28,Male,The Community Builder,61.9576,0.7027,0.1137,0.9030,0.7309,0.4732,0.6022,0.1961,0.4828,0.8507,0.7142
ALPHA-26-403,56,Female,The Stoic Engineer,62.2846,0.3456,0.4516,0.5728,0.6945,0.6583,0.6278,0.8198,0.7270,0.3312,0.6375
ALPHA-63-704,25,Female,The Stoic Engineer,64.8657,0.6203,0.3640,0.1880,0.7891,0.6883,0.9471,0.8339,0.9254,0.1928,0.5868
ALPHA-80-948,28,Female,The Disillusioned Artist,52.9300,0.1700,0.6205,0.6815,0.5270,0.8394,0.2718,0.4523,0.7206,0.5262,0.8215
ALPHA-48-083,35,Female,The Community Builder,65.7230,0.6381,0.8356,0.8382,0.8426,0.7606,0.5727,0.2643,0.3520,0.7547,0.5576
ALPHA-51-943,37,Female,The Cautious Observer,57.4090,0.2023,0.8272,0.5990,0.6756,0.7210,0.6759,0.8784,0.7365,0.3424,0.2642
ALPHA-77-820,27,Male,The Cautious Observer,65.2331,0.2338,0.8608,0.4912,0.4224,0.1962,0.7068,0.8228,0.7101,0.2038,0.8645
ALPHA-49-011,66,Female,The Community Builder,78.7100,0.7096,0.2153,0.7482,0.8003,0.7323,0.4747,0.8714,0.3442,0.7998,0.8618
ALPHA-61-711,60,Female,The Stoic Engineer,58.7129,0.4550,0.4440,0.3995,0.6860,0.6878,0.6800,0.5549,0.8352,0.3128,0.2624
ALPHA-79-119,26,Male,The Stoic Engineer,57.7483,0.3838,0.2615,0.2317,0.8499,0.9060,0.8007,0.7054,0.8239,0.2799,0.2629
ALPHA-32-684,50,Female,The Cautious Observer,62.0221,0.3106,0.8036,0.8361,0.3092,0.8161,0.7951,0.9154,0.1535,0.1069,0.1550
ALPHA-16-316,29,Female,The Cautious Observer,64.8706,0.3025,0.6501,0.7658,0.1980,0.6157,0.6204,0.8384,0.7923,0.2898,0.6138
ALPHA-39-453,45,Male,The Community Builder,77.2322,0.9295,0.6699,0.8566,0.1685,0.3811,0.6444,0.2821,0.5623,0.7907,0.7825
ALPHA-62-084,38,Female,The Ambitious Entrepreneur,45.4919,0.2747,0.2035,0.4549,0.9177,0.7577,0.4550,0.1578,0.7320,0.8335,0.6482
ALPHA-00-083,24,Male,The Community Builder,68.0087,0.8463,0.3870,0.8330,0.2062,0.2507,0.7582,0.3489,0.7079,0.7274,0.6735
ALPHA-63-765,35,Female,The Cautious Observer,68.6143,0.2531,0.6951,0.8489,0.8435,0.5708,0.6536,0.7835,0.8420,0.1109,0.6924
ALPHA-86-817,50,Female,The Stoic Engineer,60.7843,0.4945,0.3779,0.7262,0.5340,0.6364,0.8546,0.6410,0.9755,0.3906,0.3209
ALPHA-48-609,36,Female,The Stoic Engineer,65.2235,0.6995,0.3011,0.4072,0.4844,0.6331,0.7181,0.8711,0.7864,0.1971,0.2357
ALPHA-44-079,62,Female,The Cautious Observer,54.5529,0.3301,0.6683,0.3360,0.5128,0.6750,0.8174,0.9900,0.5763,0.3490,0.1278
ALPHA-33-370,43,Male,The Ambitious Entrepreneur,57.7165,0.6754,0.3181,0.2582,0.8452,0.7322,0.4864,0.1761,0.8751,0.7125,0.6323
ALPHA-17-213,39,Male,The Stoic Engineer,72.5205,0.6419,0.4493,0.6491,0.1722,0.8757,0.7945,0.6047,0.9211,0.3813,0.5030
ALPHA-32-362,23,Male,The Disillusioned Artist,55.1934,0.1799,0.5207,0.4247,0.3368,0.7705,0.3373,0.5171,0.3887,0.3373,0.6022
ALPHA-07-216,27,Male,The Idealistic Activist,62.8133,0.8748,0.5665,0.7697,0.1015,0.1150,0.1928,0.2656,0.6077,0.6605,0.7955
ALPHA-98-824,17,Female,The Idealistic Activist,63.7124,0.5181,0.4432,0.9821,0.3409,0.5110,0.4407,0.2039,0.8095,0.7990,0.6948
ALPHA-58-470,45,Male,The Community Builder,70.5050,0.6825,0.3499,0.8839,0.2236,0.7876,0.4406,0.8926,0.7533,0.9515,0.5698
ALPHA-35-142,34,Female,The Community Builder,71.1572,0.6693,0.5636,0.8993,0.8305,0.8209,0.7098,0.3470,0.8236,0.7368,0.8267
ALPHA-54-640,42,Female,The Cautious Observer,67.7999,0.3115,0.6666,0.4858,0.4801,0.7330,0.7133,0.7298,0.5732,0.2230,0.7392
ALPHA-80-265,23,Female,The Ambitious Entrepreneur,48.9071,0.4554,0.1069,0.8705,0.9813,0.8671,0.4443,0.3104,0.9426,0.8590,0.1385
ALPHA-30-509,49,Male,The Disillusioned Artist,44.1510,0.1510,0.6077,0.6396,0.7930,0.9361,0.1659,0.2854,0.7564,0.4652,0.2579
ALPHA-49-840,48,Female,The Community Builder,73.6497,0.8391,0.7271,0.7496,0.6687,0.4508,0.4269,0.5611,0.4712,0.7145,0.7644
ALPHA-94-147,65,Male,The Idealistic Activist,61.2232,0.7944,0.1357,0.7360,0.6187,0.8376,0.1949,0.4389,0.4047,0.9398,0.7443
ALPHA-24-304,32,Male,The Cautious Observer,62.3622,0.2711,0.7760,0.2725,0.7206,0.8723,0.7486,0.7333,0.2935,0.1274,0.8423
ALPHA-51-941,31,Male,The Idealistic Activist,65.4138,0.7952,0.3484,0.7809,0.4684,0.8109,0.3998,0.3267,0.1954,0.7749,0.4776
ALPHA-08-111,55,Male,The Disillusioned Artist,46.1920,0.1074,0.5113,0.7691,0.8337,0.8121,0.3954,0.2545,0.1103,0.4742,0.2650
ALPHA-21-330,37,Male,The Idealistic Activist,45.9342,0.5836,0.2169,0.7709,0.1626,0.8208,0.3012,0.2060,0.8666,0.7797,0.1381
ALPHA-27-020,16,Female,The Cautious Observer,67.1413,0.4213,0.9327,0.7883,0.7467,0.7933,0.6068,0.7502,0.6496,0.2747,0.6264
ALPHA-47-329,32,Female,The Idealistic Activist,53.6254,0.8818,0.5853,0.7191,0.8493,0.2824,0.3551,0.2729,0.1333,0.6804,0.2225
ALPHA-23-441,50,Male,The Ambitious Entrepreneur,45.1791,0.2075,0.5753,0.4603,0.9847,0.3629,0.4783,0.2317,0.9230,0.8917,0.6151
ALPHA-80-075,47,Male,The Ambitious Entrepreneur,45.0073,0.4299,0.3800,0.1924,0.8378,0.5011,0.4730,0.2556,0.6672,0.5567,0.3949
ALPHA-01-725,35,Female,The Cautious Observer,59.4004,0.4732,0.8543,0.4352,0.8301,0.5368,0.8662,0.7808,0.8620,0.3671,0.3515
ALPHA-68-867,22,Male,The Idealistic Activist,58.3409,0.7630,0.3616,0.9004,0.4483,0.6176,0.1873,0.3475,0.4417,0.9376,0.5203
ALPHA-49-023,44,Male,The Disillusioned Artist,63.2075,0.2804,0.7225,0.7554,0.6426,0.8162,0.3709,0.5899,0.2828,0.5561,0.8915
ALPHA-15-830,29,Male,The Cautious Observer,57.5170,0.2191,0.7034,0.5144,0.1710,0.5925,0.7750,0.9550,0.2828,0.1543,0.2500
ALPHA-96-307,45,Male,The Cautious Observer,55.2367,0.2547,0.7615,0.1626,0.1070,0.1537,0.7637,0.9697,0.3848,0.2756,0.4393
ALPHA-59-406,16,Male,The Community Builder,65.2579,0.7691,0.2318,0.8439,0.2395,0.7051,0.5591,0.5154,0.5505,0.9487,0.6387
ALPHA-83-513,40,Female,The Idealistic Activist,59.4058,0.7575,0.2393,0.8444,0.5246,0.5525,0.3108,0.4657,0.5637,0.6814,0.1674
ALPHA-08-771,39,Male,The Community Builder,71.9741,0.8658,0.3943,0.9320,0.5252,0.4841,0.5995,0.7113,0.1755,0.8145,0.5503
ALPHA-21-337,38,Male,The Community Builder,79.0678,0.6446,0.4157,0.9791,0.7694,0.3056,0.7472,0.5051,0.6987,0.8466,0.8690
ALPHA-16-876,39,Female,The Community Builder,77.8675,0.7850,0.6100,0.8636,0.8289,0.2098,0.6632,0.8615,0.2087,0.7402,0.7630
ALPHA-17-375,26,Male,The Idealistic Activist,55.3149,0.6279,0.3287,0.8646,0.4612,0.4226,0.2360,0.3285,0.1238,0.7443,0.1536
ALPHA-14-057,36,Male,The Cautious Observer,72.1586,0.4388,0.7521,0.7194,0.4198,0.4284,0.8773,0.8680,0.1455,0.1454,0.7427
ALPHA-71-129,45,Male,The Stoic Engineer,73.9801,0.6761,0.4816,0.5850,0.2738,0.8650,0.8119,0.7643,0.9685,0.1036,0.5218
ALPHA-75-310,47,Male,The Cautious Observer,60.4601,0.2225,0.9235,0.3880,0.8045,0.8961,0.8621,0.8228,0.6240,0.3449,0.2053
ALPHA-90-486,37,Male,The Cautious Observer,69.3397,0.3381,0.6386,0.5741,0.4566,0.8265,0.6724,0.9479,0.1921,0.2089,0.8759
ALPHA-98-586,50,Female,The Stoic Engineer,66.5910,0.6371,0.4575,0.3379,0.7003,0.7165,0.9465,0.6391,0.9244,0.2784,0.8709
ALPHA-56-971,26,Female,The Ambitious Entrepreneur,56.0381,0.2471,0.7626,0.8286,0.8748,0.7819,0.5335,0.3451,0.9370,0.5124,0.3087
ALPHA-58-233,28,Male,The Cautious Observer,78.9809,0.3963,0.8777,0.6450,0.4713,0.6073,0.8976,0.9896,0.7153,0.1795,0.8686
ALPHA-31-169,28,Female,The Disillusioned Artist,59.6408,0.3850,0.8514,0.7616,0.8940,0.9535,0.2253,0.5461,0.3632,0.3746,0.7795
ALPHA-12-057,23,Male,The Idealistic Activist,61.3210,0.6246,0.8034,0.7042,0.3173,0.4387,0.4456,0.3849,0.8449,0.7624,0.4817
ALPHA-04-713,16,Female,The Disillusioned Artist,49.1910,0.4999,0.6049,0.4998,0.3415,0.7362,0.2349,0.4636,0.8567,0.3137,0.5677
ALPHA-11-510,31,Female,The Idealistic Activist,60.2343,0.8915,0.2462,0.8114,0.7509,0.7642,0.2671,0.4776,0.2117,0.7945,0.1849
ALPHA-87-800,16,Female,The Cautious Observer,68.5810,0.2434,0.6900,0.6422,0.3929,0.7399,0.7778,0.9534,0.3177,0.1418,0.6121
ALPHA-85-277,34,Male,The Disillusioned Artist,54.1225,0.4159,0.5496,0.4757,0.1247,0.9559,0.2035,0.5853,0.6668,0.5849,0.5128
ALPHA-29-143,21,Female,The Disillusioned Artist,52.3415,0.2107,0.5372,0.6810,0.3771,0.8462,0.3318,0.4487,0.7742,0.5487,0.2890
ALPHA-57-598,44,Female,The Ambitious Entrepreneur,50.9212,0.7069,0.5820,0.7268,0.8696,0.2699,0.6511,0.1828,0.7033,0.6537,0.1008
ALPHA-51-020,30,Female,The Idealistic Activist,55.7454,0.7182,0.2602,0.9453,0.3975,0.4471,0.1545,0.2617,0.6506,0.6796,0.3830
ALPHA-43-958,43,Female,The Stoic Engineer,61.3267,0.5271,0.3229,0.3058,0.7368,0.8598,0.7806,0.8880,0.7442,0.1030,0.2057
ALPHA-30-191,29,Female,The Community Builder,74.7150,0.6892,0.6414,0.9294,0.7988,0.5247,0.5364,0.6941,0.2715,0.9879,0.6100
ALPHA-70-483,64,Male,The Stoic Engineer,58.8606,0.4434,0.2594,0.1757,0.7051,0.6722,0.7400,0.6681,0.7696,0.3362,0.3043
ALPHA-45-321,16,Male,The Disillusioned Artist,47.7340,0.1354,0.5201,0.7520,0.4206,0.9199,0.2566,0.2872,0.3853,0.4162,0.4600
ALPHA-30-545,61,Female,The Stoic Engineer,72.6147,0.6886,0.4055,0.6086,0.4649,0.8983,0.8968,0.7839,0.8727,0.3360,0.6103
ALPHA-80-046,31,Male,The Ambitious Entrepreneur,47.4472,0.8680,0.3525,0.1814,0.9032,0.1580,0.4510,0.1736,0.9333,0.6705,0.3856
ALPHA-29-466,59,Male,The Idealistic Activist,56.8073,0.8303,0.4976,0.9210,0.7805,0.7769,0.4093,0.2334,0.8900,0.8759,0.2981
ALPHA-08-311,53,Male,The Cautious Observer,66.2373,0.3363,0.8503,0.3508,0.2525,0.2823,0.7659,0.7400,0.4462,0.3187,0.7830
ALPHA-03-669,27,Male,The Idealistic Activist,63.5028,0.6276,0.8245,0.8389,0.4364,0.1180,0.2915,0.4114,0.5147,0.8311,0.7736
ALPHA-28-062,34,Male,The Idealistic Activist,55.4770,0.7667,0.8105,0.7027,0.5512,0.8866,0.1891,0.3657,0.1046,0.9237,0.6223
ALPHA-84-088,50,Male,The Ambitious Entrepreneur,65.5922,0.6077,0.1016,0.8468,0.8982,0.7187,0.5789,0.3697,0.9349,0.8888,0.8303
ALPHA-33-548,42,Male,The Disillusioned Artist,46.7958,0.1707,0.6992,0.6196,0.8621,0.7534,0.3479,0.3663,0.2324,0.3830,0.3872
ALPHA-05-513,68,Female,The Idealistic Activist,66.1479,0.8518,0.8697,0.9655,0.8492,0.2644,0.4610,0.4045,0.6369,0.6930,0.2958
ALPHA-22-033,63,Male,The Disillusioned Artist,52.6082,0.2025,0.8894,0.4360,0.4793,0.7492,0.2963,0.3429,0.6927,0.4022,0.8270
ALPHA-83-187,32,Male,The Community Builder,63.9250,0.8566,0.6555,0.7306,0.3121,0.8364,0.4436,0.2395,0.5054,0.9189,0.8976
ALPHA-97-874,16,Female,The Ambitious Entrepreneur,51.3766,0.5825,0.5281,0.3739,0.7921,0.4112,0.6587,0.1484,0.7491,0.6553,0.3044
ALPHA-77-674,69,Male,The Ambitious Entrepreneur,60.0634,0.7214,0.4775,0.4165,0.9011,0.6708,0.3263,0.3712,0.7128,0.8154,0.5044
ALPHA-92-341,81,Male,The Cautious Observer,65.7954,0.3817,0.8572,0.8793,0.1891,0.5332,0.8075,0.9141,0.2676,0.1563,0.2518
ALPHA-63-125,25,Female,The Community Builder,67.6384,0.9144,0.8198,0.7208,0.4839,0.8962,0.5600,0.6912,0.5243,0.7889,0.5092
ALPHA-08-733,53,Male,The Community Builder,71.7235,0.7675,0.5320,0.9153,0.4357,0.6846,0.5979,0.4441,0.6959,0.7595,0.7664
ALPHA-05-108,27,Female,The Stoic Engineer,73.2604,0.4790,0.2790,0.7204,0.6570,0.7932,0.9318,0.5920,0.8992,0.1924,0.5376
ALPHA-46-416,44,Male,The Community Builder,65.7001,0.7683,0.4422,0.8328,0.6767,0.2525,0.4943,0.5126,0.3649,0.9601,0.5273
ALPHA-37-225,57,Female,The Idealistic Activist,59.3804,0.6109,0.3129,0.7671,0.5656,0.4710,0.1463,0.3189,0.3370,0.6148,0.7203
ALPHA-28-498,33,Male,The Cautious Observer,61.9226,0.4441,0.6216,0.4392,0.5568,0.3393,0.8993,0.9079,0.2790,0.2613,0.3740
ALPHA-51-661,42,Female,The Community Builder,67.5651,0.6571,0.3416,0.9843,0.2002,0.7209,0.6329,0.3253,0.2303,0.8032,0.8209
ALPHA-55-088,43,Female,The Cautious Observer,59.7865,0.4174,0.7548,0.7574,0.5213,0.5792,0.6576,0.8071,0.5854,0.3464,0.1484
ALPHA-82-752,38,Male,The Ambitious Entrepreneur,48.7402,0.5787,0.1454,0.6272,0.8072,0.4819,0.3439,0.2098,0.8744,0.5575,0.1747
ALPHA-45-538,26,Male,The Community Builder,73.8336,0.9140,0.8634,0.7665,0.3858,0.5795,0.6577,0.2469,0.2259,0.9031,0.8901
ALPHA-04-097,22,Male,The Stoic Engineer,55.6412,0.3946,0.3348,0.3858,0.6012,0.7787,0.7080,0.6107,0.7928,0.1583,0.4197
ALPHA-33-648,29,Female,The Ambitious Entrepreneur,43.8876,0.3384,0.7362,0.2273,0.8743,0.3239,0.6983,0.2225,0.8721,0.7269,0.3945
ALPHA-98-755,47,Male,The Idealistic Activist,64.1548,0.5624,0.3817,0.7486,0.3405,0.2108,0.1099,0.4842,0.7660,0.6783,0.7635
ALPHA-33-848,50,Female,The Ambitious Entrepreneur,55.0723,0.4377,0.5867,0.4488,0.9475,0.8476,0.4975,0.3662,0.7431,0.7306,0.8163
ALPHA-75-908,43,Male,The Community Builder,76.3815,0.7815,0.8538,0.8800,0.1151,0.2135,0.5634,0.8504,0.8170,0.8428,0.8403
ALPHA-50-259,44,Male,The Stoic Engineer,77.0867,0.6505,0.2668,0.8442,0.1232,0.7063,0.8607,0.8750,0.7939,0.1166,0.3239
ALPHA-07-608,57,Male,The Ambitious Entrepreneur,57.4950,0.8865,0.1929,0.3683,0.9588,0.2943,0.3095,0.2419,0.6774,0.5368,0.4432
ALPHA-93-933,38,Male,The Cautious Observer,69.7909,0.4975,0.7619,0.7708,0.7285,0.1282,0.7930,0.7871,0.4391,0.2865,0.6035
ALPHA-23-800,42,Male,The Cautious Observer,59.2071,0.3622,0.6806,0.5575,0.8063,0.6800,0.8645,0.8380,0.3250,0.2739,0.1508
ALPHA-86-612,42,Male,The Community Builder,71.0882,0.6625,0.3170,0.9742,0.6053,0.8910,0.7599,0.3321,0.7992,0.8754,0.5688
ALPHA-72-369,46,Female,The Idealistic Activist,63.8821,0.7245,0.3632,0.7904,0.3378,0.8540,0.1871,0.4927,0.3022,0.7964,0.5200
ALPHA-38-315,61,Male,The Community Builder,65.6906,0.6945,0.4717,0.7846,0.5213,0.7758,0.5699,0.2942,0.1694,0.8592,0.7592
ALPHA-56-563,33,Male,The Idealistic Activist,56.7583,0.7677,0.7651,0.8902,0.8667,0.6375,0.1343,0.2735,0.7754,0.6327,0.2262
ALPHA-05-621,45,Male,The Community Builder,81.8081,0.9031,0.7406,0.7619,0.5895,0.4158,0.7073,0.7695,0.2289,0.8141,0.7466
ALPHA-15-941,55,Male,The Ambitious Entrepreneur,58.8458,0.2020,0.5525,0.6605,0.7463,0.8721,0.6009,0.2443,0.6062,0.5676,0.5721
ALPHA-85-752,55,Male,The Stoic Engineer,59.4664,0.5039,0.4907,0.1971,0.8885,0.8865,0.7287,0.7153,0.8654,0.1507,0.3366
ALPHA-35-108,47,Male,The Disillusioned Artist,54.5729,0.3755,0.7111,0.5562,0.8556,0.9517,0.3384,0.2350,0.8099,0.3192,0.7808
ALPHA-12-279,45,Female,The Community Builder,82.5074,0.8511,0.2021,0.8115,0.5615,0.7691,0.6294,0.8682,0.9000,0.7833,0.7608
ALPHA-41-683,32,Male,The Cautious Observer,69.0170,0.3259,0.6860,0.6262,0.8972,0.1306,0.7953,0.9010,0.8094,0.3298,0.8707
ALPHA-71-773,53,Female,The Idealistic Activist,56.8605,0.5104,0.4141,0.8643,0.3834,0.2668,0.1991,0.2268,0.3988,0.6074,0.6618
ALPHA-61-150,63,Male,The Ambitious Entrepreneur,57.1941,0.6751,0.5427,0.4774,0.9025,0.5475,0.6876,0.2288,0.7592,0.6564,0.1292
ALPHA-99-148,52,Female,The Community Builder,70.8786,0.8862,0.5094,0.9317,0.5812,0.5442,0.4899,0.7939,0.5687,0.7988,0.5866
ALPHA-95-239,45,Female,The Disillusioned Artist,45.4964,0.2821,0.5785,0.4120,0.4303,0.7321,0.2637,0.5610,0.3111,0.5391,0.2055
ALPHA-67-720,45,Male,The Stoic Engineer,61.2200,0.5971,0.2195,0.8021,0.3193,0.6908,0.6400,0.7349,0.8716,0.3812,0.2740
ALPHA-53-187,30,Male,The Idealistic Activist,59.6900,0.8865,0.7398,0.9035,0.1589,0.8011,0.1794,0.4623,0.2963,0.7891,0.4873
ALPHA-03-461,54,Male,The Disillusioned Artist,62.2751,0.4102,0.7920,0.4016,0.5052,0.8002,0.3383,0.5035,0.2431,0.5183,0.8748
ALPHA-88-373,62,Male,The Idealistic Activist,60.6222,0.8719,0.6359,0.7166,0.3245,0.5870,0.1448,0.3162,0.5196,0.6698,0.7683
ALPHA-25-240,28,Male,The Cautious Observer,55.9885,0.4309,0.8429,0.2742,0.4280,0.7856,0.7405,0.7257,0.1708,0.1080,0.4560
ALPHA-88-730,38,Female,The Community Builder,61.2497,0.6969,0.5600,0.7947,0.7708,0.4035,0.5224,0.1452,0.1818,0.8941,0.8590
ALPHA-01-974,36,Female,The Cautious Observer,69.0885,0.4874,0.7058,0.7043,0.1540,0.7727,0.8953,0.7633,0.1080,0.2788,0.4534
ALPHA-94-709,27,Female,The Disillusioned Artist,48.3886,0.3130,0.7114,0.6974,0.4097,0.7214,0.2272,0.2324,0.4217,0.3134,0.4071
ALPHA-81-082,47,Female,The Ambitious Entrepreneur,61.0371,0.4556,0.3922,0.7733,0.9764,0.4148,0.4718,0.2100,0.8380,0.7303,0.7865
ALPHA-17-396,47,Male,The Ambitious Entrepreneur,56.9723,0.6596,0.5598,0.4481,0.7840,0.4293,0.3386,0.3259,0.7471,0.8662,0.4031
ALPHA-61-969,40,Male,The Ambitious Entrepreneur,58.6611,0.4599,0.3845,0.6413,0.7730,0.7620,0.5641,0.1650,0.6507,0.5369,0.8764
ALPHA-85-814,39,Male,The Cautious Observer,71.5786,0.4720,0.9268,0.4936,0.3097,0.4162,0.6482,0.9337,0.7109,0.3000,0.7720
ALPHA-24-892,16,Male,The Stoic Engineer,69.7835,0.3551,0.4121,0.7449,0.6475,0.6825,0.7121,0.7402,0.8379,0.1471,0.8158
ALPHA-62-813,36,Female,The Ambitious Entrepreneur,49.3159,0.2533,0.5750,0.5217,0.7738,0.8773,0.4328,0.3884,0.6481,0.8227,0.3727
ALPHA-74-608,40,Male,The Community Builder,78.0797,0.7758,0.4977,0.7966,0.3237,0.7592,0.5032,0.6814,0.1262,0.8065,0.8937
ALPHA-88-953,59,Female,The Disillusioned Artist,49.4961,0.3224,0.8267,0.5133,0.6736,0.9265,0.3280,0.3957,0.2281,0.3795,0.1740
ALPHA-20-322,24,Male,The Disillusioned Artist,56.3004,0.4465,0.7260,0.5828,0.8986,0.7587,0.2018,0.2105,0.2285,0.2952,0.8234
ALPHA-51-669,47,Female,The Ambitious Entrepreneur,65.1807,0.8183,0.4270,0.8583,0.9651,0.5519,0.3406,0.1607,0.6612,0.8663,0.5548
ALPHA-42-642,48,Male,The Idealistic Activist,70.0409,0.8790,0.1751,0.8342,0.8033,0.1887,0.3547,0.4771,0.2724,0.9127,0.8732
ALPHA-41-714,54,Male,The Cautious Observer,46.7742,0.2318,0.6164,0.2253,0.6343,0.1059,0.6050,0.7029,0.4760,0.1881,0.2105
ALPHA-72-408,44,Female,The Community Builder,66.8619,0.8507,0.7256,0.7023,0.4625,0.6533,0.6014,0.5354,0.3441,0.7747,0.6101
ALPHA-52-326,34,Male,The Ambitious Entrepreneur,45.5694,0.6908,0.3925,0.2548,0.7315,0.7246,0.4630,0.3714,0.8599,0.5482,0.1737
ALPHA-52-027,45,Female,The Cautious Observer,69.0898,0.4165,0.8665,0.2290,0.6373,0.6327,0.8363,0.8091,0.4690,0.2687,0.6694
ALPHA-13-883,59,Female,The Disillusioned Artist,45.1618,0.1389,0.8856,0.5350,0.3725,0.7050,0.3062,0.2571,0.3045,0.3118,0.2831
ALPHA-92-099,63,Female,The Community Builder,74.1573,0.8256,0.6494,0.9785,0.1441,0.2919,0.7928,0.4684,0.5462,0.9547,0.7160
ALPHA-77-002,48,Female,The Cautious Observer,54.4898,0.3789,0.7663,0.1136,0.2269,0.2370,0.7431,0.8590,0.3584,0.3173,0.4610
ALPHA-17-310,61,Male,The Disillusioned Artist,54.5504,0.3595,0.6497,0.7775,0.4755,0.7140,0.3061,0.4663,0.2447,0.3850,0.2762
ALPHA-38-252,51,Female,The Cautious Observer,64.3545,0.3498,0.6937,0.6037,0.6021,0.2482,0.6868,0.9806,0.2623,0.3616,0.1271
ALPHA-42-469,30,Female,The Community Builder,74.7456,0.7884,0.1371,0.8190,0.6663,0.4511,0.6974,0.5797,0.4618,0.8350,0.8980
ALPHA-17-991,20,Male,The Idealistic Activist,62.2257,0.7345,0.1242,0.7472,0.5363,0.6927,0.4255,0.3329,0.6946,0.9479,0.6795
ALPHA-10-644,43,Female,The Community Builder,82.5448,0.8082,0.2506,0.9350,0.3078,0.5136,0.7916,0.7581,0.3769,0.9460,0.8221
ALPHA-18-396,57,Female,The Stoic Engineer,62.8311,0.6313,0.3076,0.6718,0.6138,0.7904,0.7484,0.7246,0.8264,0.2231,0.1676
ALPHA-06-600,44,Male,The Stoic Engineer,61.2719,0.3901,0.2033,0.2173,0.6724,0.9252,0.6577,0.8833,0.9437,0.2268,0.6362
ALPHA-82-466,68,Female,The Cautious Observer,58.3750,0.2401,0.6587,0.4572,0.2276,0.1710,0.6746,0.9085,0.5067,0.2056,0.2666
ALPHA-93-367,31,Male,The Community Builder,74.7575,0.9093,0.3603,0.8600,0.5738,0.7011,0.5016,0.5769,0.3512,0.8357,0.8493
ALPHA-58-346,23,Male,The Ambitious Entrepreneur,51.8680,0.2612,0.7497,0.2636,0.7734,0.5555,0.4140,0.2600,0.7818,0.5860,0.6003
ALPHA-31-954,58,Male,The Stoic Engineer,60.4821,0.3226,0.4606,0.5329,0.4095,0.7786,0.6817,0.5945,0.9562,0.3507,0.2682
ALPHA-03-809,37,Male,The Stoic Engineer,66.1308,0.6168,0.3358,0.6145,0.1377,0.6222,0.8564,0.8781,0.7696,0.1379,0.2647
ALPHA-83-247,32,Male,The Idealistic Activist,63.8718,0.7648,0.7840,0.9205,0.2372,0.6577,0.3050,0.2703,0.7437,0.8472,0.6833
ALPHA-74-887,31,Female,The Disillusioned Artist,55.3222,0.4589,0.5969,0.7677,0.5431,0.8294,0.3307,0.2321,0.5067,0.2745,0.7332
ALPHA-02-260,33,Male,The Community Builder,80.3765,0.8656,0.8163,0.9023,0.2130,0.1479,0.5659,0.7520,0.7656,0.9824,0.8296
ALPHA-96-903,50,Male,The Cautious Observer,50.5431,0.2468,0.7654,0.2001,0.6544,0.7389,0.6975,0.8798,0.5729,0.3269,0.3121
ALPHA-36-266,43,Female,The Cautious Observer,66.5142,0.3976,0.8275,0.5237,0.6641,0.1087,0.8094,0.8114,0.8105,0.1476,0.2270
ALPHA-55-484,76,Male,The Cautious Observer,69.1775,0.4687,0.7965,0.3992,0.3813,0.6322,0.6003,0.8500,0.6940,0.3528,0.7586
ALPHA-40-367,27,Female,The Stoic Engineer,69.5753,0.3736,0.3692,0.8170,0.5735,0.7824,0.9446,0.7518,0.7737,0.2018,0.2756
ALPHA-10-022,72,Male,The Disillusioned Artist,44.7436,0.3474,0.7589,0.4580,0.6831,0.7351,0.1673,0.2036,0.7426,0.3604,0.5264
ALPHA-14-917,35,Male,The Disillusioned Artist,58.3616,0.2144,0.5508,0.7491,0.4930,0.7292,0.1191,0.3124,0.8527,0.5934,0.8357
ALPHA-40-426,33,Female,The Community Builder,71.0229,0.8132,0.4894,0.8491,0.5598,0.6482,0.4624,0.6362,0.5931,0.9163,0.7981
ALPHA-50-836,57,Male,The Stoic Engineer,79.7999,0.6603,0.4751,0.7284,0.6586,0.9177,0.9179,0.5129,0.9745,0.2832,0.8851
ALPHA-24-063,39,Female,The Stoic Engineer,72.7968,0.3348,0.2347,0.5604,0.7224,0.8716,0.9391,0.8163,0.8008,0.3154,0.8837
ALPHA-87-870,54,Female,The Ambitious Entrepreneur,59.7967,0.5191,0.3088,0.4144,0.8340,0.2876,0.6945,0.3062,0.6359,0.7732,0.8068
ALPHA-23-840,47,Male,The Disillusioned Artist,48.6932,0.2394,0.5500,0.7388,0.1579,0.8262,0.3648,0.3451,0.6964,0.3238,0.3691
ALPHA-71-461,30,Female,The Stoic Engineer,68.9243,0.4034,0.2493,0.4460,0.1188,0.6594,0.7435,0.6503,0.9841,0.1098,0.7009
ALPHA-00-911,49,Male,The Idealistic Activist,52.8417,0.5114,0.1916,0.7296,0.2147,0.7072,0.1498,0.3837,0.7601,0.8887,0.2061
ALPHA-05-375,46,Female,The Idealistic Activist,54.7900,0.5115,0.8015,0.8614,0.2111,0.8733,0.1693,0.3404,0.7244,0.7432,0.3454
ALPHA-92-265,62,Male,The Cautious Observer,53.6413,0.3370,0.7238,0.4755,0.6080,0.2902,0.6291,0.9321,0.6204,0.3191,0.1204
ALPHA-90-460,33,Female,The Ambitious Entrepreneur,53.2924,0.7834,0.5441,0.1433,0.8069,0.7789,0.4307,0.2370,0.8893,0.6387,0.6185
ALPHA-71-420,30,Female,The Idealistic Activist,60.3782,0.8712,0.6012,0.7291,0.7543,0.3103,0.2408,0.3182,0.6254,0.6175,0.5510
ALPHA-77-575,85,Male,The Idealistic Activist,50.7183,0.6437,0.7678,0.7835,0.8657,0.3646,0.2423,0.4386,0.3579,0.7364,0.2000
ALPHA-56-629,24,Male,The Disillusioned Artist,52.5586,0.3030,0.6790,0.4873,0.3482,0.7101,0.1839,0.5164,0.7078,0.3069,0.8663
ALPHA-49-271,30,Male,The Ambitious Entrepreneur,64.5692,0.5278,0.1567,0.8834,0.9136,0.4835,0.3422,0.1192,0.6288,0.8887,0.8775
ALPHA-68-381,46,Female,The Ambitious Entrepreneur,53.9842,0.4756,0.6662,0.4577,0.8500,0.8341,0.6748,0.1101,0.8553,0.6757,0.5077
ALPHA-59-503,22,Female,The Community Builder,73.9123,0.8328,0.1904,0.8097,0.5932,0.6007,0.5959,0.7206,0.4688,0.7799,0.8185
ALPHA-95-184,51,Male,The Disillusioned Artist,56.2441,0.2791,0.5126,0.7595,0.1986,0.9533,0.2388,0.4948,0.4649,0.5336,0.5583
ALPHA-79-791,32,Male,The Cautious Observer,61.7106,0.3789,0.8474,0.5300,0.5913,0.3771,0.8628,0.7735,0.8425,0.3252,0.5465
ALPHA-26-024,43,Female,The Community Builder,65.4982,0.8756,0.8987,0.8927,0.2190,0.5028,0.5625,0.2165,0.1915,0.7395,0.7615
ALPHA-21-464,59,Female,The Community Builder,74.3694,0.7773,0.4070,0.8089,0.6089,0.5601,0.7878,0.4977,0.2426,0.8370,0.5034
ALPHA-03-461,35,Male,The Stoic Engineer,54.3570,0.5573,0.2505,0.2450,0.5559,0.8122,0.8561,0.5279,0.8766,0.1442,0.3619
ALPHA-50-710,46,Female,The Idealistic Activist,48.2278,0.5524,0.6952,0.9006,0.5794,0.2670,0.1008,0.2334,0.5997,0.6533,0.1210
ALPHA-10-392,73,Female,The Disillusioned Artist,48.2883,0.1750,0.6649,0.7426,0.3629,0.7320,0.1195,0.4782,0.5903,0.3812,0.4933
ALPHA-96-077,50,Male,The Community Builder,67.5101,0.7243,0.8273,0.9161,0.8430,0.8431,0.4784,0.1483,0.4426,0.8078,0.5811
ALPHA-89-143,35,Male,The Community Builder,72.3628,0.8187,0.2976,0.9619,0.7051,0.7855,0.7321,0.1500,0.7856,0.7158,0.6111
ALPHA-78-899,70,Female,The Cautious Observer,57.2947,0.3655,0.7761,0.3316,0.7395,0.6186,0.6949,0.7369,0.8709,0.3582,0.3843
ALPHA-14-221,28,Male,The Disillusioned Artist,46.3596,0.3946,0.8144,0.4061,0.3243,0.8152,0.1268,0.2836,0.7050,0.2562,0.8608
ALPHA-93-209,39,Male,The Ambitious Entrepreneur,47.6754,0.4744,0.1969,0.3278,0.8584,0.7261,0.6893,0.2836,0.6982,0.7750,0.1777
ALPHA-99-911,52,Male,The Stoic Engineer,60.6823,0.6914,0.3308,0.1322,0.1647,0.7085,0.7904,0.8690,0.7070,0.2293,0.3701
ALPHA-85-536,37,Male,The Stoic Engineer,79.0705,0.5432,0.4363,0.7270,0.5884,0.6903,0.8579,0.8637,0.8212,0.1856,0.7322
ALPHA-04-775,39,Male,The Disillusioned Artist,52.2151,0.1343,0.8781,0.5701,0.4614,0.9463,0.3417,0.3341,0.7633,0.2140,0.5939
ALPHA-35-565,18,Female,The Cautious Observer,57.5853,0.2089,0.6171,0.1224,0.4543,0.6840,0.8972,0.7441,0.6016,0.2415,0.4708
ALPHA-53-211,41,Male,The Community Builder,73.8806,0.8309,0.3079,0.9338,0.1441,0.5897,0.5306,0.7399,0.4374,0.8302,0.5447
ALPHA-73-389,43,Female,The Community Builder,72.9116,0.8490,0.7384,0.9398,0.8944,0.7945,0.6695,0.4219,0.6923,0.8438,0.8280
ALPHA-16-516,62,Female,The Community Builder,65.7541,0.6549,0.7748,0.9304,0.8694,0.4077,0.7605,0.3875,0.1579,0.8243,0.5655
ALPHA-64-518,32,Male,The Stoic Engineer,70.6007,0.5372,0.4594,0.5064,0.2428,0.7380,0.9357,0.6222,0.8081,0.1130,0.5359
ALPHA-84-093,41,Female,The Cautious Observer,72.8304,0.3859,0.6227,0.6680,0.4374,0.4953,0.7412,0.8351,0.3930,0.3572,0.6112
ALPHA-09-069,16,Male,The Community Builder,76.8473,0.7244,0.4404,0.7798,0.6892,0.6258,0.6616,0.6597,0.7959,0.8712,0.7305
ALPHA-75-174,34,Male,The Disillusioned Artist,48.2903,0.1531,0.7455,0.5307,0.8398,0.9084,0.2908,0.4595,0.5478,0.5442,0.7443
ALPHA-19-845,47,Female,The Idealistic Activist,69.5746,0.7927,0.8713,0.9240,0.4585,0.1954,0.3977,0.4886,0.1804,0.7073,0.4905
ALPHA-52-747,63,Male,The Disillusioned Artist,48.1625,0.1055,0.5811,0.4036,0.6927,0.9876,0.3956,0.5720,0.2838,0.2050,0.6828
ALPHA-03-072,45,Female,The Stoic Engineer,57.6353,0.5981,0.4796,0.2858,0.5832,0.6222,0.9273,0.7276,0.7669,0.1746,0.1745
ALPHA-15-638,16,Male,The Ambitious Entrepreneur,67.1107,0.8488,0.7832,0.8132,0.9816,0.4522,0.6624,0.1353,0.8468,0.6729,0.5147
ALPHA-91-125,55,Female,The Idealistic Activist,53.9603,0.5002,0.3396,0.7944,0.8474,0.6670,0.4859,0.2467,0.2873,0.8767,0.1225
ALPHA-18-899,38,Female,The Cautious Observer,68.9838,0.3356,0.8364,0.8173,0.8083,0.5427,0.6854,0.7080,0.3017,0.3948,0.6299
ALPHA-13-327,36,Female,The Stoic Engineer,71.6427,0.4428,0.2329,0.5480,0.2463,0.7878,0.7495,0.8355,0.9092,0.1872,0.7493
ALPHA-26-916,36,Female,The Disillusioned Artist,47.8223,0.4999,0.8063,0.5730,0.3357,0.9691,0.3120,0.3576,0.2310,0.2167,0.1672
ALPHA-78-560,24,Female,The Cautious Observer,61.1718,0.2089,0.6824,0.8176,0.6531,0.6557,0.8778,0.7178,0.1080,0.1481,0.2335
ALPHA-81-718,36,Male,The Ambitious Entrepreneur,59.7906,0.7771,0.1953,0.5727,0.8231,0.8585,0.6702,0.2023,0.9254,0.6654,0.4127
ALPHA-44-844,51,Female,The Idealistic Activist,67.3723,0.8678,0.8524,0.9790,0.5050,0.4624,0.1047,0.4181,0.6591,0.7711,0.6295
ALPHA-77-836,36,Female,The Idealistic Activist,70.0913,0.8054,0.5123,0.7331,0.6837,0.4695,0.3295,0.4831,0.3801,0.7695,0.8400
ALPHA-27-022,46,Female,The Stoic Engineer,50.8384,0.5363,0.3070,0.1935,0.6393,0.7698,0.6326,0.5436,0.9480,0.3431,0.4500
ALPHA-52-641,18,Male,The Disillusioned Artist,41.0776,0.1639,0.7119,0.4647,0.5668,0.9769,0.1123,0.2765,0.5432,0.2459,0.7000
ALPHA-53-423,32,Male,The Disillusioned Artist,47.2817,0.1423,0.8210,0.7780,0.3322,0.7708,0.1998,0.5762,0.8052,0.5939,0.2957
ALPHA-21-140,73,Male,The Community Builder,81.0480,0.8896,0.2498,0.9496,0.4456,0.5720,0.7224,0.6446,0.6604,0.9708,0.8707
ALPHA-03-698,39,Male,The Disillusioned Artist,45.7599,0.4141,0.5024,0.4166,0.4531,0.9678,0.1896,0.3011,0.5095,0.5872,0.6689
ALPHA-61-139,50,Female,The Ambitious Entrepreneur,61.3583,0.5122,0.3672,0.6708,0.9550,0.8506,0.3818,0.2480,0.7422,0.6233,0.8923
ALPHA-60-124,25,Female,The Cautious Observer,58.0719,0.3412,0.6050,0.1522,0.1841,0.3602,0.6951,0.9844,0.4962,0.3157,0.4240
ALPHA-44-670,28,Male,The Community Builder,77.0984,0.7811,0.6238,0.8494,0.7519,0.8756,0.4385,0.7524,0.7416,0.8473,0.6659
ALPHA-53-886,44,Female,The Idealistic Activist,61.1307,0.5983,0.6996,0.8479,0.5125,0.2791,0.2342,0.4092,0.2320,0.7461,0.6813
ALPHA-53-849,24,Male,The Stoic Engineer,70.4835,0.5317,0.2117,0.7669,0.4503,0.7685,0.8282,0.6318,0.7219,0.3279,0.8431
ALPHA-96-870,27,Male,The Disillusioned Artist,55.1784,0.4482,0.6284,0.5612,0.3432,0.7416,0.3545,0.4347,0.1309,0.4837,0.8268
ALPHA-25-323,51,Female,The Community Builder,69.4804,0.7287,0.1144,0.9691,0.1710,0.7022,0.7797,0.4600,0.1069,0.8304,0.5614
ALPHA-49-453,40,Female,The Ambitious Entrepreneur,39.8048,0.7509,0.2197,0.1160,0.8778,0.4920,0.3770,0.1135,0.7152,0.7592,0.1555
ALPHA-60-426,40,Female,The Cautious Observer,72.5589,0.3115,0.8889,0.6247,0.4970,0.7238,0.8466,0.9210,0.4679,0.1071,0.6635
ALPHA-21-901,23,Male,The Cautious Observer,52.5135,0.3749,0.7326,0.2128,0.7970,0.8062,0.6363,0.8107,0.1571,0.2077,0.2719
ALPHA-80-547,35,Female,The Stoic Engineer,58.2685,0.5680,0.2387,0.3964,0.8820,0.7758,0.7751,0.6514,0.7367,0.2571,0.3525
ALPHA-80-875,39,Male,The Idealistic Activist,64.3603,0.8992,0.2861,0.9687,0.1183,0.2753,0.2964,0.4850,0.8950,0.6388,0.1769
ALPHA-57-245,20,Female,The Disillusioned Artist,51.8103,0.2949,0.8249,0.4962,0.7440,0.7937,0.1024,0.3046,0.4566,0.3839,0.7071
ALPHA-78-913,36,Female,The Disillusioned Artist,42.7252,0.2208,0.5691,0.7087,0.4870,0.7189,0.1294,0.3719,0.5639,0.4488,0.2961
ALPHA-63-315,47,Male,The Idealistic Activist,53.3278,0.8674,0.5039,0.7051,0.8950,0.2217,0.3008,0.4395,0.2570,0.7066,0.2195
ALPHA-19-900,26,Male,The Disillusioned Artist,47.3377,0.2680,0.5088,0.4394,0.1898,0.7677,0.3448,0.3830,0.8498,0.5666,0.6539
ALPHA-53-449,20,Female,The Disillusioned Artist,56.1588,0.1349,0.5148,0.5978,0.1771,0.9458,0.1181,0.4658,0.2896,0.4569,0.7639
ALPHA-96-038,35,Female,The Stoic Engineer,61.9575,0.4809,0.4551,0.8125,0.7255,0.6008,0.9215,0.6898,0.9123,0.2959,0.1088
ALPHA-39-787,41,Female,The Stoic Engineer,52.0419,0.5130,0.2565,0.1909,0.1445,0.7286,0.7316,0.6240,0.8470,0.1962,0.2611
ALPHA-81-164,22,Male,The Stoic Engineer,66.7198,0.5157,0.4621,0.8293,0.1040,0.7847,0.7321,0.5583,0.9741,0.2185,0.4611
ALPHA-24-838,41,Female,The Stoic Engineer,53.6516,0.3957,0.4239,0.3292,0.4055,0.6631,0.6557,0.6653,0.7562,0.1113,0.3263
ALPHA-45-191,26,Male,The Disillusioned Artist,55.0988,0.4365,0.7359,0.6654,0.8014,0.9429,0.2973,0.4581,0.7199,0.4302,0.6996
ALPHA-78-666,58,Female,The Stoic Engineer,74.3857,0.5650,0.4021,0.3521,0.3624,0.8698,0.8201,0.8295,0.8260,0.2865,0.7772
ALPHA-87-171,32,Female,The Community Builder,68.0160,0.6730,0.4651,0.8133,0.1174,0.7156,0.6832,0.1711,0.6878,0.7447,0.6725
ALPHA-40-364,35,Female,The Disillusioned Artist,40.2340,0.2222,0.7293,0.7115,0.7545,0.7517,0.1198,0.4021,0.8309,0.3366,0.1611
ALPHA-32-951,67,Male,The Disillusioned Artist,49.0458,0.4371,0.5452,0.5515,0.4112,0.8353,0.2662,0.5076,0.6361,0.3779,0.4468
ALPHA-47-316,26,Male,The Ambitious Entrepreneur,69.6045,0.8566,0.3334,0.5028,0.7978,0.3258,0.6064,0.2325,0.8115,0.7069,0.8288
ALPHA-67-976,54,Female,The Cautious Observer,62.8832,0.2928,0.8786,0.6094,0.6026,0.8546,0.7379,0.9363,0.2682,0.1167,0.3124
ALPHA-04-524,28,Male,The Ambitious Entrepreneur,60.1842,0.6334,0.7919,0.3527,0.7344,0.8024,0.4416,0.3255,0.9337,0.6794,0.6829
ALPHA-15-687,44,Female,The Community Builder,70.5804,0.6553,0.6967,0.7260,0.4796,0.4720,0.6196,0.6285,0.2546,0.8508,0.6022
ALPHA-12-767,60,Male,The Stoic Engineer,67.7896,0.6131,0.3687,0.8701,0.2173,0.8195,0.7782,0.6121,0.8839,0.2388,0.3624
ALPHA-96-724,16,Male,The Disillusioned Artist,53.9020,0.1834,0.8992,0.7808,0.1839,0.9643,0.3034,0.5387,0.8837,0.2600,0.3725
ALPHA-11-981,53,Male,The Idealistic Activist,54.6489,0.5951,0.4298,0.9455,0.2829,0.8603,0.4175,0.2076,0.3774,0.7089,0.4194
ALPHA-22-235,37,Male,The Ambitious Entrepreneur,48.6899,0.6524,0.1090,0.4306,0.8561,0.7609,0.6679,0.1564,0.6340,0.7944,0.1873
ALPHA-51-981,81,Male,The Cautious Observer,66.4463,0.4717,0.6739,0.5324,0.2785,0.4784,0.6311,0.7488,0.3085,0.1619,0.8819
ALPHA-99-817,65,Male,The Disillusioned Artist,43.3089,0.2251,0.6342,0.4947,0.4991,0.8899,0.2580,0.4934,0.4397,0.3113,0.1153
ALPHA-89-522,42,Female,The Idealistic Activist,62.5126,0.7432,0.1568,0.7153,0.7266,0.1745,0.1373,0.3859,0.7633,0.9047,0.7756
ALPHA-87-702,59,Male,The Idealistic Activist,70.6160,0.8269,0.6469,0.7709,0.2386,0.7145,0.3677,0.4428,0.5615,0.9334,0.8633
ALPHA-81-497,36,Male,The Cautious Observer,70.2968,0.2204,0.6352,0.5877,0.3383,0.4655,0.7130,0.7930,0.3203,0.1289,0.7099
ALPHA-40-942,63,Male,The Community Builder,66.4052,0.8522,0.5832,0.7875,0.4649,0.2474,0.6154,0.4118,0.1516,0.7730,0.7209
ALPHA-70-092,16,Female,The Stoic Engineer,63.8829,0.6132,0.3666,0.8981,0.2387,0.9479,0.6375,0.6840,0.7573,0.3948,0.2332
ALPHA-15-540,31,Female,The Cautious Observer,60.0572,0.3769,0.7547,0.6073,0.2548,0.6952,0.8134,0.7178,0.4621,0.3505,0.4021
ALPHA-43-956,42,Male,The Stoic Engineer,52.4132,0.3956,0.4006,0.3466,0.2981,0.7858,0.7474,0.6978,0.8959,0.3159,0.1050
ALPHA-19-511,39,Male,The Ambitious Entrepreneur,65.9332,0.8206,0.6291,0.4902,0.8068,0.7499,0.4437,0.1924,0.7478,0.5587,0.8767
ALPHA-04-359,33,Female,The Stoic Engineer,82.3580,0.5846,0.3192,0.6953,0.6412,0.8999,0.9460,0.7862,0.7540,0.3738,0.8688
ALPHA-84-500,54,Female,The Disillusioned Artist,57.7618,0.4512,0.7262,0.7273,0.6421,0.8157,0.1182,0.2704,0.1467,0.5073,0.8184
ALPHA-76-034,57,Male,The Community Builder,72.8125,0.6443,0.3627,0.8359,0.3355,0.1643,0.7749,0.3673,0.3767,0.8571,0.6246
ALPHA-80-129,44,Male,The Cautious Observer,61.7046,0.4140,0.8633,0.1558,0.1709,0.3997,0.8046,0.7560,0.1212,0.1936,0.3991
ALPHA-60-501,35,Female,The Community Builder,65.6950,0.6641,0.6879,0.9654,0.3571,0.8000,0.6247,0.2328,0.5614,0.9814,0.6463
ALPHA-07-286,45,Male,The Disillusioned Artist,56.0034,0.3703,0.6515,0.7828,0.6032,0.7273,0.1999,0.2260,0.4875,0.3178,0.6093
ALPHA-06-644,16,Male,The Disillusioned Artist,52.4046,0.1172,0.5596,0.7575,0.8093,0.8382,0.1496,0.4644,0.2212,0.5213,0.3590
ALPHA-57-927,31,Female,The Community Builder,66.4118,0.9197,0.5846,0.9895,0.6733,0.3050,0.4196,0.1038,0.3300,0.7913,0.8443
ALPHA-77-044,42,Female,The Cautious Observer,65.1581,0.4919,0.8094,0.5451,0.8222,0.5704,0.6212,0.7497,0.4353,0.2811,0.3586
ALPHA-44-257,31,Male,The Community Builder,73.0623,0.7170,0.1157,0.9369,0.8368,0.6017,0.6515,0.3356,0.4957,0.8868,0.7877
ALPHA-32-679,55,Female,The Disillusioned Artist,46.1639,0.4570,0.8265,0.7086,0.4839,0.8480,0.2343,0.3046,0.5069,0.5048,0.2651
ALPHA-74-027,39,Male,The Ambitious Entrepreneur,44.7618,0.8253,0.6735,0.1979,0.7236,0.7171,0.5255,0.2096,0.6069,0.7765,0.1402
ALPHA-48-754,46,Male,The Idealistic Activist,56.3619,0.5600,0.2208,0.8584,0.4375,0.8634,0.1852,0.3987,0.2954,0.7669,0.1162
ALPHA-37-952,57,Male,The Community Builder,65.3773,0.6775,0.7676,0.9244,0.4902,0.6733,0.4363,0.4390,0.6568,0.9278,0.8646
ALPHA-41-185,43,Female,The Ambitious Entrepreneur,46.8959,0.2651,0.1913,0.2505,0.8946,0.6958,0.4416,0.2701,0.6368,0.6723,0.7526
ALPHA-09-368,36,Female,The Stoic Engineer,60.7784,0.5845,0.3781,0.2384,0.4827,0.8962,0.6074,0.5187,0.7890,0.2463,0.4696
ALPHA-10-365,37,Female,The Cautious Observer,60.2708,0.3353,0.6247,0.7961,0.4670,0.3224,0.7218,0.9148,0.2087,0.1082,0.2067
ALPHA-67-271,82,Female,The Cautious Observer,72.4340,0.2782,0.8849,0.6623,0.3632,0.8917,0.8632,0.9142,0.6990,0.2223,0.8900
ALPHA-28-925,25,Male,The Stoic Engineer,66.0444,0.4512,0.2007,0.5884,0.5997,0.8133,0.6942,0.6437,0.9570,0.1107,0.4607
ALPHA-51-452,57,Male,The Cautious Observer,72.9702,0.2575,0.7023,0.5777,0.2237,0.5222,0.8283,0.7904,0.2869,0.2880,0.7487
ALPHA-41-253,41,Male,The Idealistic Activist,67.3866,0.6108,0.2892,0.8347,0.4290,0.1765,0.2843,0.4991,0.2885,0.7879,0.8435
ALPHA-73-212,34,Female,The Stoic Engineer,67.8525,0.6293,0.4799,0.5166,0.4778,0.8602,0.7018,0.5448,0.8712,0.1443,0.4938
ALPHA-08-766,61,Male,The Stoic Engineer,66.3394,0.6927,0.2098,0.5808,0.2412,0.9074,0.6110,0.5694,0.9193,0.1340,0.5410
ALPHA-97-863,48,Female,The Stoic Engineer,58.5386,0.4662,0.2359,0.5455,0.2466,0.6211,0.6523,0.6937,0.9340,0.2227,0.1266
ALPHA-67-283,34,Female,The Stoic Engineer,64.4934,0.4983,0.3417,0.6441,0.8815,0.7153,0.9190,0.5617,0.9798,0.3346,0.1025
ALPHA-59-746,34,Male,The Ambitious Entrepreneur,48.8109,0.2533,0.8423,0.5464,0.7676,0.1580,0.4466,0.3931,0.7627,0.7679,0.5704
ALPHA-57-980,54,Male,The Stoic Engineer,59.6885,0.3468,0.2548,0.7503,0.6400,0.6328,0.8240,0.5262,0.7289,0.3162,0.2832
ALPHA-01-599,43,Female,The Cautious Observer,59.1827,0.3894,0.8359,0.7645,0.1774,0.2224,0.7004,0.7228,0.4148,0.1293,0.2998
ALPHA-57-002,24,Male,The Community Builder,65.0204,0.8068,0.7865,0.8419,0.4529,0.4425,0.4208,0.1247,0.6147,0.7345,0.5220
ALPHA-13-549,73,Female,The Idealistic Activist,60.7473,0.7811,0.7077,0.8713,0.1215,0.8438,0.4577,0.2507,0.5649,0.8313,0.3938
ALPHA-92-151,48,Female,The Stoic Engineer,74.3841,0.5231,0.2537,0.7656,0.2837,0.8898,0.8735,0.5249,0.9076,0.3870,0.6322
ALPHA-89-241,16,Female,The Disillusioned Artist,54.1286,0.4652,0.5025,0.5122,0.1228,0.7759,0.3723,0.2850,0.1474,0.5789,0.7324
ALPHA-24-315,39,Male,The Ambitious Entrepreneur,51.5821,0.6677,0.3210,0.4541,0.9785,0.8111,0.3480,0.1397,0.6157,0.6824,0.5775
ALPHA-83-568,36,Female,The Community Builder,79.3218,0.8759,0.3611,0.7328,0.4804,0.4297,0.7720,0.8664,0.2272,0.9501,0.5771
ALPHA-17-805,16,Female,The Cautious Observer,72.4359,0.4020,0.9288,0.6319,0.5293,0.6983,0.7694,0.9072,0.8029,0.3903,0.5857
ALPHA-60-514,21,Female,The Cautious Observer,66.4762,0.3385,0.9157,0.2152,0.2983,0.7819,0.6577,0.8413,0.5163,0.1615,0.7580
ALPHA-04-103,35,Female,The Ambitious Entrepreneur,50.4013,0.2365,0.8259,0.4385,0.9684,0.1593,0.5533,0.3718,0.7429,0.5803,0.7318
ALPHA-21-045,30,Male,The Community Builder,66.9817,0.6655,0.4203,0.7544,0.5749,0.6271,0.4140,0.8331,0.1273,0.7183,0.5507
ALPHA-52-870,33,Male,The Community Builder,74.5226,0.7916,0.8551,0.9135,0.2072,0.8819,0.5578,0.3113,0.3316,0.9785,0.8745
ALPHA-67-593,63,Male,The Idealistic Activist,56.6484,0.7142,0.5497,0.7110,0.7146,0.7989,0.1520,0.4278,0.4843,0.8809,0.5860
ALPHA-40-108,34,Male,The Stoic Engineer,66.6247,0.4213,0.3874,0.7933,0.4859,0.8482,0.8666,0.8577,0.8478,0.1501,0.3929
ALPHA-21-050,41,Male,The Stoic Engineer,62.5862,0.3070,0.3486,0.7936,0.1868,0.7660,0.7222,0.6473,0.8361,0.2579,0.1119
ALPHA-50-787,42,Male,The Stoic Engineer,60.5264,0.4529,0.4238,0.6048,0.6565,0.6366,0.6003,0.7942,0.7178,0.2585,0.1079
ALPHA-24-899,64,Female,The Stoic Engineer,69.4537,0.4509,0.4742,0.6282,0.4229,0.6700,0.9214,0.6787,0.9683,0.3538,0.7594
ALPHA-74-272,63,Female,The Disillusioned Artist,57.5887,0.1738,0.6645,0.7711,0.5041,0.9173,0.3728,0.3121,0.3754,0.5774,0.6824
ALPHA-40-501,31,Female,The Community Builder,78.0633,0.7436,0.7707,0.9738,0.8744,0.1297,0.6488,0.5054,0.7597,0.7615,0.7248
ALPHA-53-163,39,Female,The Community Builder,72.8026,0.7496,0.7303,0.9158,0.5758,0.4947,0.4275,0.8274,0.7811,0.8896,0.5783
ALPHA-40-655,35,Female,The Stoic Engineer,72.8375,0.5273,0.2136,0.7578,0.8521,0.6746,0.8442,0.7612,0.9653,0.2345,0.8855
ALPHA-97-861,27,Female,The Idealistic Activist,55.7435,0.5358,0.5713,0.8816,0.4990,0.3374,0.4617,0.2475,0.4466,0.9396,0.2376
ALPHA-70-091,47,Male,The Stoic Engineer,64.9428,0.3829,0.4953,0.7499,0.3242,0.7761,0.8310,0.6225,0.7861,0.3794,0.3786
ALPHA-08-698,66,Male,The Ambitious Entrepreneur,47.8791,0.4909,0.7326,0.4039,0.9177,0.7613,0.4885,0.1084,0.6561,0.6431,0.5094
ALPHA-59-214,36,Male,The Cautious Observer,65.2750,0.2801,0.9004,0.8745,0.6163,0.5354,0.7137,0.9258,0.3871,0.3637,0.5419
ALPHA-31-224,68,Female,The Cautious Observer,52.6564,0.3550,0.9159,0.2473,0.7319,0.3840,0.7667,0.7459,0.1785,0.2577,0.1710
ALPHA-47-991,45,Female,The Disillusioned Artist,51.3858,0.2554,0.8883,0.5985,0.8351,0.8974,0.1944,0.3442,0.3516,0.5370,0.5079
ALPHA-50-445,41,Female,The Ambitious Entrepreneur,56.6776,0.8143,0.3240,0.6443,0.7539,0.4119,0.4735,0.3864,0.8070,0.5489,0.3183
ALPHA-32-216,48,Male,The Ambitious Entrepreneur,65.3066,0.7224,0.6587,0.7557,0.8816,0.1154,0.5151,0.1877,0.7655,0.8622,0.8792
ALPHA-24-326,34,Male,The Stoic Engineer,56.0982,0.3344,0.4092,0.4475,0.1406,0.8345,0.8845,0.6485,0.9248,0.2205,0.3105
ALPHA-95-470,48,Female,The Ambitious Entrepreneur,56.5683,0.6143,0.6977,0.7147,0.8137,0.7561,0.3712,0.3707,0.7860,0.5745,0.5559
ALPHA-37-487,53,Female,The Disillusioned Artist,42.1192,0.2335,0.7428,0.6373,0.6347,0.8033,0.1084,0.5859,0.2607,0.3402,0.2153
ALPHA-27-997,51,Female,The Cautious Observer,75.5254,0.3562,0.8080,0.6696,0.4558,0.3546,0.7291,0.8142,0.3948,0.2373,0.8561
ALPHA-62-060,45,Male,The Stoic Engineer,57.6680,0.4978,0.4736,0.2086,0.1750,0.6124,0.9130,0.5256,0.8408,0.1329,0.4603
ALPHA-33-650,48,Male,The Disillusioned Artist,48.5316,0.2559,0.5793,0.5018,0.2852,0.7094,0.1590,0.5209,0.6676,0.2847,0.5721
ALPHA-94-494,58,Female,The Community Builder,70.2004,0.7116,0.7953,0.8584,0.5886,0.1516,0.4898,0.8057,0.3790,0.7329,0.8018
ALPHA-73-356,16,Male,The Cautious Observer,74.3239,0.3828,0.8251,0.2553,0.6895,0.7883,0.8447,0.9874,0.2955,0.1521,0.8640
ALPHA-50-179,50,Male,The Ambitious Entrepreneur,52.6013,0.8583,0.5800,0.5390,0.7938,0.6996,0.3894,0.1869,0.6732,0.7613,0.3120
ALPHA-88-841,25,Male,The Disillusioned Artist,51.7379,0.4546,0.7974,0.4136,0.6185,0.8964,0.1755,0.3567,0.4297,0.2491,0.7756
ALPHA-47-258,78,Female,The Stoic Engineer,62.0244,0.3181,0.3945,0.1043,0.3318,0.6571,0.7716,0.6869,0.7859,0.2148,0.6373
ALPHA-00-710,22,Female,The Cautious Observer,54.6087,0.3279,0.7080,0.1728,0.5036,0.3287,0.7560,0.9899,0.6605,0.3078,0.2201
ALPHA-22-501,34,Male,The Disillusioned Artist,61.7931,0.4146,0.5339,0.6458,0.5105,0.7407,0.3595,0.4747,0.3038,0.3790,0.8398
ALPHA-56-335,40,Female,The Community Builder,72.4222,0.7009,0.6346,0.8286,0.6566,0.2211,0.4063,0.7118,0.7748,0.8770,0.6327
ALPHA-92-606,16,Male,The Ambitious Entrepreneur,46.5766,0.7745,0.1438,0.1865,0.9730,0.8813,0.3745,0.2458,0.6190,0.5999,0.2296
ALPHA-78-084,22,Female,The Disillusioned Artist,48.5318,0.2126,0.7941,0.7856,0.4935,0.8472,0.2656,0.3319,0.3758,0.3213,0.1437
ALPHA-52-128,40,Female,The Ambitious Entrepreneur,51.8366,0.7330,0.5935,0.7261,0.9863,0.7760,0.6315,0.1202,0.6616,0.5585,0.2209
ALPHA-28-923,51,Female,The Cautious Observer,62.2799,0.2458,0.6304,0.8123,0.6781,0.2270,0.7000,0.8021,0.3350,0.1987,0.1405
ALPHA-15-856,19,Male,The Idealistic Activist,55.7669,0.5597,0.2045,0.8542,0.6886,0.1950,0.3386,0.4218,0.7619,0.9077,0.3280
ALPHA-97-836,45,Male,The Cautious Observer,64.4760,0.2896,0.7113,0.5741,0.5566,0.3021,0.6733,0.8990,0.7859,0.1000,0.4533
ALPHA-89-979,57,Male,The Ambitious Entrepreneur,58.3459,0.5249,0.7690,0.5490,0.9022,0.6592,0.5719,0.2452,0.6367,0.5216,0.8186
ALPHA-82-732,48,Male,The Ambitious Entrepreneur,51.5739,0.1197,0.5265,0.8888,0.7887,0.6071,0.5259,0.1939,0.7934,0.5201,0.5808
ALPHA-68-899,44,Female,The Community Builder,75.2363,0.9439,0.6791,0.7793,0.4415,0.1315,0.6531,0.5861,0.3042,0.7600,0.7916
ALPHA-91-090,35,Male,The Community Builder,74.1827,0.6200,0.6857,0.8848,0.6522,0.4786,0.6151,0.7313,0.5381,0.7167,0.8612
ALPHA-72-006,22,Female,The Stoic Engineer,63.3027,0.4262,0.2220,0.7472,0.8700,0.7703,0.7606,0.6414,0.7160,0.2596,0.1217
ALPHA-69-579,62,Female,The Cautious Observer,60.0685,0.3843,0.6907,0.1163,0.3899,0.3637,0.8172,0.7625,0.2099,0.1376,0.7573
ALPHA-46-778,65,Male,The Stoic Engineer,60.3548,0.5774,0.4261,0.2059,0.8685,0.7924,0.6709,0.6856,0.7685,0.3201,0.4633
ALPHA-49-565,34,Male,The Community Builder,75.7254,0.8554,0.2816,0.8971,0.5577,0.7012,0.7019,0.8844,0.8736,0.7075,0.6402
ALPHA-48-501,51,Female,The Idealistic Activist,51.2137,0.6553,0.3919,0.7773,0.2195,0.3732,0.1051,0.4929,0.2009,0.9241,0.3764
ALPHA-43-148,16,Male,The Disillusioned Artist,45.3429,0.1511,0.7538,0.4002,0.4379,0.7842,0.2251,0.4737,0.7582,0.3738,0.3171
ALPHA-09-865,16,Female,The Community Builder,73.8875,0.6771,0.6031,0.7317,0.1322,0.7779,0.6341,0.8626,0.7112,0.7200,0.7495
ALPHA-07-665,60,Female,The Idealistic Activist,69.5561,0.8682,0.5177,0.8964,0.4820,0.2501,0.2002,0.3336,0.2041,0.8114,0.8130
ALPHA-00-315,49,Female,The Disillusioned Artist,49.1970,0.1469,0.5436,0.6695,0.8730,0.7241,0.2002,0.2542,0.5348,0.4908,0.3717
ALPHA-48-586,35,Male,The Cautious Observer,70.4411,0.4161,0.8952,0.7238,0.4601,0.7699,0.7914,0.8466,0.8320,0.2875,0.2759
ALPHA-19-152,49,Male,The Ambitious Entrepreneur,68.1455,0.5470,0.2072,0.8551,0.8458,0.1765,0.3943,0.3396,0.9008,0.6749,0.7567
ALPHA-06-192,37,Female,The Ambitious Entrepreneur,61.6767,0.6748,0.8754,0.7908,0.9687,0.3066,0.6392,0.2502,0.9406,0.5512,0.4059
ALPHA-10-456,35,Male,The Disillusioned Artist,53.9826,0.4942,0.6570,0.6556,0.8358,0.8417,0.2104,0.5974,0.7417,0.2677,0.3307
ALPHA-36-042,30,Male,The Cautious Observer,60.4880,0.2984,0.9460,0.8823,0.2453,0.2045,0.7463,0.8297,0.8335,0.2826,0.2592
ALPHA-76-839,29,Male,The Stoic Engineer,76.2018,0.6954,0.3718,0.8109,0.2365,0.9420,0.6812,0.7622,0.7295,0.3584,0.8604
ALPHA-81-281,33,Female,The Cautious Observer,59.6055,0.3759,0.6423,0.3773,0.4457,0.4237,0.8704,0.8375,0.5553,0.1838,0.2790
ALPHA-85-538,50,Female,The Disillusioned Artist,50.5572,0.3324,0.8309,0.6412,0.5563,0.7333,0.3626,0.4144,0.8209,0.5821,0.5878
ALPHA-95-929,24,Male,The Stoic Engineer,57.7710,0.6361,0.2351,0.1819,0.5142,0.6420,0.7980,0.8503,0.8777,0.1813,0.1107
ALPHA-70-359,25,Female,The Stoic Engineer,62.9962,0.3066,0.4493,0.7683,0.1566,0.9466,0.8224,0.5596,0.8191,0.2065,0.4981
ALPHA-47-928,54,Female,The Ambitious Entrepreneur,51.4579,0.7970,0.7327,0.1620,0.8808,0.3650,0.4568,0.3219,0.6450,0.8603,0.3403
ALPHA-86-839,25,Female,The Cautious Observer,66.2568,0.3801,0.8440,0.8241,0.8558,0.4003,0.8479,0.9300,0.7363,0.3934,0.2324
ALPHA-55-382,21,Female,The Community Builder,78.6971,0.9248,0.1154,0.9645,0.5197,0.7777,0.4808,0.5872,0.6142,0.9687,0.6951
ALPHA-82-817,65,Male,The Community Builder,64.0266,0.6072,0.2387,0.8834,0.2824,0.4846,0.4713,0.1929,0.3869,0.9237,0.7168
ALPHA-62-943,61,Female,The Ambitious Entrepreneur,44.0296,0.1398,0.2757,0.7164,0.7558,0.4028,0.3610,0.2497,0.8220,0.5647,0.3969
ALPHA-06-068,37,Male,The Ambitious Entrepreneur,63.5110,0.8759,0.1865,0.7390,0.7880,0.2013,0.4388,0.2950,0.6361,0.5733,0.4487
ALPHA-76-384,44,Male,The Cautious Observer,55.2928,0.4553,0.6296,0.1670,0.5186,0.6794,0.6410,0.7766,0.6246,0.1215,0.1881
ALPHA-97-117,60,Female,The Stoic Engineer,62.8110,0.4931,0.4574,0.8370,0.4073,0.7443,0.7864,0.6886,0.7234,0.2649,0.2433
ALPHA-52-023,51,Male,The Stoic Engineer,61.0453,0.6400,0.3757,0.2860,0.2975,0.9195,0.6184,0.6760,0.9820,0.1067,0.2987
ALPHA-25-424,72,Male,The Community Builder,81.8389,0.7994,0.7401,0.8991,0.2669,0.2401,0.6216,0.8903,0.4148,0.8336,0.6102
ALPHA-75-116,22,Male,The Idealistic Activist,66.0180,0.8109,0.7068,0.8620,0.7912,0.4591,0.4157,0.2653,0.4697,0.6835,0.7671
ALPHA-98-813,33,Female,The Community Builder,72.3544,0.6670,0.2294,0.8236,0.2013,0.3629,0.5234,0.3997,0.7910,0.9389,0.8091
ALPHA-86-869,36,Male,The Stoic Engineer,80.2381,0.5813,0.3800,0.6241,0.4077,0.9217,0.8660,0.8205,0.7244,0.2440,0.8374
ALPHA-84-806,31,Female,The Community Builder,74.7086,0.9371,0.2078,0.9573,0.7120,0.3442,0.5934,0.2332,0.4657,0.7735,0.6640
ALPHA-78-768,67,Male,The Cautious Observer,64.3633,0.3360,0.7725,0.3818,0.8483,0.3681,0.8608,0.9085,0.2279,0.3424,0.5027
ALPHA-34-385,49,Male,The Stoic Engineer,77.3029,0.5949,0.4120,0.6686,0.6934,0.7476,0.8295,0.7512,0.8071,0.3134,0.7114
ALPHA-61-387,48,Female,The Community Builder,64.4392,0.9222,0.2791,0.7075,0.3709,0.3840,0.7587,0.2495,0.4342,0.9078,0.6106
ALPHA-22-253,16,Male,The Stoic Engineer,65.6909,0.6444,0.2104,0.4679,0.8914,0.8832,0.7534,0.7296,0.7022,0.1770,0.4077
ALPHA-51-736,34,Male,The Idealistic Activist,66.6254,0.8740,0.1446,0.8082,0.2146,0.8475,0.3621,0.3699,0.8481,0.6228,0.8601
ALPHA-74-193,48,Female,The Community Builder,70.2182,0.8789,0.3018,0.8633,0.8885,0.7473,0.5930,0.4267,0.8448,0.7081,0.7114
ALPHA-63-231,42,Female,The Community Builder,64.9551,0.8742,0.3992,0.8153,0.4740,0.6176,0.6823,0.2833,0.2691,0.9636,0.6237
ALPHA-18-766,61,Male,The Cautious Observer,49.1592,0.3499,0.8962,0.1637,0.7251,0.8130,0.7335,0.7703,0.8933,0.1570,0.1787
ALPHA-86-715,34,Male,The Cautious Observer,69.0679,0.3755,0.7317,0.7016,0.3477,0.7625,0.8724,0.7033,0.2716,0.3282,0.6197
ALPHA-27-452,38,Female,The Idealistic Activist,59.9759,0.6164,0.1648,0.9692,0.2877,0.2131,0.4802,0.2861,0.6147,0.8456,0.4772
ALPHA-94-782,38,Male,The Idealistic Activist,63.2502,0.6212,0.5412,0.8882,0.7055,0.5793,0.2643,0.4884,0.6299,0.8506,0.5138
ALPHA-14-532,16,Male,The Community Builder,62.1369,0.6275,0.2011,0.8408,0.2782,0.7109,0.6154,0.3959,0.3163,0.8970,0.5165
ALPHA-65-728,50,Male,The Stoic Engineer,58.7047,0.6090,0.2422,0.1263,0.4035,0.7466,0.9356,0.6331,0.9080,0.3203,0.4540
ALPHA-99-159,33,Male,The Community Builder,60.6322,0.7615,0.3163,0.7116,0.5418,0.7005,0.4287,0.4709,0.8146,0.8030,0.5152
ALPHA-71-280,44,Male,The Disillusioned Artist,50.4490,0.3742,0.7535,0.6009,0.5162,0.9876,0.2619,0.3722,0.6913,0.5734,0.1752
ALPHA-83-723,37,Male,The Disillusioned Artist,43.9623,0.1214,0.6064,0.4103,0.1178,0.7976,0.2509,0.2007,0.8318,0.3187,0.5529
ALPHA-90-643,39,Male,The Stoic Engineer,61.3583,0.3139,0.4075,0.4925,0.3613,0.6261,0.7489,0.5638,0.8203,0.2567,0.7343
ALPHA-86-844,16,Female,The Ambitious Entrepreneur,60.0624,0.3611,0.7529,0.7240,0.8936,0.7427,0.3378,0.3783,0.6796,0.5239,0.5803
ALPHA-00-272,58,Male,The Cautious Observer,60.0772,0.3339,0.8842,0.4891,0.6574,0.5007,0.7497,0.7008,0.7842,0.2969,0.4407
ALPHA-34-323,38,Male,The Community Builder,75.4627,0.6618,0.3953,0.7090,0.7419,0.6550,0.7169,0.7933,0.4921,0.9869,0.7614
ALPHA-44-925,16,Male,The Community Builder,73.3746,0.7105,0.5787,0.7048,0.7558,0.2746,0.5968,0.4688,0.3353,0.8862,0.7519
ALPHA-40-038,51,Female,The Ambitious Entrepreneur,44.3421,0.3757,0.8076,0.6976,0.7021,0.3989,0.4368,0.2446,0.8367,0.5763,0.1794
ALPHA-41-249,38,Male,The Cautious Observer,72.1088,0.3661,0.7681,0.7738,0.3409,0.3694,0.6094,0.8457,0.7877,0.3873,0.6812
ALPHA-05-279,29,Male,The Ambitious Entrepreneur,42.5226,0.3244,0.6988,0.2611,0.9229,0.6137,0.4582,0.3074,0.6741,0.6998,0.1426
ALPHA-91-468,51,Male,The Stoic Engineer,67.5680,0.4585,0.4041,0.1645,0.3987,0.8028,0.8040,0.7734,0.9783,0.3084,0.8374
ALPHA-40-528,39,Female,The Cautious Observer,74.9116,0.3479,0.8343,0.5955,0.2862,0.1049,0.8629,0.8007,0.2066,0.1866,0.8873
ALPHA-38-766,45,Female,The Ambitious Entrepreneur,60.2938,0.8778,0.4195,0.4362,0.7459,0.5990,0.4103,0.2324,0.7655,0.8668,0.6636
ALPHA-35-285,59,Male,The Ambitious Entrepreneur,64.5074,0.3241,0.8544,0.8931,0.7162,0.3499,0.5924,0.3237,0.8456,0.8440,0.8704
ALPHA-31-254,64,Male,The Stoic Engineer,57.3636,0.6613,0.3537,0.2588,0.3713,0.6976,0.6895,0.7661,0.9006,0.3143,0.2168
ALPHA-12-613,19,Female,The Ambitious Entrepreneur,47.4925,0.1831,0.7644,0.6938,0.8268,0.2941,0.3263,0.1694,0.8594,0.6187,0.4085
ALPHA-33-494,55,Male,The Ambitious Entrepreneur,57.8943,0.6517,0.6566,0.7313,0.8018,0.8853,0.6945,0.1175,0.7796,0.7662,0.6341
ALPHA-66-452,22,Female,The Stoic Engineer,60.8314,0.5051,0.2630,0.5525,0.3341,0.7365,0.6018,0.6282,0.9616,0.1511,0.4458
ALPHA-29-525,49,Male,The Disillusioned Artist,44.9801,0.1303,0.7691,0.5629,0.3510,0.7873,0.2500,0.4060,0.1638,0.4467,0.4248
ALPHA-20-951,36,Female,The Stoic Engineer,59.0452,0.4027,0.2730,0.4319,0.7658,0.8376,0.7524,0.6600,0.8346,0.2520,0.2581
ALPHA-35-733,20,Male,The Cautious Observer,64.7991,0.3448,0.8257,0.8907,0.7405,0.2810,0.6538,0.9060,0.1147,0.1846,0.2541
ALPHA-44-142,19,Female,The Disillusioned Artist,53.2403,0.1749,0.5748,0.6185,0.3985,0.7035,0.2439,0.3345,0.2946,0.4798,0.6598
ALPHA-49-465,29,Male,The Cautious Observer,74.5039,0.3138,0.8560,0.5234,0.7787,0.1900,0.8670,0.8159,0.6326,0.2825,0.8553
ALPHA-35-764,42,Male,The Disillusioned Artist,50.8626,0.2156,0.6526,0.6849,0.2414,0.8209,0.1995,0.3222,0.4225,0.5359,0.8955
ALPHA-42-275,48,Female,The Idealistic Activist,56.9997,0.8580,0.2831,0.7085,0.4675,0.3851,0.3697,0.3828,0.8037,0.7649,0.4474
ALPHA-28-947,60,Female,The Community Builder,75.5821,0.8655,0.5396,0.7236,0.6582,0.1307,0.6184,0.7568,0.4949,0.8431,0.7851
ALPHA-89-528,43,Female,The Disillusioned Artist,46.7561,0.3104,0.6775,0.7448,0.4374,0.9035,0.1273,0.3911,0.3919,0.3819,0.1623
ALPHA-32-231,16,Female,The Ambitious Entrepreneur,64.2809,0.5521,0.8506,0.6821,0.7571,0.4508,0.6423,0.3262,0.7568,0.8506,0.7735
ALPHA-17-033,39,Male,The Idealistic Activist,61.8410,0.7122,0.8457,0.9411,0.5145,0.2512,0.2203,0.3428,0.8232,0.8331,0.3660
ALPHA-06-406,34,Male,The Community Builder,73.3443,0.6362,0.6916,0.9723,0.6644,0.8254,0.5076,0.6216,0.6209,0.8107,0.6059
ALPHA-38-904,56,Male,The Ambitious Entrepreneur,53.3155,0.6550,0.8947,0.1906,0.9635,0.3362,0.5820,0.1844,0.7433,0.7913,0.6404
ALPHA-49-262,41,Male,The Idealistic Activist,52.7524,0.6418,0.4287,0.7539,0.4240,0.8093,0.1355,0.2210,0.1733,0.6493,0.5935
ALPHA-33-277,52,Female,The Disillusioned Artist,49.1356,0.4892,0.8855,0.5735,0.2562,0.7704,0.3913,0.5315,0.6578,0.4428,0.1749
ALPHA-13-240,47,Female,The Disillusioned Artist,58.0918,0.2298,0.7617,0.7856,0.2919,0.8496,0.3177,0.5862,0.7267,0.3780,0.6797
ALPHA-78-390,55,Male,The Idealistic Activist,56.1141,0.6970,0.4678,0.7174,0.4292,0.1109,0.2406,0.4200,0.3468,0.6188,0.2120
ALPHA-45-284,34,Male,The Disillusioned Artist,39.5343,0.1193,0.8646,0.5509,0.7529,0.8550,0.1226,0.3582,0.1324,0.4442,0.2401
ALPHA-02-501,26,Female,The Stoic Engineer,74.6362,0.6070,0.3767,0.5473,0.2031,0.6805,0.6283,0.8219,0.9117,0.3039,0.8472
ALPHA-41-391,67,Male,The Cautious Observer,70.3388,0.4376,0.7702,0.3099,0.5374,0.8322,0.6784,0.9353,0.1098,0.3961,0.6859
ALPHA-66-021,20,Male,The Idealistic Activist,60.6910,0.8260,0.4934,0.8232,0.3517,0.3357,0.2687,0.2814,0.7542,0.7998,0.4749
ALPHA-39-075,34,Female,The Cautious Observer,53.7432,0.3634,0.6984,0.5016,0.3906,0.4807,0.8011,0.7555,0.4463,0.3066,0.1096
ALPHA-54-824,51,Male,The Disillusioned Artist,40.1699,0.1039,0.8276,0.4159,0.8301,0.8601,0.1111,0.5502,0.7852,0.3815,0.2582
ALPHA-83-871,39,Male,The Disillusioned Artist,51.3025,0.1255,0.6047,0.6332,0.6765,0.9510,0.3742,0.3874,0.1533,0.3142,0.6331
ALPHA-21-080,29,Female,The Idealistic Activist,65.2726,0.5242,0.1260,0.9608,0.1142,0.4225,0.3974,0.3254,0.7165,0.8894,0.6959
ALPHA-61-076,33,Male,The Stoic Engineer,71.0752,0.5233,0.3034,0.6535,0.6926,0.6237,0.8554,0.7435,0.7734,0.1243,0.6069
ALPHA-42-017,44,Female,The Cautious Observer,69.0046,0.4792,0.7774,0.8477,0.1135,0.7410,0.8020,0.7944,0.2438,0.3347,0.5723
ALPHA-14-142,49,Male,The Stoic Engineer,67.3226,0.5106,0.2205,0.1118,0.7712,0.9000,0.8754,0.8190,0.8836,0.3313,0.7079
ALPHA-93-421,35,Male,The Community Builder,66.0658,0.6071,0.3817,0.8955,0.8822,0.6854,0.4597,0.4450,0.7368,0.9810,0.6664
ALPHA-62-286,37,Male,The Stoic Engineer,54.1050,0.4165,0.4774,0.1292,0.7053,0.6767,0.8219,0.6995,0.8267,0.2147,0.2576
ALPHA-69-542,44,Male,The Community Builder,71.7576,0.8231,0.7649,0.8314,0.1856,0.4333,0.4755,0.6485,0.7194,0.7690,0.7695
ALPHA-98-576,33,Male,The Community Builder,70.4856,0.8670,0.5818,0.8647,0.3017,0.4564,0.6412,0.6494,0.3745,0.7744,0.5826
ALPHA-17-372,32,Female,The Disillusioned Artist,44.5445,0.1508,0.8537,0.6750,0.3485,0.8310,0.2746,0.2714,0.8510,0.3870,0.5751
ALPHA-54-183,45,Male,The Ambitious Entrepreneur,61.1012,0.4568,0.7690,0.8208,0.7489,0.2461,0.6223,0.2512,0.6571,0.5637,0.6591
ALPHA-29-996,16,Male,The Ambitious Entrepreneur,53.0654,0.4406,0.7504,0.7724,0.9713,0.1504,0.3747,0.2839,0.7833,0.5541,0.6116
ALPHA-48-621,41,Male,The Idealistic Activist,60.3119,0.6791,0.1146,0.8088,0.7628,0.2530,0.3702,0.3667,0.8605,0.8728,0.2416
ALPHA-96-416,53,Male,The Idealistic Activist,60.0734,0.5287,0.4685,0.9823,0.2437,0.3725,0.4135,0.4174,0.7184,0.6881,0.1797
ALPHA-13-653,40,Male,The Idealistic Activist,64.1104,0.7189,0.5307,0.8814,0.4082,0.7628,0.1517,0.4451,0.1588,0.8940,0.4530
ALPHA-64-858,56,Male,The Disillusioned Artist,49.5850,0.2979,0.8036,0.5227,0.5422,0.9577,0.2273,0.4734,0.6681,0.4185,0.4692
ALPHA-41-436,37,Female,The Community Builder,74.6698,0.8930,0.3514,0.8506,0.2064,0.8448,0.5294,0.4567,0.1512,0.9056,0.5852
ALPHA-25-824,33,Female,The Ambitious Entrepreneur,59.3086,0.6888,0.6589,0.4693,0.7241,0.7220,0.3198,0.3963,0.6498,0.5792,0.8346
ALPHA-22-468,40,Male,The Community Builder,67.4303,0.6703,0.6158,0.8846,0.4153,0.3948,0.6746,0.6371,0.6478,0.9771,0.5515
ALPHA-24-714,70,Female,The Idealistic Activist,55.0928,0.5267,0.2073,0.9187,0.3591,0.8505,0.2385,0.4423,0.7438,0.8076,0.4294
ALPHA-70-618,38,Male,The Cautious Observer,60.6641,0.3123,0.6513,0.5812,0.8817,0.7901,0.6184,0.7424,0.6017,0.3074,0.4291
ALPHA-52-054,30,Male,The Ambitious Entrepreneur,65.1270,0.6413,0.5950,0.5937,0.7956,0.4766,0.5178,0.3229,0.8708,0.6619,0.8048
ALPHA-69-563,55,Female,The Idealistic Activist,62.3323,0.8832,0.6967,0.7755,0.6468,0.6244,0.4932,0.2699,0.7537,0.8733,0.3302
ALPHA-08-443,25,Male,The Disillusioned Artist,48.3779,0.4522,0.6513,0.7591,0.7864,0.9276,0.2334,0.3820,0.7954,0.3795,0.3182
ALPHA-68-866,73,Male,The Ambitious Entrepreneur,53.0567,0.4076,0.1731,0.3430,0.9574,0.3956,0.4191,0.3339,0.6761,0.8378,0.7552
ALPHA-74-236,49,Female,The Ambitious Entrepreneur,41.7584,0.4211,0.3421,0.1934,0.9202,0.1773,0.5323,0.1520,0.7892,0.6941,0.3861
ALPHA-66-701,61,Female,The Community Builder,75.4255,0.7690,0.3143,0.9001,0.6683,0.8269,0.7994,0.7356,0.8005,0.9538,0.6386
ALPHA-63-287,21,Male,The Stoic Engineer,56.7084,0.4208,0.2366,0.2350,0.8133,0.8524,0.6934,0.8283,0.8626,0.3778,0.3277
ALPHA-81-792,53,Female,The Disillusioned Artist,40.4228,0.1335,0.5442,0.6726,0.6800,0.7059,0.3203,0.2645,0.7286,0.2161,0.2024
ALPHA-91-444,33,Female,The Community Builder,72.0987,0.9023,0.6213,0.9441,0.2473,0.8801,0.4187,0.7380,0.6673,0.8871,0.7929
ALPHA-99-718,47,Female,The Cautious Observer,65.1192,0.3127,0.6247,0.7068,0.4210,0.4934,0.8523,0.8788,0.4456,0.2043,0.5482
ALPHA-84-650,25,Female,The Cautious Observer,55.8937,0.2705,0.8091,0.5310,0.5107,0.8480,0.8188,0.7394,0.1944,0.1390,0.2344
ALPHA-83-146,54,Male,The Disillusioned Artist,51.5298,0.4550,0.8819,0.5800,0.7250,0.9077,0.2075,0.2392,0.7632,0.3534,0.8116
ALPHA-97-025,46,Male,The Idealistic Activist,55.3130,0.5037,0.7835,0.7948,0.4447,0.1990,0.3729,0.3363,0.7320,0.6145,0.3762
ALPHA-92-647,46,Male,The Disillusioned Artist,53.0546,0.1888,0.6045,0.6641,0.3502,0.8806,0.3440,0.4214,0.4174,0.5031,0.7311
ALPHA-88-478,33,Male,The Stoic Engineer,66.3810,0.5683,0.3289,0.8805,0.6022,0.7188,0.7202,0.5437,0.7737,0.2812,0.5713
ALPHA-63-195,25,Female,The Cautious Observer,51.4112,0.2742,0.8403,0.1929,0.1317,0.4435,0.7138,0.9046,0.3967,0.1395,0.1794
ALPHA-43-786,47,Male,The Community Builder,69.9412,0.7659,0.7755,0.9572,0.2848,0.5346,0.7136,0.1463,0.8121,0.7210,0.5566
ALPHA-01-470,52,Male,The Idealistic Activist,62.5769,0.6100,0.8301,0.9191,0.1673,0.2123,0.2225,0.3361,0.4534,0.7984,0.8761
ALPHA-72-765,75,Male,The Community Builder,67.7118,0.6951,0.7889,0.9595,0.2577,0.2255,0.5715,0.2118,0.4862,0.8356,0.6587
ALPHA-23-345,36,Female,The Community Builder,73.3889,0.6521,0.7791,0.8883,0.7330,0.5170,0.6844,0.4163,0.6503,0.7341,0.6447
ALPHA-10-263,28,Male,The Disillusioned Artist,36.1848,0.1162,0.5820,0.5135,0.3306,0.9634,0.1204,0.2011,0.3085,0.5452,0.2667
ALPHA-10-860,56,Female,The Idealistic Activist,55.2247,0.7322,0.7638,0.9225,0.5920,0.7402,0.1914,0.2412,0.6309,0.8922,0.2774
ALPHA-74-079,57,Male,The Ambitious Entrepreneur,49.3846,0.3875,0.5702,0.6355,0.8245,0.4957,0.5103,0.3369,0.7775,0.8151,0.1990
ALPHA-22-851,56,Male,The Community Builder,74.9557,0.8675,0.1725,0.7932,0.2695,0.6105,0.6172,0.6821,0.7771,0.7891,0.6878
ALPHA-75-523,29,Female,The Ambitious Entrepreneur,44.3552,0.1711,0.5847,0.3356,0.7734,0.7260,0.5440,0.1416,0.9165,0.6924,0.1514
ALPHA-42-802,47,Male,The Stoic Engineer,75.4360,0.6946,0.4371,0.3208,0.2541,0.7748,0.7632,0.8686,0.7226,0.1394,0.7426
ALPHA-42-505,57,Female,The Cautious Observer,57.6352,0.4528,0.7857,0.3666,0.2215,0.7535,0.6326,0.8811,0.5471,0.1333,0.1272
ALPHA-79-730,41,Female,The Ambitious Entrepreneur,47.7743,0.2713,0.7862,0.3938,0.9492,0.2723,0.4595,0.1347,0.6508,0.6735,0.8708
ALPHA-59-851,33,Male,The Idealistic Activist,69.0132,0.8114,0.2303,0.8318,0.7899,0.3768,0.4993,0.3772,0.7267,0.8589,0.6215
ALPHA-09-154,32,Male,The Ambitious Entrepreneur,55.7996,0.7226,0.3489,0.5565,0.9891,0.3950,0.4428,0.2835,0.6072,0.6146,0.5385
ALPHA-64-542,44,Female,The Disillusioned Artist,54.4065,0.3760,0.7599,0.4348,0.5129,0.9844,0.1757,0.5348,0.4602,0.4149,0.5135
ALPHA-10-107,55,Male,The Idealistic Activist,57.1707,0.8907,0.1466,0.7131,0.4376,0.8704,0.3740,0.2298,0.1019,0.6547,0.4923
ALPHA-30-510,32,Female,The Idealistic Activist,59.3859,0.7764,0.2807,0.8628,0.7358,0.3414,0.4462,0.2942,0.4601,0.8311,0.4795
ALPHA-83-593,57,Female,The Idealistic Activist,59.3948,0.5012,0.1277,0.8444,0.8798,0.1119,0.3600,0.2022,0.4814,0.8597,0.4719
ALPHA-09-737,37,Male,The Ambitious Entrepreneur,64.1795,0.1185,0.4329,0.7501,0.7695,0.3106,0.6139,0.2743,0.7887,0.6442,0.8996
ALPHA-72-709,25,Female,The Stoic Engineer,53.3997,0.3973,0.3730,0.2536,0.7142,0.6949,0.8872,0.6184,0.7755,0.1999,0.3398
ALPHA-04-900,50,Male,The Idealistic Activist,58.3434,0.6425,0.4424,0.8506,0.8984,0.7979,0.1946,0.3577,0.4439,0.6385,0.3808
ALPHA-92-361,63,Male,The Stoic Engineer,67.1336,0.4655,0.2658,0.4062,0.6706,0.8470,0.8436,0.5550,0.9358,0.3859,0.8622
ALPHA-87-939,31,Female,The Community Builder,71.4743,0.6441,0.5384,0.7015,0.1850,0.3825,0.4823,0.8121,0.1991,0.7598,0.5363
ALPHA-13-222,36,Male,The Community Builder,78.0200,0.8314,0.7633,0.9718,0.3425,0.5720,0.6607,0.2638,0.2273,0.7147,0.8690
ALPHA-20-148,48,Female,The Community Builder,65.0664,0.6894,0.8833,0.7073,0.4254,0.3572,0.6560,0.2906,0.4919,0.9474,0.5164
ALPHA-96-783,32,Female,The Idealistic Activist,63.2642,0.8637,0.6425,0.7575,0.1801,0.2466,0.4963,0.2397,0.2932,0.6438,0.6047
ALPHA-42-810,52,Female,The Ambitious Entrepreneur,42.5742,0.1917,0.1808,0.4433,0.8235,0.4720,0.5459,0.1970,0.7180,0.5121,0.3072
ALPHA-51-913,32,Female,The Stoic Engineer,76.0672,0.5249,0.2996,0.6569,0.3409,0.6298,0.7052,0.6704,0.8645,0.3549,0.8726
ALPHA-03-055,41,Female,The Ambitious Entrepreneur,52.0736,0.3915,0.6044,0.4686,0.7427,0.6686,0.3459,0.3697,0.6461,0.6298,0.8236
ALPHA-90-867,50,Male,The Cautious Observer,63.2452,0.3741,0.8314,0.5494,0.3456,0.5735,0.7100,0.8121,0.8851,0.2905,0.7383
ALPHA-81-514,44,Male,The Stoic Engineer,73.5545,0.4919,0.2514,0.5431,0.1409,0.8260,0.9022,0.7238,0.8081,0.1426,0.7908
ALPHA-75-908,73,Male,The Community Builder,71.1334,0.6996,0.1154,0.7899,0.8483,0.4340,0.7626,0.6654,0.3063,0.7430,0.8064
ALPHA-27-173,47,Male,The Disillusioned Artist,43.8902,0.4963,0.5559,0.4258,0.6994,0.8278,0.3500,0.2764,0.1225,0.3688,0.3474
ALPHA-25-798,56,Male,The Community Builder,75.5162,0.6860,0.8788,0.7438,0.7538,0.8521,0.5561,0.7743,0.6602,0.7173,0.7979
ALPHA-67-683,23,Female,The Disillusioned Artist,62.0637,0.4679,0.7812,0.7065,0.4083,0.9052,0.2923,0.4312,0.2803,0.5573,0.7937
ALPHA-24-088,40,Male,The Stoic Engineer,59.1261,0.4237,0.3420,0.7016,0.2903,0.8785,0.7752,0.5279,0.7590,0.2791,0.1188
ALPHA-68-845,30,Male,The Ambitious Entrepreneur,56.6791,0.2924,0.1388,0.8035,0.9692,0.5549,0.4660,0.1603,0.7319,0.8854,0.4979
ALPHA-81-820,32,Female,The Disillusioned Artist,54.7008,0.4671,0.8228,0.7248,0.1252,0.7117,0.3293,0.4104,0.2685,0.4086,0.3859
ALPHA-14-844,61,Female,The Community Builder,76.4345,0.6763,0.4712,0.7309,0.3756,0.3913,0.5778,0.7203,0.6603,0.9831,0.7998
ALPHA-46-018,25,Female,The Disillusioned Artist,38.7667,0.1997,0.8744,0.5572,0.4280,0.9399,0.1261,0.2362,0.1209,0.4180,0.1677
ALPHA-13-599,31,Male,The Idealistic Activist,52.3369,0.5771,0.8421,0.8124,0.8257,0.3107,0.2554,0.2587,0.1282,0.7839,0.1791
ALPHA-88-202,16,Female,The Ambitious Entrepreneur,55.9048,0.7657,0.1103,0.8311,0.9006,0.7090,0.5563,0.1222,0.7330,0.7193,0.4356
ALPHA-10-615,63,Female,The Cautious Observer,57.3174,0.2501,0.6151,0.5436,0.4863,0.3711,0.8907,0.7824,0.2739,0.2291,0.3049
ALPHA-94-360,42,Male,The Community Builder,67.3053,0.6042,0.6253,0.7089,0.5414,0.7265,0.5671,0.7411,0.6883,0.8618,0.5632
ALPHA-22-347,50,Male,The Stoic Engineer,66.8573,0.6419,0.4983,0.4194,0.2854,0.8113,0.8717,0.6571,0.7329,0.3452,0.2831
ALPHA-36-612,47,Female,The Disillusioned Artist,57.3189,0.4036,0.5238,0.4630,0.7652,0.8001,0.3192,0.3630,0.7570,0.4179,0.8795
ALPHA-26-931,48,Male,The Stoic Engineer,66.1574,0.3253,0.2427,0.4232,0.1168,0.6451,0.7800,0.7881,0.7540,0.3344,0.6824
ALPHA-32-423,49,Female,The Cautious Observer,72.4136,0.4580,0.7893,0.4968,0.1192,0.7117,0.7764,0.9543,0.7291,0.1772,0.8698
ALPHA-42-059,49,Male,The Stoic Engineer,78.7218,0.5593,0.3989,0.7015,0.2498,0.6656,0.7671,0.6842,0.8502,0.3110,0.8802
ALPHA-13-243,16,Male,The Cautious Observer,57.0876,0.2299,0.7930,0.1591,0.3887,0.2451,0.7570,0.7293,0.5372,0.3866,0.2814
ALPHA-18-122,17,Female,The Stoic Engineer,65.3813,0.6174,0.2413,0.4242,0.1889,0.6098,0.7341,0.7695,0.9169,0.3036,0.4010
ALPHA-56-397,21,Female,The Cautious Observer,67.5326,0.2673,0.9411,0.6245,0.5165,0.2196,0.7802,0.8353,0.3104,0.3523,0.4799
ALPHA-88-066,60,Female,The Stoic Engineer,72.4732,0.5485,0.4571,0.5995,0.8794,0.7346,0.7783,0.5868,0.8972,0.1767,0.7244
ALPHA-32-130,45,Female,The Cautious Observer,62.8532,0.2204,0.7165,0.3717,0.8092,0.7110,0.6193,0.7606,0.6971,0.3655,0.6749
ALPHA-98-002,53,Female,The Ambitious Entrepreneur,51.2879,0.3924,0.6417,0.7922,0.9065,0.5124,0.3984,0.2719,0.7526,0.8277,0.4421
ALPHA-54-997,57,Female,The Idealistic Activist,71.6445,0.6824,0.6704,0.8865,0.2172,0.4668,0.3344,0.4897,0.3243,0.7399,0.7526
ALPHA-30-810,62,Female,The Idealistic Activist,63.4774,0.6803,0.2279,0.9555,0.3169,0.7528,0.2828,0.4729,0.1753,0.7046,0.7269
ALPHA-66-886,30,Male,The Ambitious Entrepreneur,53.5869,0.4037,0.5766,0.1407,0.7137,0.7138,0.5609,0.3672,0.9366,0.7662,0.8879
ALPHA-85-500,43,Female,The Community Builder,74.3355,0.8697,0.3424,0.7964,0.3946,0.5035,0.4988,0.6322,0.4490,0.7258,0.6767
ALPHA-99-544,65,Female,The Stoic Engineer,74.3216,0.5018,0.3036,0.8234,0.4271,0.7674,0.7731,0.6970,0.8383,0.2886,0.5002
ALPHA-90-339,45,Male,The Cautious Observer,75.0759,0.3889,0.8801,0.7846,0.5262,0.3243,0.6748,0.8619,0.2470,0.3441,0.7235
ALPHA-19-211,39,Female,The Stoic Engineer,53.2445,0.5108,0.3276,0.1305,0.1265,0.8195,0.8683,0.5885,0.9487,0.2106,0.1668
ALPHA-56-616,21,Female,The Disillusioned Artist,50.9815,0.2475,0.7078,0.6438,0.1586,0.8020,0.1513,0.3034,0.4428,0.3077,0.7642
ALPHA-23-589,51,Female,The Community Builder,72.7321,0.6155,0.6420,0.8018,0.5098,0.1554,0.4383,0.7936,0.3162,0.8211,0.8613
ALPHA-88-636,17,Male,The Community Builder,69.2492,0.6009,0.1187,0.7184,0.3190,0.2316,0.5176,0.7404,0.4495,0.7102,0.8316
ALPHA-96-485,47,Male,The Idealistic Activist,57.4435,0.5142,0.5915,0.8017,0.8001,0.2341,0.4270,0.4931,0.8188,0.7201,0.3143
ALPHA-02-085,29,Male,The Ambitious Entrepreneur,53.7465,0.2382,0.3305,0.7796,0.9319,0.8348,0.5444,0.3315,0.8076,0.8029,0.2187
ALPHA-66-891,49,Male,The Disillusioned Artist,41.4233,0.2147,0.7682,0.7719,0.7420,0.7377,0.3728,0.2385,0.1061,0.4233,0.1067
ALPHA-47-153,39,Female,The Cautious Observer,62.4340,0.4348,0.7259,0.5212,0.4107,0.8376,0.8032,0.7452,0.3731,0.1114,0.5470
ALPHA-47-286,65,Male,The Community Builder,80.3445,0.8458,0.2582,0.8223,0.2675,0.8292,0.6596,0.8632,0.7985,0.7829,0.5849
ALPHA-98-084,37,Male,The Community Builder,75.1863,0.8560,0.6060,0.8423,0.5257,0.7670,0.6597,0.3783,0.6080,0.7185,0.7566
ALPHA-15-397,32,Female,The Community Builder,71.5476,0.8503,0.6683,0.9604,0.1394,0.8449,0.5238,0.6822,0.2729,0.8667,0.6567
ALPHA-07-129,33,Female,The Stoic Engineer,72.0732,0.5499,0.2740,0.4051,0.1375,0.8142,0.9362,0.5771,0.7199,0.2202,0.8521
ALPHA-25-034,68,Female,The Stoic Engineer,65.7078,0.3767,0.4360,0.8487,0.8008,0.6521,0.7753,0.8417,0.8044,0.2618,0.4129
ALPHA-51-005,30,Male,The Cautious Observer,67.7611,0.4067,0.8519,0.8416,0.7887,0.2429,0.7508,0.7742,0.7250,0.1579,0.5603
ALPHA-25-022,46,Female,The Disillusioned Artist,45.5577,0.3816,0.8403,0.5145,0.3131,0.7062,0.1370,0.2759,0.4475,0.4216,0.5341
ALPHA-47-384,32,Male,The Disillusioned Artist,50.5032,0.3666,0.7847,0.4105,0.4263,0.9615,0.3239,0.2434,0.4358,0.3064,0.5762
ALPHA-59-262,42,Male,The Idealistic Activist,70.1954,0.6685,0.4364,0.9655,0.2694,0.7951,0.2427,0.4603,0.3199,0.6575,0.8810
ALPHA-23-276,74,Female,The Cautious Observer,61.2088,0.4360,0.9037,0.5236,0.7130,0.7676,0.7392,0.7349,0.7982,0.3568,0.2671
ALPHA-63-600,41,Female,The Idealistic Activist,62.3412,0.7176,0.7396,0.9559,0.2371,0.7221,0.1578,0.4430,0.1448,0.7679,0.7633
ALPHA-84-574,16,Female,The Disillusioned Artist,50.9193,0.3793,0.6922,0.7932,0.8220,0.8006,0.2344,0.2682,0.6747,0.5346,0.4661
ALPHA-35-885,36,Female,The Stoic Engineer,67.8684,0.4975,0.4505,0.6755,0.2241,0.6814,0.7067,0.7984,0.8077,0.1766,0.2154
ALPHA-80-535,54,Male,The Idealistic Activist,61.4007,0.8336,0.8757,0.8157,0.4852,0.6636,0.3773,0.2211,0.2595,0.6579,0.6093
ALPHA-06-125,54,Female,The Stoic Engineer,67.0150,0.6031,0.2799,0.7161,0.2323,0.7561,0.6592,0.7734,0.9516,0.2882,0.1642
ALPHA-68-713,30,Female,The Ambitious Entrepreneur,54.6994,0.5844,0.2210,0.4413,0.9318,0.8171,0.6496,0.2922,0.8755,0.5304,0.5658
ALPHA-22-725,60,Male,The Cautious Observer,64.9964,0.2865,0.8404,0.8805,0.2834,0.3275,0.7461,0.7198,0.3002,0.1121,0.3059
ALPHA-38-658,58,Male,The Ambitious Entrepreneur,55.3337,0.6860,0.5879,0.2827,0.7757,0.1956,0.4812,0.1667,0.7824,0.8317,0.7819
ALPHA-15-323,42,Male,The Ambitious Entrepreneur,58.3129,0.4602,0.2442,0.3389,0.8179,0.1152,0.4843,0.1697,0.8245,0.6204,0.8456
ALPHA-94-060,23,Male,The Stoic Engineer,69.2288,0.4835,0.2137,0.7735,0.4668,0.7626,0.7016,0.6975,0.9518,0.2815,0.6945
ALPHA-39-229,16,Female,The Disillusioned Artist,44.7996,0.3765,0.5082,0.4360,0.5111,0.7386,0.3853,0.2154,0.1549,0.2067,0.3344
ALPHA-28-838,52,Female,The Community Builder,66.1996,0.6513,0.7764,0.7059,0.5530,0.8253,0.4351,0.4304,0.8200,0.9122,0.5670
ALPHA-18-325,43,Female,The Stoic Engineer,57.1886,0.6226,0.3977,0.1419,0.4581,0.6551,0.8286,0.7795,0.7077,0.3916,0.3341
ALPHA-22-997,30,Male,The Ambitious Entrepreneur,56.2321,0.5497,0.6643,0.3203,0.9822,0.8753,0.4650,0.1467,0.9191,0.8970,0.6375
ALPHA-00-237,16,Male,The Stoic Engineer,65.5601,0.6041,0.2281,0.2618,0.7863,0.8350,0.6457,0.5775,0.7382,0.3014,0.7443
ALPHA-56-769,39,Male,The Disillusioned Artist,52.7048,0.3551,0.5396,0.7382,0.8049,0.8019,0.1488,0.3040,0.8171,0.2499,0.6746
ALPHA-44-776,40,Female,The Community Builder,68.6597,0.9347,0.8560,0.7055,0.6138,0.1613,0.4257,0.6069,0.6508,0.7740,0.6562
ALPHA-51-432,73,Female,The Cautious Observer,66.8063,0.4139,0.9351,0.1261,0.2228,0.4889,0.6981,0.8559,0.6566,0.2093,0.8120
ALPHA-52-772,51,Male,The Disillusioned Artist,51.6502,0.3634,0.7538,0.6926,0.4360,0.8825,0.1173,0.3855,0.2911,0.2387,0.5609
ALPHA-33-283,50,Male,The Ambitious Entrepreneur,52.7439,0.2077,0.5256,0.2454,0.7558,0.5379,0.6712,0.3204,0.6990,0.5550,0.6503
ALPHA-42-050,22,Female,The Stoic Engineer,66.4947,0.3532,0.3391,0.3526,0.5385,0.6700,0.7473,0.8938,0.9703,0.2955,0.5920
ALPHA-88-757,74,Female,The Stoic Engineer,62.1347,0.6165,0.4094,0.6780,0.6830,0.6580,0.6192,0.8035,0.9122,0.2492,0.2474
ALPHA-45-070,50,Male,The Disillusioned Artist,55.1685,0.4679,0.6768,0.7973,0.3276,0.8781,0.1495,0.2590,0.7690,0.3247,0.8300
ALPHA-70-254,36,Male,The Ambitious Entrepreneur,59.7266,0.5505,0.3694,0.7907,0.8861,0.1519,0.5853,0.1214,0.8792,0.6475,0.7330
ALPHA-33-211,59,Male,The Disillusioned Artist,63.6420,0.4827,0.8785,0.7396,0.7202,0.8244,0.1087,0.4491,0.5856,0.4331,0.8358
ALPHA-93-960,39,Female,The Cautious Observer,63.2153,0.2568,0.9001,0.5108,0.4259,0.4654,0.8734,0.9022,0.3140,0.3479,0.2131
ALPHA-20-165,43,Female,The Disillusioned Artist,40.3020,0.1118,0.7898,0.4202,0.1784,0.9043,0.1034,0.3401,0.2526,0.2710,0.4533
ALPHA-18-592,55,Male,The Ambitious Entrepreneur,45.3868,0.4364,0.1596,0.4616,0.7015,0.4730,0.4892,0.1681,0.8477,0.8082,0.4306
ALPHA-26-397,48,Male,The Disillusioned Artist,54.3717,0.4603,0.7689,0.7846,0.5246,0.7856,0.3356,0.5763,0.5628,0.5776,0.2144
ALPHA-14-751,24,Female,The Disillusioned Artist,47.5253,0.1373,0.7642,0.6446,0.5469,0.7924,0.2704,0.4264,0.4266,0.4202,0.5782
ALPHA-91-172,47,Female,The Cautious Observer,70.1560,0.4099,0.8446,0.7714,0.7284,0.1882,0.6283,0.8284,0.6311,0.2789,0.3999
ALPHA-59-902,42,Male,The Idealistic Activist,65.3502,0.6359,0.3839,0.8796,0.4030,0.2160,0.1737,0.3762,0.7758,0.6087,0.7238
ALPHA-75-831,73,Female,The Disillusioned Artist,47.5615,0.3679,0.7870,0.7705,0.7171,0.7297,0.3551,0.3095,0.1876,0.2468,0.2092
ALPHA-73-098,58,Male,The Idealistic Activist,56.9006,0.6806,0.7638,0.7971,0.2302,0.4245,0.4647,0.2449,0.2383,0.7541,0.2313
ALPHA-13-174,37,Male,The Community Builder,71.9223,0.7449,0.8092,0.9253,0.1665,0.7842,0.6760,0.4025,0.8708,0.7699,0.8390
ALPHA-17-693,44,Male,The Ambitious Entrepreneur,51.7994,0.4615,0.3866,0.4619,0.9464,0.2825,0.4431,0.2441,0.7006,0.8307,0.1977
ALPHA-59-049,51,Female,The Stoic Engineer,70.0078,0.4838,0.4874,0.8215,0.8637,0.8928,0.7899,0.7758,0.7557,0.2128,0.2176
ALPHA-19-406,42,Male,The Idealistic Activist,63.4547,0.8185,0.1784,0.8333,0.8431,0.1605,0.1876,0.3015,0.1215,0.8036,0.7035
ALPHA-67-954,48,Male,The Disillusioned Artist,37.0457,0.2005,0.8551,0.4206,0.1262,0.7610,0.2316,0.2801,0.6979,0.2206,0.1470
ALPHA-53-492,39,Female,The Community Builder,63.2191,0.7846,0.6393,0.9888,0.5172,0.4403,0.4762,0.2529,0.3298,0.7775,0.5140
ALPHA-72-922,44,Male,The Cautious Observer,59.0183,0.2723,0.7876,0.4726,0.3438,0.1818,0.8477,0.9016,0.7028,0.1707,0.2304
ALPHA-22-619,31,Male,The Idealistic Activist,51.9399,0.7528,0.4721,0.8129,0.8184,0.7812,0.1346,0.3480,0.5982,0.8557,0.1481
ALPHA-84-012,19,Male,The Ambitious Entrepreneur,50.3833,0.3590,0.8654,0.8304,0.7577,0.5541,0.3363,0.3836,0.9453,0.5756,0.3070
ALPHA-19-750,37,Female,The Community Builder,77.2788,0.8196,0.6240,0.8983,0.5523,0.7045,0.5062,0.8557,0.6798,0.8995,0.6890
ALPHA-96-806,59,Female,The Disillusioned Artist,50.0856,0.4542,0.6060,0.7653,0.6256,0.7328,0.2854,0.4972,0.6790,0.2490,0.2988
ALPHA-64-552,26,Male,The Stoic Engineer,59.7021,0.3542,0.2848,0.4055,0.1474,0.9290,0.7185,0.5978,0.8052,0.2964,0.8716
ALPHA-11-747,29,Female,The Community Builder,80.5829,0.6162,0.7962,0.9793,0.4879,0.1374,0.7643,0.7751,0.4107,0.9717,0.7149
ALPHA-03-282,27,Male,The Ambitious Entrepreneur,53.3453,0.2106,0.6800,0.7539,0.8773,0.2862,0.4199,0.1444,0.7853,0.5588,0.7313
ALPHA-02-452,30,Female,The Ambitious Entrepreneur,67.1742,0.7261,0.6386,0.6927,0.9168,0.8315,0.6162,0.3143,0.6366,0.6425,0.8831
ALPHA-54-631,46,Male,The Stoic Engineer,62.4966,0.3760,0.2641,0.5950,0.7070,0.9291,0.7225,0.5019,0.8174,0.3036,0.7338
ALPHA-97-576,42,Male,The Stoic Engineer,56.5380,0.3370,0.2621,0.4473,0.6018,0.6242,0.6108,0.8886,0.7548,0.2332,0.4395
ALPHA-23-799,56,Female,The Idealistic Activist,60.2038,0.8517,0.6505,0.7672,0.2457,0.7500,0.1915,0.2299,0.6113,0.9232,0.7758
ALPHA-65-571,20,Male,The Community Builder,75.3678,0.6945,0.4494,0.9629,0.6469,0.7879,0.7155,0.8458,0.6661,0.9426,0.6244
ALPHA-09-743,35,Male,The Idealistic Activist,54.7634,0.6506,0.5452,0.7416,0.7972,0.5501,0.4984,0.2724,0.6818,0.6921,0.1034
ALPHA-21-202,56,Female,The Community Builder,71.5108,0.8366,0.8343,0.9121,0.3735,0.6007,0.4528,0.4179,0.5901,0.9149,0.7506
ALPHA-90-849,57,Female,The Idealistic Activist,56.5080,0.7153,0.6753,0.9387,0.4317,0.7153,0.1897,0.3444,0.8205,0.7367,0.4902
ALPHA-80-172,37,Male,The Community Builder,73.9677,0.8674,0.1551,0.8603,0.1063,0.4292,0.5859,0.4187,0.8822,0.9570,0.6514
ALPHA-26-608,72,Male,The Community Builder,73.5329,0.8017,0.2275,0.9249,0.7423,0.7109,0.7897,0.2166,0.4414,0.9588,0.7429
ALPHA-22-346,50,Female,The Idealistic Activist,62.6492,0.6897,0.3450,0.7860,0.2854,0.7709,0.2574,0.2041,0.2183,0.8712,0.7727
ALPHA-33-045,63,Female,The Idealistic Activist,70.7320,0.7691,0.4838,0.9335,0.6987,0.1518,0.3544,0.3986,0.6668,0.6884,0.6033
ALPHA-33-788,49,Female,The Stoic Engineer,68.3169,0.3016,0.4496,0.7328,0.2719,0.8298,0.8783,0.7681,0.8504,0.2318,0.3826
ALPHA-35-545,41,Male,The Cautious Observer,65.7091,0.3473,0.9476,0.7760,0.7161,0.8671,0.6040,0.7537,0.1583,0.2588,0.4407
ALPHA-50-602,34,Female,The Cautious Observer,61.7851,0.4271,0.7721,0.4732,0.6122,0.8479,0.7128,0.9487,0.5388,0.2483,0.3334
ALPHA-45-912,40,Female,The Idealistic Activist,53.7244,0.7065,0.8278,0.8484,0.5095,0.5520,0.2772,0.4056,0.4850,0.7545,0.1774
ALPHA-72-778,26,Male,The Ambitious Entrepreneur,50.9739,0.1236,0.5543,0.6749,0.9470,0.5337,0.3756,0.3413,0.9145,0.6498,0.7931
ALPHA-89-244,17,Male,The Community Builder,74.4692,0.8506,0.7669,0.9035,0.4850,0.8720,0.4210,0.7927,0.2406,0.7259,0.6103
ALPHA-09-570,71,Male,The Cautious Observer,64.2697,0.3843,0.7587,0.5397,0.1743,0.8139,0.8753,0.8105,0.6692,0.2249,0.6071
ALPHA-54-279,48,Male,The Cautious Observer,56.1612,0.4466,0.7348,0.1596,0.6850,0.1266,0.8987,0.9046,0.5748,0.1104,0.3249
ALPHA-53-891,79,Female,The Disillusioned Artist,51.9417,0.1849,0.8180,0.7951,0.4785,0.8995,0.2082,0.2089,0.6964,0.4579,0.7263
ALPHA-22-120,42,Female,The Idealistic Activist,63.9009,0.5170,0.6233,0.8316,0.5022,0.8637,0.2398,0.2283,0.7501,0.8025,0.8409
ALPHA-50-936,66,Male,The Disillusioned Artist,47.6596,0.3154,0.8844,0.5417,0.7172,0.8221,0.1669,0.3195,0.2845,0.4396,0.7792
ALPHA-96-806,72,Female,The Disillusioned Artist,44.5763,0.4194,0.6137,0.5527,0.8586,0.8181,0.2702,0.3352,0.8950,0.4871,0.2682
ALPHA-51-067,21,Female,The Disillusioned Artist,56.6629,0.2401,0.6065,0.5329,0.1360,0.9783,0.3899,0.4421,0.3933,0.3542,0.8884
ALPHA-21-024,30,Female,The Community Builder,69.1606,0.7138,0.4578,0.8182,0.7480,0.1767,0.7191,0.5657,0.6244,0.7178,0.7908
ALPHA-46-942,64,Female,The Cautious Observer,58.4685,0.4471,0.7573,0.2156,0.2435,0.8797,0.6227,0.7785,0.3451,0.2420,0.5123
ALPHA-58-732,34,Male,The Disillusioned Artist,38.8251,0.1122,0.8904,0.4961,0.3927,0.7393,0.2406,0.4251,0.5613,0.5317,0.1316
ALPHA-91-929,41,Male,The Cautious Observer,65.8102,0.3221,0.9042,0.8431,0.6432,0.6450,0.7566,0.7822,0.3759,0.2132,0.1143
ALPHA-69-020,46,Female,The Stoic Engineer,68.3186,0.4598,0.2756,0.7760,0.7143,0.8406,0.7085,0.8947,0.8439,0.1328,0.6621
ALPHA-50-054,55,Female,The Stoic Engineer,54.2068,0.5044,0.3171,0.1712,0.7914,0.6118,0.9462,0.6127,0.7255,0.2998,0.1138
ALPHA-59-083,42,Male,The Disillusioned Artist,58.2952,0.1682,0.7840,0.7548,0.7271,0.7435,0.2742,0.5943,0.3189,0.5371,0.6332
ALPHA-35-655,33,Male,The Idealistic Activist,57.5934,0.5149,0.2409,0.8727,0.3215,0.1244,0.3936,0.4889,0.1217,0.8460,0.2183
ALPHA-14-164,16,Female,The Stoic Engineer,72.1267,0.3599,0.4403,0.7871,0.1215,0.6222,0.6576,0.8386,0.7028,0.2952,0.8195
ALPHA-56-527,64,Male,The Stoic Engineer,69.2867,0.4020,0.2950,0.5322,0.1497,0.6479,0.8329,0.6809,0.9156,0.2275,0.6032
ALPHA-00-536,41,Female,The Disillusioned Artist,58.6050,0.3822,0.6373,0.4940,0.5527,0.9618,0.2632,0.3195,0.5517,0.3174,0.8434
ALPHA-13-538,78,Male,The Idealistic Activist,56.9508,0.7099,0.4621,0.8715,0.3225,0.7929,0.1967,0.2808,0.5115,0.7821,0.6618
ALPHA-71-210,63,Male,The Stoic Engineer,63.3405,0.3859,0.3022,0.6083,0.5835,0.7641,0.8142,0.8068,0.8631,0.3012,0.3301
ALPHA-05-038,58,Male,The Cautious Observer,58.9799,0.2578,0.7644,0.4310,0.5366,0.7112,0.6123,0.9316,0.6673,0.2893,0.5638
ALPHA-83-560,47,Female,The Idealistic Activist,60.7999,0.6388,0.4569,0.9308,0.5993,0.3545,0.4740,0.3963,0.4747,0.8295,0.3623
ALPHA-11-613,50,Male,The Disillusioned Artist,48.0487,0.4131,0.8092,0.4144,0.1944,0.8495,0.2041,0.3368,0.4412,0.2004,0.7241
ALPHA-91-846,53,Female,The Disillusioned Artist,56.9247,0.4683,0.7185,0.6740,0.8468,0.7482,0.3176,0.4490,0.7137,0.3961,0.5205
ALPHA-50-687,40,Male,The Disillusioned Artist,48.8103,0.1747,0.6336,0.7147,0.8835,0.8201,0.3530,0.2712,0.6421,0.3192,0.2011
ALPHA-90-098,24,Male,The Ambitious Entrepreneur,55.7923,0.2964,0.7537,0.1591,0.7359,0.4153,0.6688,0.2077,0.7083,0.6560,0.8355
ALPHA-68-803,44,Female,The Disillusioned Artist,55.6802,0.4924,0.5001,0.7098,0.4770,0.8064,0.3556,0.3362,0.6554,0.4870,0.6637
ALPHA-22-451,38,Female,The Cautious Observer,65.8684,0.4864,0.9059,0.8949,0.3922,0.1170,0.6531,0.7015,0.2074,0.1732,0.5494
ALPHA-55-576,47,Female,The Cautious Observer,60.6297,0.3021,0.7256,0.2828,0.8709,0.5842,0.6354,0.8901,0.3961,0.3814,0.8100
ALPHA-97-967,43,Male,The Idealistic Activist,69.5066,0.6662,0.3591,0.9471,0.4088,0.1373,0.4668,0.4657,0.1302,0.7444,0.5790
ALPHA-22-152,44,Male,The Idealistic Activist,49.5394,0.6311,0.1650,0.7920,0.8374,0.6634,0.2641,0.2179,0.6075,0.9133,0.2674
ALPHA-83-234,49,Male,The Stoic Engineer,51.3280,0.4052,0.2113,0.2239,0.8605,0.7841,0.6163,0.5702,0.8414,0.2291,0.1923
ALPHA-97-820,44,Female,The Community Builder,73.1555,0.9103,0.3439,0.9044,0.6485,0.8481,0.6269,0.1851,0.8843,0.9081,0.6779
ALPHA-65-702,57,Female,The Stoic Engineer,65.3206,0.6124,0.4933,0.6240,0.7943,0.8430,0.8055,0.5548,0.7325,0.1820,0.3471
ALPHA-22-633,53,Female,The Ambitious Entrepreneur,48.2805,0.2440,0.7972,0.5697,0.9377,0.5634,0.6292,0.2090,0.7970,0.7191,0.3637
ALPHA-60-948,37,Male,The Ambitious Entrepreneur,51.6759,0.6183,0.7025,0.3703,0.7379,0.8619,0.5335,0.2759,0.9133,0.8391,0.4434
ALPHA-10-788,53,Male,The Cautious Observer,68.9465,0.4759,0.6305,0.5436,0.7532,0.8341,0.8031,0.8569,0.4944,0.3506,0.6390
ALPHA-01-635,16,Male,The Idealistic Activist,50.4481,0.6094,0.4334,0.7189,0.4052,0.2728,0.2651,0.4353,0.4732,0.8093,0.1789
ALPHA-58-044,43,Male,The Community Builder,77.1710,0.7301,0.7456,0.8578,0.7124,0.1880,0.7546,0.5913,0.5342,0.9847,0.5449
ALPHA-36-970,36,Male,The Stoic Engineer,72.1473,0.6409,0.2612,0.8108,0.7896,0.8159,0.6841,0.8308,0.9887,0.1052,0.4574
ALPHA-25-599,49,Male,The Cautious Observer,68.5582,0.4630,0.8739,0.4063,0.2429,0.8577,0.7407,0.9234,0.4627,0.1584,0.8004
ALPHA-58-924,34,Female,The Ambitious Entrepreneur,54.3748,0.3125,0.7072,0.8818,0.9319,0.2065,0.6698,0.3563,0.7814,0.7977,0.3004
ALPHA-99-964,40,Female,The Stoic Engineer,68.3234,0.6253,0.3608,0.4981,0.6214,0.7953,0.6384,0.5959,0.8678,0.2319,0.8732
ALPHA-05-426,22,Female,The Stoic Engineer,61.9237,0.3654,0.3633,0.4982,0.8066,0.6596,0.6386,0.6398,0.7936,0.2794,0.7182
ALPHA-46-550,43,Male,The Stoic Engineer,68.1873,0.6621,0.3572,0.4290,0.1723,0.8345,0.9394,0.8138,0.9027,0.1431,0.2941
ALPHA-60-239,41,Female,The Disillusioned Artist,48.5122,0.2540,0.8167,0.4827,0.2047,0.7246,0.2643,0.3013,0.5653,0.2423,0.5402
ALPHA-87-521,34,Female,The Stoic Engineer,60.0394,0.3509,0.4008,0.2215,0.5770,0.6013,0.7202,0.6426,0.8812,0.2442,0.8176
ALPHA-48-753,41,Male,The Stoic Engineer,59.4645,0.4241,0.4338,0.1708,0.4456,0.7585,0.6162,0.8825,0.8620,0.2682,0.6418
ALPHA-91-414,45,Female,The Idealistic Activist,61.6009,0.5282,0.3298,0.9259,0.2792,0.1352,0.4810,0.3803,0.7346,0.9279,0.4688
ALPHA-16-452,16,Male,The Community Builder,75.9148,0.6299,0.4253,0.8509,0.4604,0.7623,0.4777,0.7877,0.6494,0.7708,0.6903
ALPHA-97-183,16,Female,The Stoic Engineer,65.3978,0.5365,0.3220,0.7279,0.1189,0.9245,0.7037,0.7367,0.7526,0.1695,0.2535
ALPHA-60-101,24,Male,The Community Builder,62.7279,0.6486,0.1781,0.7344,0.1246,0.1323,0.4421,0.5297,0.3419,0.7529,0.7916
ALPHA-48-680,16,Female,The Stoic Engineer,68.6872,0.3838,0.2523,0.6121,0.7569,0.6735,0.9169,0.6069,0.8379,0.1160,0.4724
ALPHA-00-270,74,Female,The Idealistic Activist,57.1908,0.5228,0.5353,0.9113,0.7579,0.8163,0.2411,0.3155,0.1018,0.6041,0.7311
ALPHA-34-899,54,Female,The Cautious Observer,67.3136,0.2569,0.6946,0.8563,0.3519,0.5537,0.7072,0.7749,0.1265,0.1916,0.8491
ALPHA-56-454,35,Male,The Community Builder,73.3637,0.7863,0.6271,0.9015,0.8559,0.6385,0.4309,0.4434,0.7508,0.7932,0.8956
ALPHA-11-318,16,Male,The Idealistic Activist,52.8644,0.6930,0.4103,0.7599,0.5559,0.8551,0.2747,0.2607,0.8367,0.9434,0.1426
ALPHA-66-530,47,Male,The Stoic Engineer,73.7191,0.5450,0.2273,0.4525,0.3744,0.7949,0.8447,0.7014,0.8004,0.3118,0.8026
ALPHA-56-192,48,Female,The Disillusioned Artist,56.7586,0.4126,0.7138,0.4712,0.8476,0.8986,0.2948,0.2417,0.8405,0.3231,0.7258
ALPHA-11-278,32,Female,The Idealistic Activist,50.7502,0.7359,0.8834,0.7233,0.2232,0.5226,0.1624,0.2053,0.3424,0.8882,0.1291
ALPHA-37-654,31,Female,The Community Builder,63.6414,0.6357,0.6666,0.7730,0.2704,0.4522,0.7645,0.1310,0.5041,0.8497,0.5208
ALPHA-70-265,47,Male,The Stoic Engineer,63.6782,0.3419,0.4271,0.3511,0.5060,0.6556,0.8960,0.6855,0.8668,0.1297,0.6502
ALPHA-85-622,39,Female,The Ambitious Entrepreneur,62.2853,0.5688,0.3002,0.8712,0.9468,0.8866,0.6271,0.3823,0.6325,0.5555,0.5072
ALPHA-22-535,44,Male,The Stoic Engineer,65.7399,0.3903,0.3497,0.5133,0.5896,0.6317,0.8361,0.8832,0.7645,0.1804,0.2966
ALPHA-96-102,34,Male,The Stoic Engineer,61.8764,0.3503,0.3895,0.3821,0.1569,0.6564,0.7917,0.6193,0.8634,0.2680,0.4804
ALPHA-87-820,38,Female,The Cautious Observer,58.0114,0.2390,0.9333,0.1815,0.3847,0.1216,0.7210,0.7179,0.3615,0.3561,0.6928
ALPHA-23-332,39,Male,The Community Builder,73.6829,0.8182,0.5790,0.7081,0.8249,0.7732,0.7501,0.5893,0.6700,0.8708,0.5309
ALPHA-43-169,16,Male,The Stoic Engineer,67.1643,0.3346,0.3123,0.2852,0.5683,0.8008,0.7248,0.8236,0.9601,0.3565,0.7571
ALPHA-25-031,35,Male,The Ambitious Entrepreneur,52.0810,0.2896,0.6631,0.2079,0.9429,0.7285,0.6316,0.3821,0.6345,0.5024,0.4876
ALPHA-48-408,28,Male,The Cautious Observer,71.5623,0.2253,0.8146,0.5523,0.5229,0.1736,0.8854,0.8387,0.2434,0.3978,0.8994
ALPHA-82-835,52,Female,The Cautious Observer,60.5434,0.4112,0.7299,0.6951,0.8470,0.3837,0.7082,0.7071,0.3487,0.2530,0.1100
ALPHA-01-721,61,Male,The Cautious Observer,64.8988,0.2908,0.6363,0.6005,0.6934,0.2042,0.7488,0.9409,0.2977,0.3275,0.3342
ALPHA-73-008,33,Male,The Disillusioned Artist,50.5942,0.1010,0.6355,0.5841,0.7837,0.9084,0.3316,0.3315,0.3476,0.3649,0.8829
ALPHA-66-403,39,Male,The Ambitious Entrepreneur,59.7645,0.5074,0.1694,0.7902,0.8009,0.2865,0.6302,0.3029,0.6449,0.8956,0.4074
ALPHA-77-309,56,Female,The Ambitious Entrepreneur,56.2127,0.5942,0.1128,0.1176,0.8945,0.7997,0.6068,0.2939,0.6222,0.5496,0.8029
ALPHA-06-638,66,Female,The Cautious Observer,62.5162,0.3687,0.8628,0.3650,0.2088,0.8801,0.7423,0.9500,0.8942,0.3029,0.6094
ALPHA-18-885,16,Male,The Idealistic Activist,52.6726,0.6487,0.7444,0.7443,0.8590,0.5844,0.1799,0.4509,0.3079,0.8030,0.1309
ALPHA-42-474,38,Female,The Disillusioned Artist,43.5996,0.2950,0.6821,0.4526,0.1864,0.9747,0.1517,0.3968,0.4585,0.4545,0.1454
ALPHA-73-297,57,Female,The Disillusioned Artist,52.1440,0.1886,0.5283,0.6766,0.1584,0.9016,0.1234,0.5001,0.5376,0.2506,0.8494
ALPHA-69-058,34,Female,The Disillusioned Artist,50.9718,0.2498,0.7679,0.4642,0.3579,0.7360,0.1096,0.4832,0.8235,0.2935,0.8937
ALPHA-32-290,64,Female,The Cautious Observer,67.1548,0.3708,0.9306,0.6873,0.6971,0.3586,0.8470,0.8254,0.2817,0.2388,0.2042
ALPHA-63-211,52,Female,The Disillusioned Artist,44.9384,0.3336,0.6200,0.7621,0.3998,0.8418,0.2913,0.4201,0.8339,0.4702,0.1245
ALPHA-57-749,60,Female,The Disillusioned Artist,58.1506,0.1726,0.5630,0.7344,0.4872,0.8951,0.3586,0.3956,0.7975,0.3508,0.7463
ALPHA-20-529,40,Male,The Stoic Engineer,64.8719,0.5405,0.3065,0.4353,0.7392,0.7421,0.6983,0.8894,0.7017,0.2660,0.2306
ALPHA-34-125,34,Female,The Ambitious Entrepreneur,43.7020,0.7344,0.8891,0.1709,0.8652,0.1693,0.3860,0.1939,0.8425,0.5911,0.2650
ALPHA-32-354,46,Male,The Stoic Engineer,68.1907,0.4577,0.2144,0.4173,0.8611,0.9315,0.7812,0.8230,0.9209,0.3931,0.8895
ALPHA-13-012,51,Female,The Idealistic Activist,53.6465,0.8856,0.5057,0.9773,0.6604,0.6146,0.1084,0.2663,0.6652,0.8246,0.3054
ALPHA-67-578,50,Female,The Idealistic Activist,52.6633,0.8006,0.1845,0.8297,0.8153,0.8678,0.2842,0.4330,0.2848,0.6889,0.1465
ALPHA-64-655,48,Female,The Disillusioned Artist,55.0675,0.2429,0.7261,0.5768,0.6857,0.7564,0.2640,0.5983,0.1032,0.5028,0.6479
ALPHA-84-039,22,Female,The Community Builder,66.4186,0.7213,0.2432,0.8662,0.5485,0.6994,0.4910,0.5388,0.7761,0.8257,0.6553
ALPHA-30-128,53,Female,The Ambitious Entrepreneur,43.9197,0.1581,0.7492,0.6813,0.7430,0.8029,0.4241,0.1740,0.6317,0.6162,0.2038
ALPHA-60-630,50,Female,The Community Builder,77.1096,0.9254,0.5357,0.7837,0.3863,0.5916,0.4798,0.8726,0.8973,0.9551,0.7473
ALPHA-52-074,59,Female,The Community Builder,70.2035,0.8885,0.6956,0.7351,0.8484,0.6674,0.7696,0.3446,0.3860,0.7682,0.8796
ALPHA-53-269,68,Male,The Community Builder,76.6368,0.8477,0.7449,0.7318,0.6017,0.7694,0.6988,0.8730,0.4842,0.9391,0.7356
ALPHA-63-144,29,Female,The Ambitious Entrepreneur,63.2401,0.6012,0.5721,0.8557,0.7509,0.3306,0.6777,0.3033,0.6589,0.6217,0.3043
ALPHA-34-621,34,Female,The Disillusioned Artist,48.1056,0.4855,0.6569,0.5506,0.7802,0.8832,0.3876,0.2687,0.3060,0.2076,0.2926
ALPHA-24-910,53,Male,The Cautious Observer,62.4107,0.2996,0.6154,0.7526,0.8073,0.4924,0.6944,0.7420,0.1777,0.1513,0.1004
ALPHA-32-173,44,Female,The Cautious Observer,64.0388,0.4984,0.8441,0.3677,0.6879,0.8675,0.8315,0.9758,0.5150,0.1113,0.4887
ALPHA-21-283,23,Male,The Cautious Observer,63.8482,0.3051,0.8869,0.4563,0.3902,0.7728,0.7645,0.8789,0.4406,0.2288,0.4393
ALPHA-09-640,59,Female,The Cautious Observer,62.7605,0.2770,0.7468,0.5436,0.5271,0.3553,0.6759,0.7871,0.5053,0.3595,0.5305
ALPHA-09-583,52,Female,The Stoic Engineer,59.0597,0.6888,0.2825,0.1595,0.1627,0.6285,0.7994,0.8579,0.8362,0.2520,0.3426
ALPHA-72-193,56,Female,The Ambitious Entrepreneur,55.8373,0.7814,0.7389,0.1693,0.7668,0.2454,0.5257,0.2124,0.8132,0.8654,0.6139
ALPHA-65-342,24,Male,The Cautious Observer,69.5918,0.4040,0.6785,0.6629,0.5929,0.6318,0.7668,0.9243,0.5601,0.3393,0.6385
ALPHA-01-047,32,Male,The Community Builder,66.4302,0.7813,0.5875,0.7539,0.3034,0.3879,0.4549,0.6347,0.6277,0.7131,0.6989
ALPHA-69-197,26,Male,The Idealistic Activist,65.5641,0.6972,0.6186,0.7855,0.8595,0.1232,0.2656,0.2307,0.2665,0.7354,0.7862
ALPHA-95-913,32,Female,The Ambitious Entrepreneur,51.2824,0.6940,0.5493,0.2719,0.9158,0.4839,0.5239,0.1514,0.7808,0.7624,0.4467
ALPHA-14-206,54,Male,The Community Builder,77.8262,0.9385,0.6986,0.7417,0.6099,0.1228,0.5276,0.6281,0.2665,0.8244,0.8959
ALPHA-35-679,57,Female,The Stoic Engineer,58.0185,0.3013,0.2638,0.3401,0.8873,0.7432,0.7697,0.6270,0.9405,0.1552,0.7806
ALPHA-71-267,32,Male,The Cautious Observer,51.2298,0.2465,0.8922,0.4397,0.8173,0.3225,0.6811,0.7133,0.6675,0.1161,0.1256
ALPHA-59-028,27,Male,The Ambitious Entrepreneur,54.4626,0.3609,0.8551,0.5929,0.8374,0.6210,0.5831,0.2013,0.6472,0.6035,0.8515
ALPHA-76-430,50,Female,The Ambitious Entrepreneur,58.5318,0.5464,0.7471,0.8063,0.8709,0.6120,0.3914,0.1595,0.8538,0.6889,0.3498
ALPHA-41-909,31,Female,The Cautious Observer,57.1699,0.4865,0.9093,0.4391,0.8545,0.7511,0.8763,0.8004,0.8803,0.3327,0.1311
ALPHA-05-252,34,Male,The Stoic Engineer,64.8267,0.4072,0.2925,0.1168,0.6990,0.6289,0.6343,0.8611,0.9497,0.2304,0.7059
ALPHA-90-445,46,Male,The Ambitious Entrepreneur,52.4810,0.7321,0.6074,0.5604,0.9716,0.8397,0.3837,0.3371,0.9200,0.8383,0.4448
ALPHA-60-965,36,Male,The Disillusioned Artist,45.8071,0.2265,0.7182,0.5854,0.1134,0.8736,0.1116,0.5830,0.2660,0.4990,0.5143
ALPHA-80-364,36,Male,The Community Builder,76.0551,0.6785,0.2980,0.8492,0.2422,0.3441,0.6450,0.6948,0.2531,0.7495,0.8136
ALPHA-17-852,58,Female,The Disillusioned Artist,56.8630,0.4002,0.5488,0.7664,0.3423,0.7151,0.2870,0.2723,0.8523,0.5492,0.5131
ALPHA-04-359,58,Male,The Community Builder,68.6620,0.7612,0.1675,0.8743,0.4290,0.4525,0.7305,0.3174,0.4777,0.8741,0.8418
ALPHA-11-425,39,Male,The Idealistic Activist,70.9009,0.6382,0.2155,0.9768,0.3484,0.8894,0.2130,0.3997,0.7786,0.8220,0.8776
ALPHA-53-768,36,Female,The Cautious Observer,60.4792,0.3825,0.8786,0.2289,0.2855,0.8312,0.7592,0.7955,0.3481,0.2155,0.3533
ALPHA-19-230,42,Female,The Community Builder,74.7608,0.8583,0.7406,0.9269,0.5981,0.3608,0.7650,0.5695,0.7697,0.8764,0.5011
ALPHA-75-811,19,Female,The Idealistic Activist,64.3594,0.7264,0.3803,0.7064,0.2613,0.7941,0.3167,0.3159,0.4785,0.8600,0.6262
ALPHA-35-637,54,Male,The Idealistic Activist,64.0815,0.8569,0.3446,0.9597,0.2131,0.2126,0.4568,0.2252,0.6504,0.8599,0.6070
ALPHA-74-658,57,Male,The Community Builder,66.7196,0.7980,0.6093,0.7100,0.6854,0.1934,0.5566,0.3066,0.3591,0.9545,0.6987
ALPHA-74-005,43,Female,The Cautious Observer,68.8049,0.3650,0.7293,0.5342,0.2353,0.2540,0.7549,0.8709,0.5915,0.2974,0.7662
ALPHA-92-517,34,Male,The Community Builder,68.7089,0.7618,0.7705,0.7773,0.5415,0.7183,0.7267,0.2633,0.7902,0.9457,0.8154
ALPHA-75-518,80,Male,The Idealistic Activist,58.3501,0.7524,0.4370,0.8413,0.2159,0.4371,0.3108,0.2035,0.6224,0.9276,0.4699
ALPHA-83-962,21,Female,The Cautious Observer,55.3653,0.2113,0.7105,0.2360,0.2991,0.3821,0.8128,0.7300,0.3802,0.1185,0.2014
ALPHA-08-434,43,Female,The Cautious Observer,72.2108,0.2987,0.6253,0.7641,0.6510,0.8773,0.6960,0.7965,0.1460,0.1254,0.7621
ALPHA-13-062,33,Female,The Disillusioned Artist,57.2347,0.3679,0.6571,0.7285,0.5722,0.8760,0.1174,0.4388,0.4867,0.2159,0.5836
ALPHA-80-365,53,Male,The Disillusioned Artist,51.7289,0.1751,0.7247,0.6936,0.1748,0.8895,0.1248,0.4992,0.7891,0.5888,0.3230
ALPHA-48-622,43,Male,The Cautious Observer,69.1451,0.3388,0.8581,0.8036,0.4986,0.8385,0.8205,0.8558,0.6354,0.1212,0.6890
ALPHA-97-318,41,Male,The Community Builder,73.8492,0.7969,0.3911,0.8434,0.5656,0.7350,0.4459,0.8754,0.7130,0.9657,0.8512
ALPHA-79-648,43,Female,The Disillusioned Artist,47.5127,0.3753,0.8803,0.6407,0.2730,0.8443,0.3651,0.4352,0.4626,0.2557,0.2065
ALPHA-51-498,27,Male,The Stoic Engineer,57.8959,0.3668,0.3568,0.2127,0.4530,0.8871,0.7363,0.5083,0.8450,0.3389,0.3960
ALPHA-28-039,51,Female,The Community Builder,70.9412,0.7481,0.1884,0.8887,0.3161,0.5960,0.7834,0.1987,0.2198,0.8939,0.7751
ALPHA-66-702,34,Female,The Ambitious Entrepreneur,58.2954,0.5390,0.2724,0.1741,0.8973,0.1803,0.5415,0.3956,0.8963,0.5117,0.8591
ALPHA-42-496,17,Female,The Community Builder,68.5850,0.7337,0.3411,0.7446,0.1062,0.5208,0.4471,0.2391,0.3176,0.7947,0.7566
ALPHA-94-020,62,Male,The Cautious Observer,70.0407,0.3307,0.8400,0.8217,0.5404,0.5995,0.6229,0.9472,0.2999,0.3077,0.3038
ALPHA-45-494,51,Male,The Ambitious Entrepreneur,59.1007,0.4481,0.2089,0.8759,0.8542,0.7585,0.6941,0.3361,0.7643,0.6270,0.4813
ALPHA-01-480,36,Male,The Stoic Engineer,68.7007,0.3010,0.3592,0.7957,0.4399,0.7667,0.6434,0.7636,0.8631,0.2172,0.5302
ALPHA-26-375,16,Female,The Cautious Observer,59.6562,0.4732,0.9316,0.2541,0.2262,0.1005,0.7436,0.9293,0.5003,0.1749,0.4310
ALPHA-89-584,36,Male,The Community Builder,77.1251,0.9394,0.7280,0.9282,0.8479,0.6694,0.7376,0.4221,0.7686,0.8819,0.5060
ALPHA-89-936,21,Female,The Idealistic Activist,54.9683,0.8940,0.2188,0.8341,0.1538,0.1997,0.2078,0.4920,0.5700,0.9308,0.1591
ALPHA-95-905,42,Male,The Idealistic Activist,58.3585,0.5565,0.3267,0.7240,0.5656,0.8048,0.3167,0.3225,0.5496,0.6425,0.7422
ALPHA-44-044,34,Female,The Disillusioned Artist,60.4056,0.3470,0.6697,0.5986,0.1343,0.8290,0.2614,0.5367,0.1927,0.3927,0.6549
ALPHA-68-370,63,Male,The Stoic Engineer,63.8166,0.6912,0.2200,0.3265,0.2009,0.7334,0.8732,0.6722,0.9378,0.2425,0.4759
ALPHA-91-673,19,Male,The Idealistic Activist,73.7441,0.8324,0.2378,0.9357,0.5860,0.6744,0.3936,0.3753,0.4495,0.6191,0.8148
ALPHA-67-535,61,Female,The Ambitious Entrepreneur,60.5213,0.7485,0.8809,0.1603,0.9356,0.2876,0.6249,0.2183,0.8726,0.7973,0.6780
ALPHA-94-228,47,Male,The Ambitious Entrepreneur,61.3727,0.2079,0.3938,0.6300,0.7928,0.4680,0.6864,0.2938,0.7217,0.6596,0.6706
ALPHA-03-770,28,Male,The Idealistic Activist,65.1693,0.7709,0.6282,0.7827,0.3997,0.6218,0.3538,0.3806,0.7048,0.7585,0.4359
ALPHA-36-170,16,Female,The Cautious Observer,69.9245,0.4861,0.9407,0.3300,0.4353,0.7160,0.8116,0.9089,0.6823,0.1995,0.4874
ALPHA-96-359,83,Female,The Idealistic Activist,52.9913,0.6818,0.5978,0.9209,0.6909,0.7693,0.1908,0.3312,0.1878,0.7726,0.2630
ALPHA-30-173,44,Female,The Community Builder,73.3030,0.6613,0.5869,0.9851,0.5215,0.8712,0.6595,0.8297,0.4024,0.8631,0.6770
ALPHA-36-578,27,Male,The Idealistic Activist,71.8306,0.7258,0.6789,0.8471,0.7618,0.2304,0.4957,0.4039,0.4446,0.7035,0.6598
ALPHA-08-375,21,Female,The Stoic Engineer,58.9756,0.5447,0.3733,0.1994,0.8904,0.6905,0.8491,0.7877,0.8686,0.3451,0.3195
ALPHA-09-732,36,Female,The Ambitious Entrepreneur,49.8076,0.3582,0.3448,0.6058,0.7484,0.3367,0.3303,0.2125,0.7987,0.5499,0.1677
ALPHA-68-195,37,Male,The Disillusioned Artist,48.8429,0.2471,0.5214,0.6646,0.8963,0.7883,0.1283,0.4393,0.8483,0.2879,0.4082
ALPHA-88-298,32,Female,The Stoic Engineer,56.0719,0.5655,0.3030,0.2673,0.4261,0.7488,0.6687,0.5508,0.7890,0.1054,0.3566
ALPHA-00-488,37,Male,The Community Builder,71.1843,0.7700,0.7964,0.9524,0.4904,0.2216,0.6009,0.1578,0.6755,0.9228,0.6876
ALPHA-37-727,37,Male,The Community Builder,74.7541,0.6646,0.1229,0.9178,0.5157,0.1165,0.5441,0.6555,0.8164,0.9855,0.7074
ALPHA-75-870,56,Male,The Disillusioned Artist,47.9532,0.1097,0.6637,0.6848,0.2035,0.9575,0.1365,0.3904,0.4307,0.3282,0.4523
ALPHA-02-852,22,Male,The Stoic Engineer,66.8229,0.5276,0.4174,0.5589,0.2303,0.7291,0.7151,0.5386,0.9079,0.3373,0.6416
ALPHA-42-025,23,Female,The Idealistic Activist,63.4028,0.7997,0.7843,0.9098,0.8771,0.1247,0.2805,0.2922,0.5708,0.9328,0.5598
ALPHA-42-280,33,Female,The Idealistic Activist,56.4382,0.6021,0.5408,0.7906,0.7596,0.5745,0.3317,0.2736,0.1956,0.8021,0.2944
ALPHA-48-847,61,Female,The Disillusioned Artist,59.1319,0.4385,0.6365,0.7904,0.2720,0.7239,0.2603,0.4951,0.4676,0.4486,0.7662
ALPHA-78-925,51,Female,The Idealistic Activist,55.3366,0.6547,0.1837,0.8478,0.7471,0.8957,0.3599,0.3968,0.5698,0.9347,0.3903
ALPHA-86-030,40,Male,The Cautious Observer,61.4761,0.3167,0.6775,0.6861,0.4491,0.8293,0.6872,0.9112,0.8361,0.1486,0.3634
ALPHA-05-843,48,Female,The Community Builder,77.1328,0.9240,0.1387,0.9392,0.7013,0.7197,0.4678,0.6163,0.8576,0.7360,0.8243
ALPHA-68-546,41,Female,The Idealistic Activist,62.5822,0.5360,0.6311,0.7562,0.6111,0.4267,0.3217,0.3408,0.1891,0.6146,0.7459
ALPHA-37-688,20,Male,The Disillusioned Artist,45.8968,0.2152,0.5861,0.5017,0.6731,0.8089,0.2906,0.2449,0.1792,0.5937,0.3226
ALPHA-89-938,29,Male,The Stoic Engineer,64.8283,0.6539,0.2430,0.5821,0.3230,0.8048,0.8698,0.7120,0.7172,0.2011,0.1198
ALPHA-07-411,58,Male,The Stoic Engineer,56.0151,0.3645,0.4716,0.1136,0.8683,0.7230,0.8142,0.5124,0.8359,0.3025,0.8778
ALPHA-10-709,16,Male,The Disillusioned Artist,51.7146,0.3707,0.7669,0.7320,0.3350,0.7065,0.3085,0.2738,0.6806,0.4819,0.1705
ALPHA-46-683,27,Female,The Ambitious Entrepreneur,59.1185,0.3371,0.1400,0.6234,0.8197,0.4927,0.3127,0.3863,0.8061,0.8140,0.7114
ALPHA-76-592,51,Female,The Ambitious Entrepreneur,41.6044,0.2032,0.7441,0.5267,0.7781,0.5611,0.3829,0.2489,0.7011,0.7647,0.2278
ALPHA-51-865,16,Male,The Idealistic Activist,57.3599,0.8651,0.2805,0.7276,0.5603,0.6101,0.2081,0.3124,0.2002,0.6728,0.3634
ALPHA-11-586,33,Female,The Community Builder,72.9114,0.6591,0.6840,0.8792,0.4535,0.3101,0.4274,0.5696,0.3192,0.7186,0.8219
ALPHA-06-443,38,Female,The Idealistic Activist,61.9826,0.6959,0.5519,0.7146,0.8717,0.3425,0.3301,0.3924,0.8205,0.8612,0.4064
ALPHA-40-295,16,Female,The Ambitious Entrepreneur,45.8825,0.3155,0.5176,0.1059,0.7260,0.5393,0.5621,0.3604,0.8711,0.7296,0.3423
ALPHA-96-378,16,Female,The Disillusioned Artist,46.5593,0.2449,0.8051,0.4296,0.7072,0.9575,0.3121,0.4143,0.3285,0.4138,0.3673
ALPHA-86-832,45,Female,The Cautious Observer,60.0748,0.4189,0.9091,0.3005,0.3666,0.8364,0.8273,0.7457,0.7453,0.1535,0.2520
ALPHA-32-614,27,Female,The Cautious Observer,54.6952,0.2966,0.6432,0.1552,0.3883,0.3161,0.7646,0.7318,0.4734,0.3798,0.2973
ALPHA-27-187,17,Male,The Disillusioned Artist,56.8597,0.2739,0.8008,0.6962,0.2813,0.9729,0.2564,0.5153,0.3766,0.2700,0.7494
ALPHA-11-791,54,Male,The Cautious Observer,64.1434,0.3298,0.7036,0.2712,0.1485,0.4421,0.7674,0.8621,0.1967,0.2383,0.7259
ALPHA-54-223,25,Female,The Cautious Observer,64.6498,0.4523,0.7319,0.4646,0.3537,0.8617,0.6963,0.9029,0.2119,0.1881,0.3581
ALPHA-58-981,39,Female,The Idealistic Activist,47.9149,0.6350,0.8247,0.7886,0.4901,0.2171,0.1467,0.2586,0.5259,0.6294,0.1680
ALPHA-31-863,16,Female,The Stoic Engineer,66.4600,0.6168,0.3093,0.6616,0.3541,0.7775,0.8144,0.5657,0.7898,0.3912,0.3277
ALPHA-87-504,24,Male,The Stoic Engineer,63.2368,0.5008,0.2851,0.2783,0.6071,0.8045,0.7927,0.6544,0.7006,0.2335,0.6678
ALPHA-22-007,24,Female,The Disillusioned Artist,45.0677,0.1317,0.8714,0.7609,0.3168,0.8476,0.2726,0.4744,0.6858,0.3383,0.3109
ALPHA-07-660,48,Male,The Ambitious Entrepreneur,58.6310,0.4788,0.5643,0.8080,0.9851,0.7590,0.5018,0.2410,0.7529,0.6512,0.6155
ALPHA-59-541,16,Male,The Stoic Engineer,74.7265,0.6329,0.3608,0.7101,0.6676,0.8560,0.6786,0.7929,0.9516,0.3617,0.8343
ALPHA-46-634,26,Female,The Stoic Engineer,73.8934,0.6366,0.3150,0.7207,0.2239,0.6588,0.8654,0.6714,0.8460,0.3555,0.7407
ALPHA-10-729,61,Male,The Idealistic Activist,61.7474,0.5387,0.5361,0.8441,0.3850,0.5992,0.3459,0.4688,0.1669,0.6348,0.6245
ALPHA-64-417,53,Female,The Stoic Engineer,63.8108,0.6229,0.4859,0.4100,0.8615,0.7330,0.7304,0.6267,0.7539,0.3639,0.8412
ALPHA-75-753,42,Male,The Ambitious Entrepreneur,48.8755,0.1195,0.1782,0.3283,0.9298,0.2978,0.5948,0.3509,0.9390,0.5371,0.2639
ALPHA-22-695,16,Female,The Idealistic Activist,57.6861,0.6591,0.8042,0.7466,0.8082,0.1262,0.4930,0.4048,0.1591,0.7676,0.5149
ALPHA-16-885,60,Male,The Stoic Engineer,65.0307,0.5175,0.2365,0.1329,0.7983,0.6093,0.7750,0.7641,0.7029,0.3173,0.6655
ALPHA-20-736,51,Male,The Disillusioned Artist,60.1907,0.3335,0.6668,0.6675,0.1077,0.9501,0.1451,0.4550,0.8292,0.2173,0.7663
ALPHA-68-756,34,Male,The Idealistic Activist,45.1813,0.5002,0.7868,0.7070,0.8095,0.6524,0.1055,0.3329,0.5792,0.6762,0.3058
ALPHA-73-118,52,Male,The Cautious Observer,73.0992,0.4167,0.8248,0.6359,0.2960,0.1980,0.7951,0.9543,0.4595,0.2146,0.4784
ALPHA-85-089,32,Male,The Community Builder,75.2754,0.6526,0.1043,0.8439,0.3316,0.6233,0.7901,0.3687,0.3448,0.7357,0.8098
ALPHA-67-830,55,Female,The Ambitious Entrepreneur,50.9159,0.7277,0.1934,0.2725,0.9492,0.6301,0.5057,0.2984,0.8460,0.6221,0.5015
ALPHA-76-516,30,Male,The Ambitious Entrepreneur,50.7325,0.3632,0.1574,0.1673,0.8454,0.8129,0.3737,0.3883,0.6794,0.5182,0.7665
ALPHA-25-674,34,Male,The Cautious Observer,66.8731,0.4533,0.6538,0.2536,0.4481,0.8767,0.7306,0.7684,0.8676,0.3821,0.6576
ALPHA-57-179,22,Female,The Stoic Engineer,68.6412,0.5780,0.3337,0.8458,0.3179,0.6184,0.6456,0.8894,0.8135,0.1798,0.1139
ALPHA-54-228,25,Male,The Ambitious Entrepreneur,59.2942,0.7058,0.5969,0.4336,0.8394,0.2820,0.5439,0.3395,0.7676,0.8759,0.6886
ALPHA-55-185,16,Male,The Ambitious Entrepreneur,54.7153,0.5907,0.7372,0.5880,0.7157,0.5751,0.4006,0.2164,0.8337,0.7415,0.2283
ALPHA-51-891,46,Female,The Stoic Engineer,68.5025,0.5133,0.2894,0.5624,0.2426,0.8089,0.7362,0.7931,0.8156,0.1929,0.5823
ALPHA-69-284,38,Male,The Idealistic Activist,60.2424,0.6800,0.6067,0.9307,0.4325,0.2514,0.1259,0.4244,0.2813,0.6309,0.7868
ALPHA-11-517,39,Male,The Disillusioned Artist,55.7954,0.4923,0.6146,0.6774,0.5693,0.9810,0.1115,0.2282,0.7738,0.3089,0.7500
ALPHA-60-362,57,Male,The Idealistic Activist,59.0791,0.5364,0.1560,0.9416,0.3794,0.8605,0.2511,0.4141,0.5606,0.7333,0.3026
ALPHA-80-215,53,Male,The Community Builder,74.5200,0.6282,0.7394,0.8334,0.4107,0.4165,0.6265,0.5219,0.4886,0.8966,0.8832
ALPHA-27-243,48,Male,The Disillusioned Artist,50.5055,0.4209,0.7855,0.4607,0.7669,0.7069,0.3510,0.2985,0.4176,0.4104,0.4330
ALPHA-30-119,36,Female,The Stoic Engineer,70.8214,0.3419,0.3209,0.7716,0.6055,0.6920,0.7368,0.6429,0.7673,0.1864,0.8351
ALPHA-14-747,16,Male,The Stoic Engineer,67.1572,0.5805,0.2992,0.4605,0.8457,0.8526,0.9240,0.7745,0.7933,0.3239,0.3822
ALPHA-20-741,47,Male,The Stoic Engineer,61.2202,0.6655,0.3409,0.2796,0.6498,0.7942,0.9186,0.8040,0.9271,0.2714,0.1017
ALPHA-17-101,37,Male,The Community Builder,65.0847,0.6848,0.2051,0.7651,0.7878,0.1143,0.6659,0.4768,0.4470,0.7229,0.5596
ALPHA-25-897,46,Female,The Stoic Engineer,76.8829,0.6386,0.4437,0.8377,0.4212,0.9031,0.8811,0.7947,0.7891,0.3387,0.8046
ALPHA-36-421,28,Male,The Cautious Observer,52.1629,0.2164,0.7540,0.2066,0.2369,0.3507,0.6385,0.9417,0.5473,0.3131,0.4347
ALPHA-49-954,68,Male,The Disillusioned Artist,50.8967,0.2643,0.7313,0.4589,0.1670,0.9714,0.2971,0.5171,0.5983,0.4370,0.6432
ALPHA-78-882,43,Female,The Ambitious Entrepreneur,56.0035,0.4606,0.5998,0.5539,0.7766,0.4703,0.5303,0.2233,0.8645,0.7461,0.7287
ALPHA-68-350,16,Female,The Disillusioned Artist,64.6952,0.4385,0.7836,0.5997,0.8843,0.8480,0.3696,0.4928,0.3038,0.3630,0.8500
ALPHA-97-285,45,Male,The Ambitious Entrepreneur,63.8882,0.8627,0.7938,0.2549,0.9252,0.7322,0.4492,0.3060,0.9436,0.5555,0.8679
ALPHA-98-508,33,Female,The Disillusioned Artist,48.8100,0.3150,0.5507,0.6126,0.3080,0.8495,0.1942,0.3578,0.8779,0.3595,0.5113
ALPHA-25-779,68,Male,The Ambitious Entrepreneur,58.4453,0.7773,0.4408,0.5139,0.8045,0.2129,0.6612,0.1047,0.6605,0.5637,0.4430
ALPHA-19-941,65,Male,The Idealistic Activist,60.3688,0.7098,0.3650,0.8038,0.3266,0.3173,0.2750,0.4590,0.1817,0.9298,0.7655
ALPHA-23-673,65,Male,The Ambitious Entrepreneur,55.2510,0.3905,0.1434,0.4602,0.9214,0.8297,0.6744,0.3489,0.8163,0.6020,0.3472
ALPHA-25-552,50,Female,The Community Builder,72.0534,0.7465,0.1185,0.9447,0.7056,0.1808,0.5075,0.5553,0.3378,0.9869,0.8647
ALPHA-38-755,32,Female,The Ambitious Entrepreneur,50.7997,0.1732,0.3232,0.2861,0.8502,0.6479,0.6798,0.1781,0.7165,0.7859,0.4754
ALPHA-57-877,71,Female,The Community Builder,69.6760,0.6802,0.8902,0.9074,0.3780,0.6459,0.6161,0.3285,0.6363,0.7430,0.6743
ALPHA-34-987,51,Female,The Community Builder,77.8923,0.9427,0.7569,0.9718,0.6807,0.7225,0.4211,0.8622,0.6844,0.8016,0.8954
ALPHA-05-076,31,Female,The Idealistic Activist,64.5777,0.6874,0.7072,0.8975,0.6644,0.1534,0.1875,0.3919,0.3920,0.6857,0.4812
ALPHA-50-048,48,Male,The Ambitious Entrepreneur,71.1695,0.7753,0.3262,0.8155,0.8026,0.7867,0.4113,0.2759,0.7731,0.8157,0.8263
ALPHA-53-278,48,Male,The Stoic Engineer,61.8873,0.3651,0.4363,0.8416,0.8139,0.6486,0.8239,0.5082,0.7585,0.1658,0.4781
ALPHA-16-852,37,Male,The Idealistic Activist,53.2121,0.6368,0.6361,0.8860,0.8853,0.8394,0.1674,0.4871,0.2608,0.7067,0.2682
ALPHA-94-680,42,Male,The Idealistic Activist,55.7188,0.5884,0.2856,0.8354,0.8029,0.8497,0.1920,0.3600,0.8034,0.8197,0.5626
ALPHA-85-667,59,Female,The Cautious Observer,68.8290,0.4729,0.7424,0.6877,0.1931,0.6357,0.6560,0.8330,0.4545,0.1458,0.7698
ALPHA-37-627,50,Male,The Cautious Observer,66.0487,0.4788,0.8871,0.6608,0.8249,0.2774,0.6408,0.8842,0.4358,0.2220,0.4581
ALPHA-09-143,34,Male,The Cautious Observer,49.2239,0.3423,0.7862,0.1976,0.8518,0.2180,0.7967,0.7688,0.7791,0.3042,0.1211
ALPHA-50-245,57,Female,The Disillusioned Artist,55.2924,0.4038,0.6264,0.7646,0.1008,0.9503,0.3883,0.3646,0.2331,0.5686,0.2980
ALPHA-67-050,51,Female,The Disillusioned Artist,56.7730,0.3246,0.5858,0.5000,0.2531,0.7116,0.1609,0.5175,0.4506,0.5127,0.8013
ALPHA-24-736,46,Female,The Community Builder,68.2350,0.8493,0.7467,0.8565,0.5525,0.1958,0.7995,0.1547,0.1449,0.8265,0.6607
ALPHA-03-511,72,Male,The Disillusioned Artist,53.0846,0.2325,0.8090,0.7157,0.2555,0.9677,0.3025,0.3305,0.2354,0.4689,0.3741
ALPHA-83-852,26,Female,The Stoic Engineer,67.8320,0.6692,0.2167,0.6941,0.6008,0.7467,0.8021,0.6709,0.8889,0.1370,0.6207
ALPHA-56-468,37,Female,The Stoic Engineer,60.5984,0.6385,0.2449,0.6295,0.6921,0.6405,0.6580,0.5858,0.9369,0.1055,0.5217
ALPHA-91-833,33,Female,The Idealistic Activist,55.7529,0.6030,0.2640,0.7039,0.3629,0.8542,0.2251,0.3153,0.4408,0.8456,0.5042
ALPHA-79-643,59,Male,The Cautious Observer,60.0539,0.4246,0.7984,0.2036,0.7826,0.1715,0.7346,0.9099,0.8763,0.3522,0.4532
ALPHA-38-329,42,Male,The Community Builder,69.5806,0.8224,0.4277,0.7109,0.2157,0.6199,0.7966,0.5030,0.7646,0.8782,0.5076
ALPHA-84-144,28,Male,The Cautious Observer,69.0986,0.3902,0.6383,0.7240,0.3198,0.4270,0.8086,0.9657,0.1141,0.3597,0.5876
ALPHA-48-621,38,Male,The Cautious Observer,65.3702,0.2273,0.9078,0.7636,0.1073,0.4577,0.6544,0.7176,0.2130,0.3265,0.3847
ALPHA-84-407,46,Female,The Disillusioned Artist,42.1492,0.1678,0.6000,0.6033,0.7759,0.9114,0.1562,0.3098,0.7646,0.5557,0.2636
ALPHA-89-264,51,Male,The Stoic Engineer,59.7909,0.3728,0.3808,0.8017,0.8873,0.6354,0.7467,0.7313,0.9067,0.1768,0.2377
ALPHA-39-585,40,Male,The Cautious Observer,63.0700,0.3331,0.7886,0.6050,0.8832,0.2227,0.6123,0.8264,0.7819,0.2768,0.8022
ALPHA-09-523,58,Female,The Stoic Engineer,65.1467,0.3806,0.2586,0.8740,0.2698,0.9335,0.6734,0.6620,0.7736,0.2242,0.6440
ALPHA-90-291,51,Male,The Ambitious Entrepreneur,57.0152,0.5693,0.8510,0.4779,0.8251,0.7825,0.6750,0.3670,0.6982,0.7040,0.1331
ALPHA-95-467,48,Male,The Idealistic Activist,66.1905,0.8923,0.5072,0.9775,0.8858,0.8595,0.3285,0.3133,0.3828,0.8014,0.4757
ALPHA-76-810,46,Female,The Community Builder,75.2521,0.8171,0.6566,0.9467,0.4963,0.3367,0.4591,0.3591,0.4659,0.7578,0.8168
ALPHA-72-916,36,Male,The Stoic Engineer,62.1038,0.3465,0.3977,0.5551,0.7546,0.7286,0.8590,0.8286,0.7186,0.2055,0.3664
ALPHA-87-692,37,Female,The Stoic Engineer,53.9546,0.4975,0.4000,0.3815,0.2424,0.8906,0.6419,0.6439,0.9218,0.2592,0.2651
ALPHA-13-462,47,Female,The Community Builder,70.8742,0.6624,0.1001,0.8238,0.4483,0.8393,0.7971,0.6922,0.3893,0.8956,0.7348
ALPHA-95-343,56,Female,The Idealistic Activist,50.1710,0.8169,0.2830,0.7412,0.3898,0.2980,0.3296,0.2637,0.4931,0.9087,0.1812
ALPHA-01-248,45,Male,The Ambitious Entrepreneur,63.0024,0.7797,0.3334,0.3715,0.9307,0.3788,0.5131,0.2549,0.9147,0.7126,0.6517
ALPHA-56-307,36,Male,The Disillusioned Artist,45.1228,0.2686,0.6750,0.5336,0.2946,0.7192,0.1136,0.5522,0.2165,0.5648,0.4439
ALPHA-94-292,47,Female,The Disillusioned Artist,51.1448,0.1512,0.8916,0.5732,0.4450,0.7311,0.2670,0.4821,0.6126,0.2458,0.2826
ALPHA-40-518,50,Female,The Disillusioned Artist,54.9766,0.3705,0.6385,0.4588,0.4959,0.7507,0.3777,0.4917,0.4257,0.5405,0.8542
ALPHA-57-850,48,Female,The Community Builder,75.2480,0.7764,0.1501,0.9266,0.7356,0.1846,0.7972,0.5748,0.2571,0.7336,0.7742
ALPHA-28-598,59,Male,The Cautious Observer,70.1269,0.4115,0.6061,0.7832,0.3750,0.7359,0.8575,0.7491,0.5868,0.2970,0.5482
ALPHA-96-231,32,Female,The Idealistic Activist,69.5397,0.8375,0.6319,0.8573,0.6840,0.7448,0.1764,0.4259,0.6109,0.7285,0.6796
ALPHA-22-098,37,Female,The Cautious Observer,66.7751,0.3753,0.7737,0.8620,0.8793,0.2547,0.7588,0.7476,0.8514,0.2502,0.6021
ALPHA-08-024,35,Female,The Ambitious Entrepreneur,52.0212,0.3794,0.1484,0.3642,0.9236,0.5742,0.4721,0.2011,0.8313,0.8890,0.8263
ALPHA-47-496,44,Male,The Cautious Observer,64.7305,0.2975,0.6421,0.3064,0.7520,0.3297,0.8477,0.9245,0.7128,0.3326,0.7232
ALPHA-91-052,59,Female,The Disillusioned Artist,48.5801,0.3099,0.5059,0.6922,0.2239,0.9165,0.1294,0.2004,0.6688,0.4593,0.8908
ALPHA-93-349,69,Female,The Cautious Observer,70.8141,0.3139,0.6567,0.7376,0.4885,0.3513,0.8937,0.9748,0.4702,0.1942,0.2953
ALPHA-97-470,20,Female,The Idealistic Activist,60.2867,0.6956,0.8228,0.9096,0.6771,0.1593,0.3991,0.2508,0.4523,0.9262,0.7620
ALPHA-96-626,50,Male,The Community Builder,72.0087,0.6448,0.3685,0.9368,0.8490,0.6992,0.7928,0.3482,0.1518,0.7339,0.8166
ALPHA-95-993,33,Male,The Stoic Engineer,68.4553,0.5007,0.2705,0.3746,0.5677,0.7222,0.8080,0.8727,0.9316,0.2567,0.3554
ALPHA-82-169,19,Male,The Disillusioned Artist,40.9138,0.1020,0.8150,0.5884,0.1653,0.9250,0.3022,0.2565,0.4497,0.2611,0.4372
ALPHA-47-413,66,Female,The Community Builder,70.7941,0.8277,0.6938,0.8808,0.3360,0.5524,0.4087,0.7078,0.2389,0.8876,0.5226
ALPHA-18-740,24,Female,The Cautious Observer,66.7539,0.3896,0.8548,0.4322,0.1726,0.4114,0.8222,0.8475,0.4412,0.1952,0.3806
ALPHA-48-722,55,Male,The Idealistic Activist,69.2913,0.5430,0.4741,0.9421,0.7298,0.2663,0.4795,0.4127,0.7219,0.6754,0.8415
ALPHA-08-124,47,Female,The Stoic Engineer,64.7164,0.4987,0.3917,0.3092,0.8332,0.7225,0.9015,0.8858,0.9108,0.3650,0.2145
ALPHA-73-994,42,Male,The Disillusioned Artist,50.5104,0.2050,0.8808,0.7738,0.8752,0.8496,0.2261,0.5451,0.2139,0.4398,0.5290
ALPHA-93-936,36,Male,The Disillusioned Artist,50.6891,0.2204,0.6958,0.7720,0.8990,0.9595,0.2101,0.3515,0.7232,0.5938,0.2691
ALPHA-13-366,30,Female,The Idealistic Activist,60.7332,0.5827,0.4453,0.7886,0.7850,0.5128,0.3934,0.4469,0.8733,0.6011,0.3002
ALPHA-85-106,30,Female,The Community Builder,70.1114,0.8690,0.4061,0.8432,0.4802,0.7021,0.5687,0.2294,0.8653,0.9850,0.7326
ALPHA-13-153,59,Male,The Community Builder,74.2585,0.8602,0.8119,0.7298,0.4433,0.6409,0.4758,0.6572,0.7826,0.9481,0.7961
ALPHA-94-466,65,Male,The Disillusioned Artist,49.1964,0.4718,0.8121,0.4444,0.7187,0.8503,0.1155,0.3198,0.2541,0.5033,0.7131
ALPHA-30-950,43,Female,The Stoic Engineer,59.0014,0.6943,0.2495,0.2725,0.8738,0.6308,0.6182,0.7261,0.9493,0.1850,0.4601
ALPHA-93-901,16,Female,The Stoic Engineer,57.5475,0.4830,0.3222,0.2622,0.2750,0.7826,0.7337,0.7763,0.8157,0.2727,0.2182
ALPHA-16-090,47,Male,The Community Builder,74.5194,0.8427,0.4742,0.8058,0.1275,0.1325,0.7139,0.6364,0.1532,0.8405,0.5057
ALPHA-65-667,62,Male,The Stoic Engineer,62.0218,0.3101,0.2063,0.1042,0.8702,0.9075,0.9276,0.8897,0.7341,0.3217,0.7456
ALPHA-48-524,30,Female,The Cautious Observer,66.7032,0.2722,0.8826,0.7804,0.3090,0.8230,0.6227,0.8299,0.6162,0.3017,0.4432
ALPHA-30-179,40,Female,The Stoic Engineer,72.0184,0.5798,0.3340,0.7170,0.4323,0.7973,0.6480,0.5432,0.9416,0.2934,0.7521
ALPHA-24-889,37,Male,The Community Builder,70.0350,0.9363,0.7146,0.8263,0.5004,0.1179,0.6428,0.5541,0.5594,0.7834,0.7070
ALPHA-69-684,67,Male,The Stoic Engineer,75.1008,0.6771,0.4296,0.8404,0.2391,0.7312,0.7474,0.5063,0.7174,0.3599,0.7971
ALPHA-12-755,31,Male,The Disillusioned Artist,45.7240,0.3855,0.7617,0.4877,0.7891,0.9694,0.2810,0.3068,0.5110,0.2869,0.3241
ALPHA-52-989,29,Female,The Disillusioned Artist,51.9460,0.4102,0.8321,0.4800,0.5324,0.8033,0.2595,0.5170,0.2081,0.4134,0.4532
ALPHA-55-444,59,Male,The Disillusioned Artist,56.2518,0.4111,0.5760,0.5396,0.3690,0.9540,0.1629,0.5916,0.2287,0.3496,0.5616
ALPHA-72-345,40,Female,The Cautious Observer,64.5545,0.2183,0.6475,0.3363,0.1681,0.1482,0.7946,0.9402,0.8510,0.2204,0.4965
ALPHA-16-244,56,Male,The Disillusioned Artist,42.7183,0.2173,0.5403,0.6461,0.7035,0.7661,0.1471,0.3192,0.5890,0.5058,0.1832
ALPHA-08-180,37,Female,The Community Builder,64.7657,0.6948,0.2725,0.9884,0.6948,0.8883,0.5969,0.1663,0.6867,0.9900,0.7645
ALPHA-82-494,45,Female,The Community Builder,68.2733,0.8592,0.4757,0.8128,0.1656,0.6348,0.5324,0.2210,0.5471,0.9316,0.6777
ALPHA-76-775,38,Male,The Idealistic Activist,57.7544,0.6276,0.5051,0.8237,0.1656,0.3667,0.2900,0.2043,0.2041,0.6982,0.6910
ALPHA-13-489,31,Male,The Disillusioned Artist,49.7632,0.1132,0.7114,0.4703,0.7558,0.8574,0.3298,0.5179,0.2478,0.2760,0.7007
ALPHA-52-216,23,Male,The Ambitious Entrepreneur,67.7629,0.6451,0.5591,0.7057,0.9163,0.8833,0.6275,0.2273,0.9416,0.7563,0.6685
ALPHA-40-150,31,Male,The Disillusioned Artist,50.2207,0.4778,0.6783,0.7886,0.4773,0.8128,0.1860,0.5906,0.2874,0.4319,0.2605
ALPHA-04-649,34,Male,The Stoic Engineer,50.5590,0.4392,0.4906,0.1976,0.7555,0.8389,0.7133,0.5523,0.9229,0.3130,0.3876
ALPHA-56-662,43,Male,The Stoic Engineer,64.5026,0.4258,0.4460,0.5700,0.6255,0.7216,0.8069,0.7562,0.8570,0.3724,0.2304
ALPHA-07-987,20,Female,The Stoic Engineer,72.6761,0.5055,0.2964,0.8030,0.1169,0.7400,0.9368,0.6970,0.9223,0.3678,0.6900
ALPHA-08-965,85,Female,The Idealistic Activist,52.3739,0.5751,0.8696,0.7872,0.2822,0.6274,0.2753,0.2810,0.5417,0.8855,0.1595
ALPHA-63-608,43,Female,The Idealistic Activist,57.6674,0.7499,0.7516,0.9697,0.5745,0.1946,0.1438,0.4413,0.8974,0.8600,0.1528
ALPHA-38-875,48,Female,The Disillusioned Artist,38.5103,0.1469,0.6099,0.4362,0.5483,0.9798,0.2452,0.2543,0.3769,0.4526,0.1355
ALPHA-94-389,45,Male,The Community Builder,68.7139,0.7068,0.3408,0.8851,0.2050,0.6919,0.7999,0.4225,0.2921,0.7094,0.5285
ALPHA-16-743,41,Male,The Disillusioned Artist,51.3509,0.3355,0.8752,0.7400,0.2909,0.9701,0.1820,0.3143,0.7918,0.2230,0.2548
ALPHA-49-113,34,Female,The Cautious Observer,56.3683,0.2762,0.8464,0.7529,0.7467,0.5486,0.6345,0.7888,0.1706,0.2250,0.2211
ALPHA-38-591,43,Female,The Community Builder,66.4005,0.6717,0.1360,0.8216,0.5659,0.5850,0.5504,0.5833,0.8989,0.9728,0.7925
ALPHA-04-403,41,Female,The Community Builder,73.6327,0.7653,0.3165,0.9770,0.2623,0.5202,0.6204,0.5114,0.8075,0.7136,0.5905
ALPHA-55-150,17,Female,The Ambitious Entrepreneur,60.2058,0.4709,0.4605,0.8300,0.7519,0.3849,0.3758,0.2984,0.7739,0.5982,0.7231
ALPHA-64-351,25,Female,The Disillusioned Artist,49.7916,0.4741,0.7973,0.5469,0.8533,0.8104,0.3837,0.5911,0.3616,0.2594,0.1994
ALPHA-02-664,60,Female,The Idealistic Activist,61.0722,0.7711,0.4188,0.8318,0.7254,0.4711,0.2425,0.4649,0.1142,0.8621,0.4030
ALPHA-11-456,54,Female,The Stoic Engineer,56.3379,0.6842,0.4110,0.1393,0.3019,0.6227,0.7294,0.7246,0.8370,0.2892,0.3529
ALPHA-51-740,52,Female,The Stoic Engineer,54.7582,0.4512,0.4673,0.1016,0.3880,0.8391,0.6710,0.8560,0.8705,0.3328,0.1095
ALPHA-12-011,52,Female,The Idealistic Activist,61.7884,0.7143,0.8641,0.8212,0.2656,0.5036,0.3818,0.4049,0.2658,0.7540,0.5323
ALPHA-94-246,75,Male,The Cautious Observer,66.0474,0.4385,0.8605,0.3068,0.3249,0.7874,0.6704,0.9685,0.3578,0.2241,0.7048
ALPHA-95-324,44,Female,The Cautious Observer,67.1048,0.4774,0.6419,0.5197,0.5228,0.5445,0.6889,0.9131,0.1518,0.1054,0.5504
ALPHA-12-430,31,Female,The Idealistic Activist,62.2661,0.8158,0.2234,0.9192,0.8679,0.6155,0.4329,0.4880,0.1136,0.7091,0.1432
ALPHA-14-042,55,Female,The Ambitious Entrepreneur,70.7977,0.8036,0.8282,0.8911,0.9216,0.6312,0.3947,0.3298,0.8232,0.7781,0.6935
ALPHA-83-779,32,Female,The Community Builder,77.8360,0.7211,0.4708,0.8498,0.2277,0.3712,0.6433,0.7503,0.4883,0.8655,0.6898
ALPHA-02-757,38,Female,The Ambitious Entrepreneur,57.9521,0.6610,0.8028,0.3616,0.7148,0.8302,0.5605,0.2381,0.9332,0.5690,0.4374
ALPHA-14-381,73,Female,The Idealistic Activist,57.4208,0.5066,0.7829,0.8343,0.3422,0.2110,0.2923,0.2821,0.3742,0.7596,0.6723
ALPHA-57-549,16,Female,The Idealistic Activist,60.9651,0.5564,0.8492,0.9504,0.6321,0.2123,0.4632,0.3737,0.8789,0.8097,0.4625
ALPHA-24-337,57,Male,The Community Builder,77.0039,0.7914,0.1376,0.7079,0.3585,0.7676,0.6044,0.5836,0.6677,0.8121,0.8218
ALPHA-10-620,34,Male,The Community Builder,63.1832,0.8184,0.3359,0.7431,0.2607,0.1165,0.7636,0.3027,0.2334,0.9706,0.5486
ALPHA-06-573,52,Male,The Community Builder,70.0271,0.7069,0.3258,0.7365,0.2351,0.4110,0.7364,0.4657,0.7122,0.8969,0.5505
ALPHA-55-886,49,Male,The Ambitious Entrepreneur,46.3063,0.1315,0.5357,0.5214,0.9608,0.3707,0.4201,0.1788,0.9473,0.7928,0.2807
ALPHA-10-037,41,Female,The Cautious Observer,58.4505,0.4438,0.8971,0.2240,0.6477,0.2741,0.6603,0.9609,0.5754,0.3857,0.2507
ALPHA-27-098,40,Male,The Disillusioned Artist,41.6053,0.1105,0.5604,0.4600,0.4276,0.8617,0.3209,0.2657,0.3721,0.5541,0.5035
ALPHA-24-835,30,Male,The Ambitious Entrepreneur,39.8760,0.4046,0.4433,0.2153,0.8559,0.1566,0.6890,0.1109,0.7460,0.7539,0.1167
ALPHA-95-981,48,Female,The Community Builder,72.0975,0.8504,0.3487,0.9633,0.4541,0.3294,0.6944,0.6133,0.4631,0.8969,0.6332
ALPHA-15-982,50,Female,The Stoic Engineer,64.4961,0.6415,0.3775,0.7295,0.1164,0.6384,0.7178,0.7669,0.7073,0.3669,0.1054
ALPHA-67-138,46,Male,The Community Builder,76.4750,0.8733,0.1941,0.8763,0.3638,0.4938,0.5674,0.8224,0.4066,0.7033,0.7741
ALPHA-91-323,16,Female,The Cautious Observer,64.3933,0.4591,0.6477,0.4548,0.7215,0.8448,0.8333,0.7323,0.7274,0.3824,0.7230
ALPHA-97-051,28,Female,The Community Builder,75.6723,0.7534,0.6517,0.7612,0.6642,0.1139,0.6763,0.4839,0.2637,0.9743,0.8788
ALPHA-36-000,37,Male,The Community Builder,69.1514,0.6542,0.3531,0.7607,0.1275,0.8907,0.4626,0.7897,0.8837,0.7463,0.7231
ALPHA-56-262,50,Male,The Idealistic Activist,55.3219,0.6743,0.3667,0.7008,0.1583,0.6288,0.1973,0.2708,0.3690,0.9387,0.5120
ALPHA-16-144,55,Female,The Idealistic Activist,60.3452,0.7872,0.7836,0.8204,0.5445,0.4749,0.4712,0.2368,0.8872,0.8259,0.3607
ALPHA-35-084,40,Female,The Cautious Observer,70.5274,0.4523,0.6375,0.8401,0.4980,0.1861,0.6848,0.7160,0.8122,0.3540,0.6764
ALPHA-66-581,39,Male,The Community Builder,71.6065,0.6982,0.6819,0.9382,0.6344,0.7403,0.5568,0.3547,0.4763,0.9181,0.8470
ALPHA-15-684,45,Male,The Stoic Engineer,68.3340,0.3981,0.3384,0.5540,0.5530,0.9365,0.9340,0.8084,0.9668,0.2431,0.2646
ALPHA-40-524,26,Female,The Community Builder,78.9477,0.6953,0.2774,0.9530,0.3569,0.6189,0.5292,0.8951,0.3764,0.8475,0.7972
ALPHA-76-796,38,Male,The Stoic Engineer,52.1393,0.3144,0.2028,0.1614,0.1658,0.8227,0.7875,0.5265,0.8440,0.2717,0.5866
ALPHA-91-462,49,Female,The Community Builder,68.2697,0.6583,0.7635,0.9142,0.1155,0.2005,0.7551,0.3654,0.5312,0.7849,0.6162
ALPHA-83-174,39,Female,The Ambitious Entrepreneur,63.7220,0.5116,0.2062,0.7708,0.8149,0.5052,0.6719,0.2491,0.6329,0.6442,0.5228
ALPHA-99-722,56,Male,The Idealistic Activist,63.7417,0.8495,0.7982,0.9655,0.6404,0.4870,0.4443,0.4306,0.3915,0.7143,0.1676
ALPHA-97-547,32,Male,The Ambitious Entrepreneur,61.4398,0.5820,0.3918,0.6815,0.8616,0.3078,0.5728,0.3182,0.9241,0.6617,0.3601
ALPHA-13-577,37,Female,The Community Builder,63.7251,0.7314,0.5037,0.8450,0.5562,0.4452,0.4929,0.3240,0.2558,0.9750,0.6178
ALPHA-83-130,64,Female,The Idealistic Activist,55.8544,0.8673,0.8106,0.8147,0.8632,0.5307,0.4391,0.3442,0.3078,0.7557,0.2379
ALPHA-23-035,51,Female,The Stoic Engineer,69.1860,0.6456,0.2783,0.7181,0.4669,0.7480,0.6767,0.7265,0.9405,0.3926,0.6337
ALPHA-46-220,34,Female,The Idealistic Activist,56.9200,0.5236,0.6040,0.7070,0.3139,0.3525,0.3260,0.3468,0.8814,0.9055,0.2315
ALPHA-92-718,30,Female,The Disillusioned Artist,48.8941,0.3453,0.8895,0.5185,0.6379,0.8833,0.3323,0.2811,0.6797,0.4859,0.1223
ALPHA-94-619,51,Male,The Disillusioned Artist,48.5786,0.2095,0.8584,0.6505,0.5448,0.8288,0.1093,0.3347,0.7708,0.3382,0.7934
ALPHA-58-512,47,Female,The Disillusioned Artist,41.5476,0.1194,0.6531,0.6389,0.5226,0.9030,0.1223,0.3514,0.1590,0.3865,0.2780
ALPHA-64-837,60,Female,The Community Builder,76.9241,0.6335,0.3399,0.8811,0.5472,0.6439,0.5381,0.8595,0.1351,0.7159,0.5545
ALPHA-27-302,42,Female,The Idealistic Activist,51.3667,0.5645,0.6814,0.8206,0.5741,0.5009,0.2048,0.2992,0.5124,0.6822,0.1611
ALPHA-41-182,50,Male,The Cautious Observer,77.7649,0.4747,0.8303,0.3828,0.1553,0.2245,0.8864,0.9873,0.6933,0.3328,0.8377
ALPHA-06-233,48,Male,The Cautious Observer,64.5064,0.3364,0.8514,0.1231,0.4146,0.7317,0.8842,0.9675,0.4304,0.3951,0.3572
ALPHA-29-797,46,Female,The Disillusioned Artist,56.7055,0.4380,0.7973,0.4968,0.7376,0.7001,0.3007,0.5344,0.5635,0.3583,0.7854
ALPHA-32-898,38,Female,The Ambitious Entrepreneur,61.3439,0.7702,0.1738,0.4277,0.7852,0.7201,0.5481,0.2261,0.7297,0.7712,0.7793
ALPHA-74-468,54,Female,The Community Builder,65.8875,0.7507,0.2362,0.8877,0.5905,0.8529,0.6229,0.3719,0.7555,0.7033,0.5940
ALPHA-54-194,67,Male,The Disillusioned Artist,45.8172,0.1797,0.6547,0.4143,0.6681,0.7083,0.1104,0.3928,0.6085,0.4237,0.5296
ALPHA-92-196,54,Female,The Idealistic Activist,58.3336,0.6257,0.1557,0.9116,0.7350,0.1540,0.3454,0.4604,0.5304,0.6447,0.2386
ALPHA-89-631,46,Male,The Disillusioned Artist,48.8124,0.4118,0.7687,0.5672,0.7516,0.8459,0.1698,0.2905,0.6049,0.2488,0.5102
ALPHA-94-600,47,Female,The Community Builder,73.4106,0.8103,0.2962,0.9009,0.6478,0.2682,0.7236,0.3556,0.7574,0.8348,0.8709
ALPHA-19-792,24,Female,The Disillusioned Artist,48.1687,0.4251,0.7336,0.4672,0.6170,0.7637,0.3740,0.2919,0.5114,0.3766,0.3356
ALPHA-60-641,66,Male,The Stoic Engineer,52.3315,0.3199,0.4995,0.2606,0.4770,0.8739,0.6490,0.5478,0.9332,0.3865,0.3185
ALPHA-39-787,37,Male,The Cautious Observer,70.2830,0.2915,0.7866,0.6766,0.4181,0.4922,0.7988,0.9725,0.5045,0.2021,0.6460
ALPHA-33-556,42,Male,The Community Builder,70.1946,0.9153,0.1302,0.9082,0.1426,0.5366,0.4225,0.4596,0.4669,0.9107,0.5262
ALPHA-44-570,42,Male,The Idealistic Activist,55.8837,0.7338,0.2428,0.7106,0.4814,0.6426,0.3448,0.3124,0.6966,0.8559,0.3640
ALPHA-10-270,25,Female,The Community Builder,67.7532,0.8892,0.5520,0.7376,0.2720,0.8916,0.7221,0.1993,0.8816,0.7642,0.5953
ALPHA-00-405,45,Male,The Idealistic Activist,63.8407,0.7617,0.7338,0.8880,0.7101,0.3094,0.4056,0.4017,0.8144,0.6558,0.5452
ALPHA-67-622,42,Male,The Disillusioned Artist,46.0996,0.1031,0.5446,0.4030,0.2007,0.8613,0.1586,0.2034,0.7563,0.2940,0.7415
ALPHA-93-026,55,Female,The Disillusioned Artist,46.4379,0.4003,0.8011,0.7470,0.7150,0.8511,0.2289,0.2049,0.1717,0.3003,0.4963
ALPHA-97-300,22,Male,The Disillusioned Artist,48.8782,0.2687,0.6860,0.4610,0.3552,0.9356,0.1850,0.3397,0.6210,0.5082,0.8997
ALPHA-60-775,53,Male,The Stoic Engineer,62.4064,0.4235,0.4961,0.6299,0.2255,0.8038,0.9058,0.5087,0.8365,0.1119,0.1643
ALPHA-15-210,41,Male,The Ambitious Entrepreneur,56.0112,0.1136,0.1843,0.7297,0.7795,0.3531,0.6674,0.1258,0.7067,0.6660,0.4330
ALPHA-04-525,37,Female,The Ambitious Entrepreneur,43.3580,0.2005,0.5182,0.3866,0.8750,0.5655,0.5135,0.3414,0.8339,0.6244,0.1177
ALPHA-51-654,33,Male,The Disillusioned Artist,47.9441,0.1802,0.6583,0.7294,0.7160,0.7704,0.1503,0.5003,0.1078,0.5973,0.5177
ALPHA-14-773,36,Male,The Idealistic Activist,53.1629,0.5731,0.5105,0.8712,0.7310,0.3015,0.1117,0.3064,0.5578,0.9235,0.2943
ALPHA-50-914,29,Female,The Ambitious Entrepreneur,56.0896,0.7793,0.6086,0.4872,0.9865,0.4389,0.5602,0.1033,0.6762,0.8414,0.2916
ALPHA-57-095,55,Male,The Stoic Engineer,62.1325,0.4264,0.4335,0.1907,0.8652,0.7298,0.6638,0.6180,0.7153,0.3766,0.7893
ALPHA-33-540,38,Male,The Disillusioned Artist,52.9606,0.4625,0.8358,0.6398,0.6943,0.7230,0.1834,0.5706,0.3677,0.3459,0.1795
ALPHA-06-902,50,Male,The Ambitious Entrepreneur,57.3560,0.5180,0.5859,0.6753,0.7738,0.7551,0.4947,0.3595,0.6872,0.8935,0.2104
ALPHA-37-291,49,Male,The Idealistic Activist,59.8287,0.5644,0.6004,0.8493,0.8098,0.4874,0.1823,0.3141,0.6483,0.7041,0.4512
ALPHA-08-784,20,Male,The Ambitious Entrepreneur,50.3372,0.7176,0.4639,0.6028,0.8257,0.3705,0.4865,0.3920,0.9218,0.5171,0.1547
ALPHA-33-750,60,Male,The Stoic Engineer,63.3155,0.6130,0.3698,0.6341,0.3201,0.6004,0.9121,0.5518,0.9710,0.3675,0.2950
ALPHA-50-028,19,Male,The Idealistic Activist,61.5707,0.7104,0.7392,0.7782,0.7661,0.5376,0.4999,0.2348,0.7183,0.7224,0.2209
ALPHA-35-994,53,Male,The Ambitious Entrepreneur,49.0256,0.4104,0.4337,0.3793,0.8463,0.1965,0.4952,0.1578,0.9443,0.8993,0.6365
ALPHA-35-825,51,Female,The Cautious Observer,66.6483,0.2291,0.6709,0.7273,0.1014,0.4991,0.6051,0.7619,0.4832,0.2975,0.8011
ALPHA-44-039,47,Female,The Community Builder,75.6489,0.8522,0.1601,0.8529,0.7812,0.7595,0.5811,0.6977,0.8612,0.9865,0.5437
ALPHA-75-426,46,Female,The Idealistic Activist,51.9754,0.5874,0.8281,0.7571,0.7831,0.8617,0.1651,0.3501,0.2278,0.9049,0.3971
ALPHA-75-887,31,Female,The Community Builder,62.9588,0.7705,0.2122,0.8881,0.1112,0.6000,0.4667,0.1268,0.4897,0.8215,0.6064
ALPHA-47-845,43,Female,The Community Builder,73.7223,0.9397,0.1035,0.7559,0.1936,0.8819,0.6958,0.8491,0.5684,0.9472,0.5022
ALPHA-76-217,40,Male,The Stoic Engineer,72.1071,0.4895,0.4032,0.8470,0.6803,0.7477,0.9374,0.8363,0.8221,0.3985,0.4637
ALPHA-31-527,30,Male,The Community Builder,82.0563,0.9057,0.6007,0.9372,0.7981,0.6126,0.7748,0.4394,0.5706,0.9802,0.7706
ALPHA-34-948,52,Male,The Ambitious Entrepreneur,59.5838,0.7384,0.8507,0.6501,0.7531,0.3882,0.4247,0.2157,0.8189,0.6582,0.3218
ALPHA-04-660,25,Male,The Disillusioned Artist,49.6333,0.2265,0.5148,0.7369,0.5486,0.9244,0.1797,0.3706,0.1855,0.2524,0.5573
ALPHA-41-133,67,Female,The Stoic Engineer,63.5668,0.3634,0.3462,0.6049,0.8080,0.6120,0.9197,0.5965,0.8759,0.3538,0.1858
ALPHA-47-778,43,Female,The Ambitious Entrepreneur,44.3506,0.6152,0.8605,0.2197,0.8095,0.8200,0.4429,0.2743,0.6920,0.6683,0.1644
ALPHA-93-627,36,Male,The Ambitious Entrepreneur,51.9536,0.6787,0.4481,0.1548,0.7752,0.4824,0.4951,0.2582,0.8420,0.7456,0.5615
ALPHA-48-224,49,Female,The Disillusioned Artist,52.4648,0.2660,0.8270,0.4982,0.3241,0.8918,0.3671,0.3191,0.7236,0.5628,0.8700
ALPHA-16-020,16,Male,The Disillusioned Artist,51.0482,0.4495,0.7272,0.6237,0.1333,0.9005,0.3564,0.3389,0.5994,0.5759,0.4362
ALPHA-60-452,67,Female,The Disillusioned Artist,46.4807,0.1153,0.6357,0.6611,0.3407,0.7161,0.1890,0.2354,0.4863,0.5952,0.6011
ALPHA-98-484,44,Female,The Stoic Engineer,61.5786,0.6439,0.3168,0.2429,0.8450,0.6021,0.8665,0.8031,0.7958,0.1834,0.3600
ALPHA-11-950,39,Male,The Disillusioned Artist,49.3085,0.4399,0.6846,0.4334,0.7455,0.9122,0.1524,0.5601,0.3748,0.2019,0.5463
ALPHA-18-136,16,Female,The Cautious Observer,67.0814,0.3132,0.8517,0.5600,0.4554,0.7122,0.8083,0.7857,0.7937,0.3223,0.7595
ALPHA-00-367,59,Female,The Cautious Observer,67.7012,0.4426,0.9113,0.4263,0.7544,0.4475,0.7107,0.9699,0.8900,0.2155,0.8383
ALPHA-24-794,32,Male,The Community Builder,82.5943,0.9218,0.1902,0.8111,0.3518,0.3713,0.6931,0.8299,0.2147,0.8057,0.7564
ALPHA-26-263,51,Female,The Cautious Observer,57.3444,0.2855,0.7863,0.4230,0.6535,0.6104,0.6361,0.9294,0.5251,0.1092,0.4827
ALPHA-62-249,56,Female,The Stoic Engineer,49.5543,0.3802,0.4950,0.1123,0.3946,0.8805,0.6673,0.7096,0.7765,0.2001,0.3543
ALPHA-56-942,44,Male,The Community Builder,71.5886,0.7466,0.7694,0.8154,0.2067,0.6942,0.4785,0.6035,0.2386,0.9034,0.8200
ALPHA-94-862,45,Female,The Cautious Observer,66.3564,0.4470,0.7878,0.6369,0.6691,0.4528,0.6547,0.8580,0.7625,0.3894,0.4279
ALPHA-10-140,63,Male,The Cautious Observer,51.3165,0.3830,0.9254,0.2579,0.7078,0.7720,0.7122,0.7047,0.5377,0.3792,0.2073
ALPHA-67-054,76,Male,The Stoic Engineer,59.3587,0.6758,0.3216,0.4813,0.6649,0.6164,0.7299,0.5051,0.8022,0.3537,0.3313
ALPHA-47-719,30,Female,The Idealistic Activist,59.6107,0.5181,0.4702,0.7021,0.3169,0.5416,0.3900,0.3725,0.3200,0.6590,0.8000
ALPHA-17-957,38,Male,The Stoic Engineer,58.2175,0.4081,0.2038,0.1612,0.5653,0.7435,0.6974,0.6396,0.8167,0.3459,0.7658
ALPHA-61-057,73,Female,The Idealistic Activist,57.7573,0.7481,0.1064,0.8248,0.8051,0.1484,0.1006,0.4767,0.4222,0.8164,0.4530
ALPHA-71-162,52,Male,The Disillusioned Artist,46.1421,0.1760,0.8916,0.7331,0.3014,0.9590,0.3763,0.2661,0.4759,0.2866,0.3665
ALPHA-63-082,39,Male,The Cautious Observer,69.1577,0.4892,0.9174,0.6763,0.2444,0.8421,0.7565,0.9244,0.3062,0.1408,0.6449
ALPHA-55-262,37,Male,The Community Builder,65.9725,0.6231,0.8100,0.7874,0.5103,0.3141,0.7220,0.2816,0.5222,0.8642,0.5045
ALPHA-07-063,47,Male,The Disillusioned Artist,55.1332,0.3224,0.7002,0.4514,0.3692,0.8919,0.2588,0.5908,0.2444,0.5084,0.5781
ALPHA-92-371,40,Female,The Ambitious Entrepreneur,66.2336,0.8889,0.1250,0.8157,0.9164,0.7266,0.3527,0.2738,0.6568,0.5921,0.4838
ALPHA-39-021,37,Male,The Community Builder,82.0110,0.8153,0.3602,0.7630,0.3240,0.1508,0.7248,0.8468,0.3144,0.9366,0.8359
ALPHA-98-813,32,Male,The Community Builder,74.5214,0.8228,0.3883,0.8629,0.4292,0.1716,0.4453,0.8661,0.2950,0.9341,0.6290
ALPHA-41-388,62,Male,The Stoic Engineer,57.0282,0.3012,0.4213,0.2551,0.3228,0.9345,0.6241,0.7683,0.8236,0.3908,0.6732
ALPHA-38-419,52,Male,The Disillusioned Artist,52.4852,0.3840,0.5667,0.4924,0.3590,0.7046,0.3463,0.2491,0.2808,0.3937,0.4321
ALPHA-25-936,54,Male,The Stoic Engineer,61.8474,0.5571,0.4065,0.7371,0.8095,0.6158,0.7628,0.8836,0.9108,0.2148,0.1289
ALPHA-80-968,50,Female,The Cautious Observer,69.2951,0.4690,0.6661,0.5739,0.2085,0.8708,0.7174,0.7388,0.8400,0.3314,0.5919
ALPHA-47-922,44,Male,The Stoic Engineer,69.3489,0.4799,0.4427,0.7184,0.5797,0.6888,0.8513,0.6129,0.9256,0.2109,0.4632
ALPHA-36-933,51,Female,The Idealistic Activist,62.9719,0.5934,0.1465,0.7896,0.1071,0.1020,0.2999,0.4139,0.1600,0.8843,0.5100
ALPHA-84-244,37,Female,The Community Builder,81.4270,0.7642,0.2284,0.8743,0.2308,0.3522,0.6084,0.8951,0.5675,0.7791,0.8721
ALPHA-63-644,46,Female,The Idealistic Activist,63.3739,0.6792,0.1675,0.9231,0.8258,0.6639,0.4557,0.3633,0.1965,0.7350,0.7179
ALPHA-39-243,50,Male,The Idealistic Activist,72.0521,0.8897,0.3701,0.9593,0.1538,0.1372,0.1917,0.4756,0.7977,0.6441,0.6315
ALPHA-38-725,29,Male,The Ambitious Entrepreneur,46.1527,0.4467,0.6214,0.1018,0.9005,0.3886,0.5275,0.2636,0.8037,0.5559,0.5390
ALPHA-78-415,28,Female,The Cautious Observer,54.3427,0.3689,0.6776,0.1850,0.1872,0.8359,0.7040,0.7131,0.4946,0.1753,0.3146
ALPHA-16-533,33,Male,The Community Builder,64.7360,0.6150,0.8262,0.7146,0.8344,0.6448,0.4756,0.2319,0.8788,0.8023,0.7397
