timestep,cycle_id,citizens,observations,posts,overall_index,collapse_risk,social_cohesion,economic_health,participation_rate,trust_weight,altruism_weight,ambition_weight,curiosity_weight,fear_weight,decisions_count
t1,CYCLE-190524,50,50,50,0.554200,0.445800,0.501636,0.515274,1.000000,0.300000,0.250000,0.200000,0.150000,0.100000,0
t2,CYCLE-755258,50,50,50,0.581026,0.418974,0.536389,0.527768,1.000000,0.300000,0.250000,0.200000,0.150000,0.100000,0
t3,CYCLE-517753,50,50,50,0.558109,0.441891,0.507922,0.512816,1.000000,0.300000,0.250000,0.200000,0.150000,0.100000,0
t4,CYCLE-410053,50,50,50,0.553981,0.446019,0.513048,0.474239,1.000000,0.300000,0.250000,0.200000,0.150000,0.100000,0
t5,CYCLE-490134,50,50,50,0.524797,0.475203,0.466119,0.492570,1.000000,0.300000,0.250000,0.200000,0.150000,0.100000,0
t6,CYCLE-795482,50,50,50,0.588134,0.411866,0.527367,0.594885,1.000000,0.300000,0.250000,0.200000,0.150000,0.100000,0
t7,CYCLE-446621,50,50,50,0.522210,0.477790,0.475433,0.447033,1.000000,0.300000,0.250000,0.200000,0.150000,0.100000,0
t8,CYCLE-527395,50,50,50,0.515819,0.484181,0.465502,0.449839,1.000000,0.300000,0.250000,0.200000,0.150000,0.100000,0
t9,CYCLE-961873,50,50,50,0.583167,0.416833,0.546955,0.501491,1.000000,0.300000,0.250000,0.200000,0.150000,0.100000,0
t10,CYCLE-320582,50,50,50,0.544325,0.455675,0.502938,0.461343,1.000000,0.300000,0.250000,0.200000,0.150000,0.100000,0
t11,CYCLE-657742,50,50,50,0.549389,0.450611,0.506381,0.474612,1.000000,0.300000,0.250000,0.200000,0.150000,0.100000,0
t12,CYCLE-681269,50,50,50,0.572059,0.427941,0.535846,0.484837,1.000000,0.300000,0.250000,0.200000,0.150000,0.100000,0
t13,CYCLE-614503,50,50,50,0.539865,0.460135,0.478569,0.524336,1.000000,0.300000,0.250000,0.200000,0.150000,0.100000,0
t14,CYCLE-977633,50,50,50,0.541386,0.458614,0.490743,0.495364,1.000000,0.300000,0.250000,0.200000,0.150000,0.100000,0
t15,CYCLE-541628,50,50,50,0.547747,0.452253,0.506140,0.477004,1.000000,0.300000,0.250000,0.200000,0.150000,0.100000,0
t16,CYCLE-686821,50,50,50,0.543821,0.456179,0.483938,0.525322,1.000000,0.300000,0.250000,0.200000,0.150000,0.100000,0
t17,CYCLE-834751,50,50,50,0.529017,0.470983,0.471555,0.494640,1.000000,0.300000,0.250000,0.200000,0.150000,0.100000,0
t18,CYCLE-166606,50,50,50,0.545691,0.454309,0.501153,0.474422,1.000000,0.300000,0.250000,0.200000,0.150000,0.100000,0
t19,CYCLE-728545,50,50,50,0.581151,0.418849,0.545333,0.497088,1.000000,0.300000,0.250000,0.200000,0.150000,0.100000,0
t20,CYCLE-675542,50,50,50,0.547725,0.452275,0.510536,0.451749,1.000000,0.300000,0.250000,0.200000,0.150000,0.100000,0
t21,CYCLE-421978,50,50,50,0.530881,0.469119,0.487732,0.447887,1.000000,0.300000,0.250000,0.200000,0.150000,0.100000,0
t22,CYCLE-671124,50,50,50,0.562348,0.437652,0.514909,0.509557,1.000000,0.300000,0.250000,0.200000,0.150000,0.100000,0
t23,CYCLE-015871,50,50,50,0.579192,0.420808,0.547244,0.480604,1.000000,0.300000,0.250000,0.200000,0.150000,0.100000,0
t24,CYCLE-551438,50,50,50,0.547016,0.452984,0.504236,0.470257,1.000000,0.300000,0.250000,0.200000,0.150000,0.100000,0
t25,CYCLE-826943,50,50,50,0.523703,0.476297,0.469936,0.473736,1.000000,0.300000,0.250000,0.200000,0.150000,0.100000,0
t26,CYCLE-702458,50,50,50,0.568673,0.431327,0.512917,0.548157,1.000000,0.300000,0.250000,0.200000,0.150000,0.100000,0
t27,CYCLE-871121,50,50,50,0.549381,0.450619,0.476987,0.577451,1.000000,0.300000,0.250000,0.200000,0.150000,0.100000,0
t28,CYCLE-269286,50,50,50,0.577311,0.422689,0.533391,0.519687,1.000000,0.300000,0.250000,0.200000,0.150000,0.100000,0
t29,CYCLE-935288,50,50,50,0.548455,0.451545,0.497107,0.502399,1.000000,0.300000,0.250000,0.200000,0.150000,0.100000,0
t30,CYCLE-072567,50,50,50,0.552379,0.447621,0.492721,0.537372,1.000000,0.300000,0.250000,0.200000,0.150000,0.100000,0
t31,CYCLE-397115,50,50,50,0.558696,0.441304,0.524251,0.458599,1.000000,0.300000,0.250000,0.200000,0.150000,0.100000,0
t32,CYCLE-204178,50,50,50,0.542676,0.457324,0.502376,0.455064,1.000000,0.300000,0.250000,0.200000,0.150000,0.100000,0
t33,CYCLE-406942,50,50,50,0.559966,0.440034,0.504810,0.532992,1.000000,0.300000,0.250000,0.200000,0.150000,0.100000,0
t34,CYCLE-405452,50,50,50,0.520149,0.479851,0.459384,0.492899,1.000000,0.300000,0.250000,0.200000,0.150000,0.100000,0
t35,CYCLE-255223,50,50,50,0.559985,0.440015,0.516579,0.491897,1.000000,0.300000,0.250000,0.200000,0.150000,0.100000,0
t36,CYCLE-053436,50,50,50,0.573419,0.426581,0.524682,0.530708,1.000000,0.300000,0.250000,0.200000,0.150000,0.100000,0
t37,CYCLE-641813,50,50,50,0.550047,0.449953,0.494484,0.519539,1.000000,0.300000,0.250000,0.200000,0.150000,0.100000,0
t38,CYCLE-666974,50,50,50,0.540915,0.459085,0.480703,0.522113,1.000000,0.300000,0.250000,0.200000,0.150000,0.100000,0
t39,CYCLE-618564,50,50,50,0.571516,0.428484,0.529707,0.503606,1.000000,0.300000,0.250000,0.200000,0.150000,0.100000,0
t40,CYCLE-219913,50,50,50,0.556803,0.443197,0.515555,0.479575,1.000000,0.300000,0.250000,0.200000,0.150000,0.100000,0
t41,CYCLE-335663,50,50,50,0.557381,0.442619,0.502333,0.528742,1.000000,0.300000,0.250000,0.200000,0.150000,0.100000,0
t42,CYCLE-764549,50,50,50,0.577816,0.422184,0.531531,0.528720,1.000000,0.300000,0.250000,0.200000,0.150000,0.100000,0
t43,CYCLE-734569,50,50,50,0.571260,0.428740,0.520936,0.533024,1.000000,0.300000,0.250000,0.200000,0.150000,0.100000,0
t44,CYCLE-060503,50,50,50,0.562337,0.437663,0.502804,0.551869,1.000000,0.300000,0.250000,0.200000,0.150000,0.100000,0
t45,CYCLE-131224,50,50,50,0.542030,0.457970,0.487975,0.502239,1.000000,0.300000,0.250000,0.200000,0.150000,0.100000,0
t46,CYCLE-829094,50,50,50,0.566644,0.433356,0.516640,0.524980,1.000000,0.300000,0.250000,0.200000,0.150000,0.100000,0
t47,CYCLE-398145,50,50,50,0.560537,0.439463,0.494184,0.573043,1.000000,0.300000,0.250000,0.200000,0.150000,0.100000,0
t48,CYCLE-597207,50,50,50,0.532191,0.467809,0.497697,0.419016,1.000000,0.300000,0.250000,0.200000,0.150000,0.100000,0
t49,CYCLE-172132,50,50,50,0.517910,0.482090,0.471457,0.439450,1.000000,0.300000,0.250000,0.200000,0.150000,0.100000,0
t50,CYCLE-188596,50,50,50,0.568207,0.431793,0.540215,0.450282,1.000000,0.300000,0.250000,0.200000,0.150000,0.100000,0
t51,CYCLE-938659,50,50,50,0.555496,0.444504,0.514507,0.476708,1.000000,0.300000,0.250000,0.200000,0.150000,0.100000,0
t52,CYCLE-428854,50,50,50,0.546440,0.453560,0.493474,0.505042,1.000000,0.300000,0.250000,0.200000,0.150000,0.100000,0
t53,CYCLE-876022,50,50,50,0.528868,0.471132,0.483102,0.453485,1.000000,0.300000,0.250000,0.200000,0.150000,0.100000,0
t54,CYCLE-843600,50,50,50,0.548576,0.451424,0.508226,0.464090,1.000000,0.300000,0.250000,0.200000,0.150000,0.100000,0
t55,CYCLE-819466,50,50,50,0.557999,0.442001,0.504301,0.524939,1.000000,0.300000,0.250000,0.200000,0.150000,0.100000,0
t56,CYCLE-616858,50,50,50,0.542444,0.457556,0.489511,0.498933,1.000000,0.300000,0.250000,0.200000,0.150000,0.100000,0
t57,CYCLE-564706,50,50,50,0.535998,0.464002,0.482019,0.492923,1.000000,0.300000,0.250000,0.200000,0.150000,0.100000,0
t58,CYCLE-837133,50,50,50,0.542662,0.457338,0.490569,0.496321,1.000000,0.300000,0.250000,0.200000,0.150000,0.100000,0
t59,CYCLE-200264,50,50,50,0.565056,0.434944,0.529542,0.471882,1.000000,0.300000,0.250000,0.200000,0.150000,0.100000,0
t60,CYCLE-797828,50,50,50,0.565376,0.434624,0.527077,0.482111,1.000000,0.300000,0.250000,0.200000,0.150000,0.100000,0
t61,CYCLE-794716,50,50,50,0.583472,0.416528,0.523029,0.586757,1.000000,0.300000,0.250000,0.200000,0.150000,0.100000,0
t62,CYCLE-001112,50,50,50,0.562192,0.437808,0.519370,0.493165,1.000000,0.300000,0.250000,0.200000,0.150000,0.100000,0
t63,CYCLE-176152,50,50,50,0.557406,0.442594,0.507985,0.509081,1.000000,0.300000,0.250000,0.200000,0.150000,0.100000,0
t64,CYCLE-074170,50,50,50,0.538722,0.461278,0.486685,0.490212,1.000000,0.300000,0.250000,0.200000,0.150000,0.100000,0
t65,CYCLE-652444,50,50,50,0.529049,0.470951,0.490012,0.430205,1.000000,0.300000,0.250000,0.200000,0.150000,0.100000,0
t66,CYCLE-457898,50,50,50,0.556200,0.443800,0.516843,0.485006,1.000000,0.300000,0.250000,0.200000,0.150000,0.100000,0
t67,CYCLE-805609,50,50,50,0.554742,0.445258,0.507253,0.498326,1.000000,0.300000,0.250000,0.200000,0.150000,0.100000,0
t68,CYCLE-101151,50,50,50,0.585308,0.414692,0.531885,0.564941,1.000000,0.300000,0.250000,0.200000,0.150000,0.100000,0
t69,CYCLE-097675,50,50,50,0.600654,0.399346,0.570983,0.504827,1.000000,0.300000,0.250000,0.200000,0.150000,0.100000,0
t70,CYCLE-298359,50,50,50,0.531761,0.468239,0.474649,0.497532,1.000000,0.300000,0.250000,0.200000,0.150000,0.100000,0
t71,CYCLE-524410,50,50,50,0.548186,0.451814,0.506043,0.469781,1.000000,0.300000,0.250000,0.200000,0.150000,0.100000,0
t72,CYCLE-723901,50,50,50,0.525062,0.474938,0.465341,0.496616,1.000000,0.300000,0.250000,0.200000,0.150000,0.100000,0
t73,CYCLE-111797,50,50,50,0.520269,0.479731,0.454046,0.512187,1.000000,0.300000,0.250000,0.200000,0.150000,0.100000,0
t74,CYCLE-463451,50,50,50,0.559131,0.440869,0.516819,0.486789,1.000000,0.300000,0.250000,0.200000,0.150000,0.100000,0
t75,CYCLE-659417,50,50,50,0.569782,0.430218,0.526035,0.507785,1.000000,0.300000,0.250000,0.200000,0.150000,0.100000,0
t76,CYCLE-439233,50,50,50,0.550973,0.449027,0.509404,0.471949,1.000000,0.300000,0.250000,0.200000,0.150000,0.100000,0
t77,CYCLE-108598,50,50,50,0.566668,0.433332,0.508188,0.554683,1.000000,0.300000,0.250000,0.200000,0.150000,0.100000,0
t78,CYCLE-217330,50,50,50,0.541753,0.458247,0.473551,0.551339,1.000000,0.300000,0.250000,0.200000,0.150000,0.100000,0
t79,CYCLE-835187,50,50,50,0.540304,0.459696,0.472319,0.548404,1.000000,0.300000,0.250000,0.200000,0.150000,0.100000,0
t80,CYCLE-898739,50,50,50,0.545586,0.454414,0.490326,0.511786,1.000000,0.300000,0.250000,0.200000,0.150000,0.100000,0
t81,CYCLE-152126,50,50,50,0.537770,0.462230,0.496411,0.451414,1.000000,0.300000,0.250000,0.200000,0.150000,0.100000,0
t82,CYCLE-495968,50,50,50,0.552433,0.447567,0.512256,0.469271,1.000000,0.300000,0.250000,0.200000,0.150000,0.100000,0
t83,CYCLE-010695,50,50,50,0.551345,0.448655,0.520473,0.435073,1.000000,0.300000,0.250000,0.200000,0.150000,0.100000,0
t84,CYCLE-772206,50,50,50,0.584825,0.415175,0.547468,0.507987,1.000000,0.300000,0.250000,0.200000,0.150000,0.100000,0
t85,CYCLE-271513,50,50,50,0.560066,0.439934,0.507510,0.524044,1.000000,0.300000,0.250000,0.200000,0.150000,0.100000,0
t86,CYCLE-243931,50,50,50,0.583057,0.416943,0.529269,0.562842,1.000000,0.300000,0.250000,0.200000,0.150000,0.100000,0
t87,CYCLE-781061,50,50,50,0.529992,0.470008,0.477648,0.478193,1.000000,0.300000,0.250000,0.200000,0.150000,0.100000,0
t88,CYCLE-331136,50,50,50,0.538209,0.461791,0.492211,0.468305,1.000000,0.300000,0.250000,0.200000,0.150000,0.100000,0
t89,CYCLE-423694,50,50,50,0.557022,0.442978,0.514799,0.483316,1.000000,0.300000,0.250000,0.200000,0.150000,0.100000,0
t90,CYCLE-764655,50,50,50,0.562278,0.437722,0.508892,0.530271,1.000000,0.300000,0.250000,0.200000,0.150000,0.100000,0
t91,CYCLE-902447,50,50,50,0.577436,0.422564,0.539612,0.498537,1.000000,0.300000,0.250000,0.200000,0.150000,0.100000,0
t92,CYCLE-870334,50,50,50,0.549411,0.450589,0.504352,0.481825,1.000000,0.300000,0.250000,0.200000,0.150000,0.100000,0
t93,CYCLE-947344,50,50,50,0.528518,0.471482,0.478832,0.466678,1.000000,0.300000,0.250000,0.200000,0.150000,0.100000,0
t94,CYCLE-728151,50,50,50,0.572137,0.427863,0.526797,0.516895,1.000000,0.300000,0.250000,0.200000,0.150000,0.100000,0
t95,CYCLE-822984,50,50,50,0.554267,0.445733,0.500040,0.521195,1.000000,0.300000,0.250000,0.200000,0.150000,0.100000,0
t96,CYCLE-693948,50,50,50,0.549103,0.450897,0.502108,0.488137,1.000000,0.300000,0.250000,0.200000,0.150000,0.100000,0
t97,CYCLE-305409,50,50,50,0.562962,0.437038,0.530956,0.456464,1.000000,0.300000,0.250000,0.200000,0.150000,0.100000,0
t98,CYCLE-364309,50,50,50,0.541036,0.458964,0.488411,0.495738,1.000000,0.300000,0.250000,0.200000,0.150000,0.100000,0
t99,CYCLE-377575,50,50,50,0.524333,0.475667,0.475176,0.458545,1.000000,0.300000,0.250000,0.200000,0.150000,0.100000,0
t100,CYCLE-240351,50,50,50,0.575849,0.424151,0.528912,0.528054,1.000000,0.300000,0.250000,0.200000,0.150000,0.100000,0
t101,CYCLE-689747,50,50,50,0.555043,0.444957,0.488305,0.566149,1.000000,0.300000,0.250000,0.200000,0.150000,0.100000,0
t102,CYCLE-958705,50,50,50,0.529215,0.470785,0.462841,0.526130,1.000000,0.300000,0.250000,0.200000,0.150000,0.100000,0
t103,CYCLE-046745,50,50,50,0.545039,0.454961,0.476276,0.558227,1.000000,0.300000,0.250000,0.200000,0.150000,0.100000,0
t104,CYCLE-487614,50,50,50,0.580180,0.419820,0.531846,0.539441,1.000000,0.300000,0.250000,0.200000,0.150000,0.100000,0
t105,CYCLE-037598,50,50,50,0.566366,0.433634,0.511138,0.542846,1.000000,0.300000,0.250000,0.200000,0.150000,0.100000,0
t106,CYCLE-702834,50,50,50,0.572962,0.427038,0.546550,0.451886,1.000000,0.300000,0.250000,0.200000,0.150000,0.100000,0
t107,CYCLE-820278,50,50,50,0.544798,0.455202,0.491734,0.502923,1.000000,0.300000,0.250000,0.200000,0.150000,0.100000,0
t108,CYCLE-539544,50,50,50,0.564225,0.435775,0.513162,0.525059,1.000000,0.300000,0.250000,0.200000,0.150000,0.100000,0
t109,CYCLE-457699,50,50,50,0.561595,0.438405,0.512142,0.515477,1.000000,0.300000,0.250000,0.200000,0.150000,0.100000,0
t110,CYCLE-558511,50,50,50,0.561346,0.438654,0.524310,0.471644,1.000000,0.300000,0.250000,0.200000,0.150000,0.100000,0
t111,CYCLE-790661,50,50,50,0.566114,0.433886,0.526066,0.489336,1.000000,0.300000,0.250000,0.200000,0.150000,0.100000,0
t112,CYCLE-850505,50,50,50,0.535673,0.464327,0.475616,0.513709,1.000000,0.300000,0.250000,0.200000,0.150000,0.100000,0
t113,CYCLE-252130,50,50,50,0.521503,0.478497,0.461814,0.491166,1.000000,0.300000,0.250000,0.200000,0.150000,0.100000,0
t114,CYCLE-701712,50,50,50,0.589607,0.410393,0.549763,0.523868,1.000000,0.300000,0.250000,0.200000,0.150000,0.100000,0
t115,CYCLE-095377,50,50,50,0.542032,0.457968,0.494280,0.480178,1.000000,0.300000,0.250000,0.200000,0.150000,0.100000,0
t116,CYCLE-989711,50,50,50,0.576521,0.423479,0.528632,0.532390,1.000000,0.300000,0.250000,0.200000,0.150000,0.100000,0
t117,CYCLE-086692,50,50,50,0.517804,0.482196,0.457702,0.487064,1.000000,0.300000,0.250000,0.200000,0.150000,0.100000,0
t118,CYCLE-395161,50,50,50,0.569009,0.430991,0.518278,0.531073,1.000000,0.300000,0.250000,0.200000,0.150000,0.100000,0
t119,CYCLE-402227,50,50,50,0.539082,0.460918,0.485294,0.496881,1.000000,0.300000,0.250000,0.200000,0.150000,0.100000,0
t120,CYCLE-606246,50,50,50,0.570892,0.429108,0.514949,0.552138,1.000000,0.300000,0.250000,0.200000,0.150000,0.100000,0
t121,CYCLE-507924,50,50,50,0.550304,0.449696,0.511368,0.461731,1.000000,0.300000,0.250000,0.200000,0.150000,0.100000,0
t122,CYCLE-866960,50,50,50,0.559289,0.440711,0.509940,0.511657,1.000000,0.300000,0.250000,0.200000,0.150000,0.100000,0
t123,CYCLE-016801,50,50,50,0.551350,0.448650,0.499848,0.507282,1.000000,0.300000,0.250000,0.200000,0.150000,0.100000,0
t124,CYCLE-693337,50,50,50,0.523782,0.476218,0.480975,0.435497,1.000000,0.300000,0.250000,0.200000,0.150000,0.100000,0
t125,CYCLE-673054,50,50,50,0.532718,0.467282,0.465729,0.533537,1.000000,0.300000,0.250000,0.200000,0.150000,0.100000,0
t126,CYCLE-654429,50,50,50,0.524785,0.475215,0.461196,0.509737,1.000000,0.300000,0.250000,0.200000,0.150000,0.100000,0
t127,CYCLE-730033,50,50,50,0.564782,0.435218,0.515987,0.517955,1.000000,0.300000,0.250000,0.200000,0.150000,0.100000,0
t128,CYCLE-845701,50,50,50,0.541068,0.458932,0.476663,0.537021,1.000000,0.300000,0.250000,0.200000,0.150000,0.100000,0
t129,CYCLE-463408,50,50,50,0.556194,0.443806,0.516984,0.471528,1.000000,0.300000,0.250000,0.200000,0.150000,0.100000,0
t130,CYCLE-450704,50,50,50,0.517076,0.482924,0.462749,0.465755,1.000000,0.300000,0.250000,0.200000,0.150000,0.100000,0
t131,CYCLE-940546,50,50,50,0.559565,0.440435,0.511260,0.508418,1.000000,0.300000,0.250000,0.200000,0.150000,0.100000,0
t132,CYCLE-140640,50,50,50,0.585340,0.414660,0.543505,0.524431,1.000000,0.300000,0.250000,0.200000,0.150000,0.100000,0
t133,CYCLE-014740,50,50,50,0.547005,0.452995,0.500697,0.482586,1.000000,0.300000,0.250000,0.200000,0.150000,0.100000,0
t134,CYCLE-352439,50,50,50,0.564476,0.435524,0.507025,0.547790,1.000000,0.300000,0.250000,0.200000,0.150000,0.100000,0
t135,CYCLE-677569,50,50,50,0.549092,0.450908,0.510236,0.459633,1.000000,0.300000,0.250000,0.200000,0.150000,0.100000,0
t136,CYCLE-008470,50,50,50,0.546144,0.453856,0.489693,0.516793,1.000000,0.300000,0.250000,0.200000,0.150000,0.100000,0
t137,CYCLE-197660,50,50,50,0.561479,0.438521,0.501385,0.552550,1.000000,0.300000,0.250000,0.200000,0.150000,0.100000,0
t138,CYCLE-017208,50,50,50,0.551403,0.448597,0.505546,0.487604,1.000000,0.300000,0.250000,0.200000,0.150000,0.100000,0
t139,CYCLE-904730,50,50,50,0.569465,0.430535,0.528046,0.499166,1.000000,0.300000,0.250000,0.200000,0.150000,0.100000,0
t140,CYCLE-647578,50,50,50,0.578459,0.421541,0.535941,0.516505,1.000000,0.300000,0.250000,0.200000,0.150000,0.100000,0
t141,CYCLE-492956,50,50,50,0.571146,0.428854,0.535152,0.482699,1.000000,0.300000,0.250000,0.200000,0.150000,0.100000,0
t142,CYCLE-742326,50,50,50,0.551830,0.448170,0.502192,0.501479,1.000000,0.300000,0.250000,0.200000,0.150000,0.100000,0
t143,CYCLE-541010,50,50,50,0.565256,0.434744,0.508575,0.546267,1.000000,0.300000,0.250000,0.200000,0.150000,0.100000,0
t144,CYCLE-139588,50,50,50,0.547823,0.452177,0.493111,0.513227,1.000000,0.300000,0.250000,0.200000,0.150000,0.100000,0
t145,CYCLE-135019,50,50,50,0.556503,0.443497,0.514621,0.481341,1.000000,0.300000,0.250000,0.200000,0.150000,0.100000,0
t146,CYCLE-925060,50,50,50,0.543897,0.456103,0.490344,0.503281,1.000000,0.300000,0.250000,0.200000,0.150000,0.100000,0
t147,CYCLE-259170,50,50,50,0.565556,0.434444,0.520022,0.507702,1.000000,0.300000,0.250000,0.200000,0.150000,0.100000,0
t148,CYCLE-213565,50,50,50,0.574718,0.425282,0.522923,0.543362,1.000000,0.300000,0.250000,0.200000,0.150000,0.100000,0
t149,CYCLE-633636,50,50,50,0.542544,0.457456,0.492445,0.489160,1.000000,0.300000,0.250000,0.200000,0.150000,0.100000,0
t150,CYCLE-195782,50,50,50,0.539069,0.460931,0.487871,0.487795,1.000000,0.300000,0.250000,0.200000,0.150000,0.100000,0
t151,CYCLE-198720,50,50,50,0.531092,0.468908,0.486196,0.453773,1.000000,0.300000,0.250000,0.200000,0.150000,0.100000,0
t152,CYCLE-622061,50,50,50,0.563563,0.436437,0.506815,0.543963,1.000000,0.300000,0.250000,0.200000,0.150000,0.100000,0
t153,CYCLE-597628,50,50,50,0.549399,0.450601,0.488613,0.536852,1.000000,0.300000,0.250000,0.200000,0.150000,0.100000,0
t154,CYCLE-715261,50,50,50,0.540783,0.459217,0.487645,0.497158,1.000000,0.300000,0.250000,0.200000,0.150000,0.100000,0
t155,CYCLE-541005,50,50,50,0.543736,0.456264,0.486051,0.517502,1.000000,0.300000,0.250000,0.200000,0.150000,0.100000,0
t156,CYCLE-812452,50,50,50,0.561756,0.438244,0.521241,0.484437,1.000000,0.300000,0.250000,0.200000,0.150000,0.100000,0
t157,CYCLE-960517,50,50,50,0.551460,0.448540,0.502879,0.497223,1.000000,0.300000,0.250000,0.200000,0.150000,0.100000,0
t158,CYCLE-948228,50,50,50,0.593142,0.406858,0.557547,0.514294,1.000000,0.300000,0.250000,0.200000,0.150000,0.100000,0
t159,CYCLE-348007,50,50,50,0.564737,0.435263,0.519035,0.507062,1.000000,0.300000,0.250000,0.200000,0.150000,0.100000,0
t160,CYCLE-736928,50,50,50,0.568970,0.431030,0.537190,0.464687,1.000000,0.300000,0.250000,0.200000,0.150000,0.100000,0
t161,CYCLE-910327,50,50,50,0.587875,0.412125,0.537737,0.557293,1.000000,0.300000,0.250000,0.200000,0.150000,0.100000,0
t162,CYCLE-275217,50,50,50,0.570598,0.429402,0.518510,0.538204,1.000000,0.300000,0.250000,0.200000,0.150000,0.100000,0
t163,CYCLE-740812,50,50,50,0.560850,0.439150,0.496252,0.567368,1.000000,0.300000,0.250000,0.200000,0.150000,0.100000,0
t164,CYCLE-049869,50,50,50,0.545495,0.454505,0.484770,0.530783,1.000000,0.300000,0.250000,0.200000,0.150000,0.100000,0
t165,CYCLE-912108,50,50,50,0.557900,0.442100,0.497909,0.546817,1.000000,0.300000,0.250000,0.200000,0.150000,0.100000,0
t166,CYCLE-773615,50,50,50,0.547883,0.452117,0.490802,0.521607,1.000000,0.300000,0.250000,0.200000,0.150000,0.100000,0
t167,CYCLE-915913,50,50,50,0.542699,0.457301,0.491949,0.491676,1.000000,0.300000,0.250000,0.200000,0.150000,0.100000,0
t168,CYCLE-132760,50,50,50,0.541230,0.458770,0.495206,0.472929,1.000000,0.300000,0.250000,0.200000,0.150000,0.100000,0
t169,CYCLE-254301,50,50,50,0.523923,0.476077,0.472199,0.466919,1.000000,0.300000,0.250000,0.200000,0.150000,0.100000,0
t170,CYCLE-052241,50,50,50,0.559652,0.440348,0.511274,0.508802,1.000000,0.300000,0.250000,0.200000,0.150000,0.100000,0
t171,CYCLE-592418,50,50,50,0.542352,0.457648,0.487475,0.505598,1.000000,0.300000,0.250000,0.200000,0.150000,0.100000,0
t172,CYCLE-050773,50,50,50,0.531590,0.468410,0.492528,0.434098,1.000000,0.300000,0.250000,0.200000,0.150000,0.100000,0
t173,CYCLE-834908,50,50,50,0.538695,0.461305,0.486002,0.492469,1.000000,0.300000,0.250000,0.200000,0.150000,0.100000,0
t174,CYCLE-884201,50,50,50,0.562635,0.437365,0.506537,0.540297,1.000000,0.300000,0.250000,0.200000,0.150000,0.100000,0
t175,CYCLE-685028,50,50,50,0.588237,0.411763,0.559184,0.484039,1.000000,0.300000,0.250000,0.200000,0.150000,0.100000,0
t176,CYCLE-463008,50,50,50,0.568427,0.431573,0.516772,0.533434,1.000000,0.300000,0.250000,0.200000,0.150000,0.100000,0
t177,CYCLE-164638,50,50,50,0.579125,0.420875,0.539552,0.507192,1.000000,0.300000,0.250000,0.200000,0.150000,0.100000,0
t178,CYCLE-961380,50,50,50,0.555086,0.444914,0.518160,0.461872,1.000000,0.300000,0.250000,0.200000,0.150000,0.100000,0
t179,CYCLE-114865,50,50,50,0.547475,0.452525,0.506474,0.464714,1.000000,0.300000,0.250000,0.200000,0.150000,0.100000,0
t180,CYCLE-300726,50,50,50,0.532269,0.467731,0.472460,0.507737,1.000000,0.300000,0.250000,0.200000,0.150000,0.100000,0
t181,CYCLE-961027,50,50,50,0.531001,0.468999,0.476346,0.487794,1.000000,0.300000,0.250000,0.200000,0.150000,0.100000,0
t182,CYCLE-993375,50,50,50,0.566034,0.433966,0.516427,0.522677,1.000000,0.300000,0.250000,0.200000,0.150000,0.100000,0
t183,CYCLE-957523,50,50,50,0.524070,0.475930,0.465363,0.491577,1.000000,0.300000,0.250000,0.200000,0.150000,0.100000,0
t184,CYCLE-018947,50,50,50,0.573204,0.426796,0.525850,0.525544,1.000000,0.300000,0.250000,0.200000,0.150000,0.100000,0
t185,CYCLE-432465,50,50,50,0.545903,0.454097,0.483772,0.536312,1.000000,0.300000,0.250000,0.200000,0.150000,0.100000,0
t186,CYCLE-080800,50,50,50,0.550144,0.449856,0.498299,0.506675,1.000000,0.300000,0.250000,0.200000,0.150000,0.100000,0
t187,CYCLE-467567,50,50,50,0.562528,0.437472,0.506561,0.539678,1.000000,0.300000,0.250000,0.200000,0.150000,0.100000,0
t188,CYCLE-322442,50,50,50,0.567043,0.432957,0.534342,0.465017,1.000000,0.300000,0.250000,0.200000,0.150000,0.100000,0
t189,CYCLE-234291,50,50,50,0.565075,0.434925,0.512068,0.533139,1.000000,0.300000,0.250000,0.200000,0.150000,0.100000,0
t190,CYCLE-613462,50,50,50,0.569578,0.430422,0.524602,0.511782,1.000000,0.300000,0.250000,0.200000,0.150000,0.100000,0
t191,CYCLE-497415,50,50,50,0.557838,0.442162,0.503331,0.527531,1.000000,0.300000,0.250000,0.200000,0.150000,0.100000,0
t192,CYCLE-492739,50,50,50,0.562404,0.437596,0.504124,0.547583,1.000000,0.300000,0.250000,0.200000,0.150000,0.100000,0
t193,CYCLE-346490,50,50,50,0.546336,0.453664,0.490389,0.515319,1.000000,0.300000,0.250000,0.200000,0.150000,0.100000,0
t194,CYCLE-546957,50,50,50,0.577383,0.422617,0.540031,0.496806,1.000000,0.300000,0.250000,0.200000,0.150000,0.100000,0
t195,CYCLE-043540,50,50,50,0.568442,0.431558,0.517711,0.530221,1.000000,0.300000,0.250000,0.200000,0.150000,0.100000,0
t196,CYCLE-773549,50,50,50,0.569923,0.430077,0.533860,0.481101,1.000000,0.300000,0.250000,0.200000,0.150000,0.100000,0
t197,CYCLE-530909,50,50,50,0.565508,0.434492,0.514468,0.531485,1.000000,0.300000,0.250000,0.200000,0.150000,0.100000,0
t198,CYCLE-331025,50,50,50,0.564896,0.435104,0.521766,0.498301,1.000000,0.300000,0.250000,0.200000,0.150000,0.100000,0
t199,CYCLE-944527,50,50,50,0.558562,0.441438,0.502307,0.534734,1.000000,0.300000,0.250000,0.200000,0.150000,0.100000,0
t200,CYCLE-632503,50,50,50,0.528499,0.471501,0.475370,0.478698,1.000000,0.300000,0.250000,0.200000,0.150000,0.100000,0
t201,CYCLE-548583,50,50,50,0.566319,0.433681,0.516622,0.523418,1.000000,0.300000,0.250000,0.200000,0.150000,0.100000,0
t202,CYCLE-985238,50,50,50,0.548561,0.451439,0.503291,0.481284,1.000000,0.300000,0.250000,0.200000,0.150000,0.100000,0
t203,CYCLE-473750,50,50,50,0.568098,0.431902,0.507075,0.565727,1.000000,0.300000,0.250000,0.200000,0.150000,0.100000,0
t204,CYCLE-407686,50,50,50,0.540869,0.459131,0.484730,0.507792,1.000000,0.300000,0.250000,0.200000,0.150000,0.100000,0
t205,CYCLE-528455,50,50,50,0.592913,0.407087,0.550839,0.536627,1.000000,0.300000,0.250000,0.200000,0.150000,0.100000,0
t206,CYCLE-472124,50,50,50,0.560056,0.439944,0.507035,0.525659,1.000000,0.300000,0.250000,0.200000,0.150000,0.100000,0
t207,CYCLE-903355,50,50,50,0.542363,0.457637,0.481057,0.528119,1.000000,0.300000,0.250000,0.200000,0.150000,0.100000,0
t208,CYCLE-595586,50,50,50,0.531042,0.468958,0.492107,0.432837,1.000000,0.300000,0.250000,0.200000,0.150000,0.100000,0
t209,CYCLE-420710,50,50,50,0.559646,0.440354,0.515242,0.494885,1.000000,0.300000,0.250000,0.200000,0.150000,0.100000,0
t210,CYCLE-126410,50,50,50,0.557339,0.442661,0.505427,0.517700,1.000000,0.300000,0.250000,0.200000,0.150000,0.100000,0
t211,CYCLE-128997,50,50,50,0.568927,0.431073,0.521983,0.517695,1.000000,0.300000,0.250000,0.200000,0.150000,0.100000,0
t212,CYCLE-664767,50,50,50,0.516033,0.483967,0.447827,0.512770,1.000000,0.300000,0.250000,0.200000,0.150000,0.100000,0
t213,CYCLE-563044,50,50,50,0.551965,0.448035,0.500562,0.507856,1.000000,0.300000,0.250000,0.200000,0.150000,0.100000,0
t214,CYCLE-885249,50,50,50,0.575971,0.424029,0.534925,0.507616,1.000000,0.300000,0.250000,0.200000,0.150000,0.100000,0
t215,CYCLE-356684,50,50,50,0.544161,0.455839,0.477885,0.548208,1.000000,0.300000,0.250000,0.200000,0.150000,0.100000,0
t216,CYCLE-034818,50,50,50,0.543914,0.456086,0.484267,0.524637,1.000000,0.300000,0.250000,0.200000,0.150000,0.100000,0
t217,CYCLE-165678,50,50,50,0.550830,0.449170,0.501892,0.497527,1.000000,0.300000,0.250000,0.200000,0.150000,0.100000,0
t218,CYCLE-957871,50,50,50,0.523101,0.476899,0.468084,0.477213,1.000000,0.300000,0.250000,0.200000,0.150000,0.100000,0
t219,CYCLE-343653,50,50,50,0.559152,0.440848,0.512112,0.503371,1.000000,0.300000,0.250000,0.200000,0.150000,0.100000,0
t220,CYCLE-635975,50,50,50,0.552268,0.447732,0.487341,0.548424,1.000000,0.300000,0.250000,0.200000,0.150000,0.100000,0
t221,CYCLE-123987,50,50,50,0.586920,0.413080,0.540641,0.542357,1.000000,0.300000,0.250000,0.200000,0.150000,0.100000,0
t222,CYCLE-569977,50,50,50,0.558004,0.441996,0.516666,0.481689,1.000000,0.300000,0.250000,0.200000,0.150000,0.100000,0
t223,CYCLE-809438,50,50,50,0.541825,0.458175,0.486227,0.507333,1.000000,0.300000,0.250000,0.200000,0.150000,0.100000,0
t224,CYCLE-210608,50,50,50,0.538148,0.461852,0.492006,0.468721,1.000000,0.300000,0.250000,0.200000,0.150000,0.100000,0
t225,CYCLE-218944,50,50,50,0.550539,0.449461,0.509027,0.471100,1.000000,0.300000,0.250000,0.200000,0.150000,0.100000,0
t226,CYCLE-102833,50,50,50,0.554383,0.445617,0.501763,0.515744,1.000000,0.300000,0.250000,0.200000,0.150000,0.100000,0
t227,CYCLE-794323,50,50,50,0.557140,0.442860,0.493870,0.557158,1.000000,0.300000,0.250000,0.200000,0.150000,0.100000,0
t228,CYCLE-843284,50,50,50,0.570364,0.429636,0.525557,0.512369,1.000000,0.300000,0.250000,0.200000,0.150000,0.100000,0
t229,CYCLE-617523,50,50,50,0.533984,0.466016,0.491868,0.448385,1.000000,0.300000,0.250000,0.200000,0.150000,0.100000,0
t230,CYCLE-650798,50,50,50,0.524430,0.475570,0.466913,0.487953,1.000000,0.300000,0.250000,0.200000,0.150000,0.100000,0
t231,CYCLE-185987,50,50,50,0.547798,0.452202,0.488178,0.530366,1.000000,0.300000,0.250000,0.200000,0.150000,0.100000,0
t232,CYCLE-015926,50,50,50,0.551509,0.448491,0.490706,0.540071,1.000000,0.300000,0.250000,0.200000,0.150000,0.100000,0
t233,CYCLE-875145,50,50,50,0.546866,0.453134,0.500235,0.483509,1.000000,0.300000,0.250000,0.200000,0.150000,0.100000,0
t234,CYCLE-883855,50,50,50,0.547700,0.452300,0.489300,0.525948,1.000000,0.300000,0.250000,0.200000,0.150000,0.100000,0
t235,CYCLE-814489,50,50,50,0.561882,0.438118,0.523723,0.476379,1.000000,0.300000,0.250000,0.200000,0.150000,0.100000,0
t236,CYCLE-376968,50,50,50,0.525606,0.474394,0.472704,0.473566,1.000000,0.300000,0.250000,0.200000,0.150000,0.100000,0
t237,CYCLE-215422,50,50,50,0.552219,0.447781,0.496521,0.523273,1.000000,0.300000,0.250000,0.200000,0.150000,0.100000,0
t238,CYCLE-691119,50,50,50,0.557049,0.442951,0.487072,0.580495,1.000000,0.300000,0.250000,0.200000,0.150000,0.100000,0
t239,CYCLE-519945,50,50,50,0.593974,0.406026,0.559516,0.511563,1.000000,0.300000,0.250000,0.200000,0.150000,0.100000,0
t240,CYCLE-935770,50,50,50,0.549790,0.450210,0.488282,0.539966,1.000000,0.300000,0.250000,0.200000,0.150000,0.100000,0
t241,CYCLE-981157,50,50,50,0.560556,0.439444,0.513526,0.505439,1.000000,0.300000,0.250000,0.200000,0.150000,0.100000,0
t242,CYCLE-178169,50,50,50,0.571136,0.428864,0.524363,0.520408,1.000000,0.300000,0.250000,0.200000,0.150000,0.100000,0
t243,CYCLE-677188,50,50,50,0.516610,0.483390,0.455863,0.487529,1.000000,0.300000,0.250000,0.200000,0.150000,0.100000,0
t244,CYCLE-347515,50,50,50,0.568992,0.431008,0.518169,0.531370,1.000000,0.300000,0.250000,0.200000,0.150000,0.100000,0
t245,CYCLE-131986,50,50,50,0.551281,0.448719,0.496137,0.519923,1.000000,0.300000,0.250000,0.200000,0.150000,0.100000,0
t246,CYCLE-247147,50,50,50,0.556730,0.443270,0.511610,0.493016,1.000000,0.300000,0.250000,0.200000,0.150000,0.100000,0
t247,CYCLE-773189,50,50,50,0.529999,0.470001,0.469547,0.506578,1.000000,0.300000,0.250000,0.200000,0.150000,0.100000,0
t248,CYCLE-488518,50,50,50,0.525192,0.474808,0.463357,0.504209,1.000000,0.300000,0.250000,0.200000,0.150000,0.100000,0
t249,CYCLE-495566,50,50,50,0.565443,0.434557,0.525185,0.489065,1.000000,0.300000,0.250000,0.200000,0.150000,0.100000,0
t250,CYCLE-331427,50,50,50,0.551066,0.448934,0.491634,0.534615,1.000000,0.300000,0.250000,0.200000,0.150000,0.100000,0
t251,CYCLE-670237,50,50,50,0.549230,0.450770,0.488074,0.537889,1.000000,0.300000,0.250000,0.200000,0.150000,0.100000,0
t252,CYCLE-917637,50,50,50,0.568552,0.431448,0.508447,0.563196,1.000000,0.300000,0.250000,0.200000,0.150000,0.100000,0
t253,CYCLE-744030,50,50,50,0.560700,0.439300,0.520812,0.480661,1.000000,0.300000,0.250000,0.200000,0.150000,0.100000,0
t254,CYCLE-894677,50,50,50,0.529755,0.470245,0.481750,0.462652,1.000000,0.300000,0.250000,0.200000,0.150000,0.100000,0
t255,CYCLE-190021,50,50,50,0.535090,0.464910,0.492425,0.451960,1.000000,0.300000,0.250000,0.200000,0.150000,0.100000,0
t256,CYCLE-609401,50,50,50,0.555499,0.444501,0.524940,0.440208,1.000000,0.300000,0.250000,0.200000,0.150000,0.100000,0
t257,CYCLE-340369,50,50,50,0.562373,0.437627,0.521116,0.487958,1.000000,0.300000,0.250000,0.200000,0.150000,0.100000,0
t258,CYCLE-929362,50,50,50,0.525260,0.474740,0.446871,0.562253,1.000000,0.300000,0.250000,0.200000,0.150000,0.100000,0
t259,CYCLE-452050,50,50,50,0.549428,0.450572,0.511908,0.455459,1.000000,0.300000,0.250000,0.200000,0.150000,0.100000,0
t260,CYCLE-766391,50,50,50,0.551545,0.448455,0.513676,0.459860,1.000000,0.300000,0.250000,0.200000,0.150000,0.100000,0
t261,CYCLE-518109,50,50,50,0.578002,0.421998,0.546928,0.475765,1.000000,0.300000,0.250000,0.200000,0.150000,0.100000,0
t262,CYCLE-807707,50,50,50,0.538406,0.461594,0.488777,0.481312,1.000000,0.300000,0.250000,0.200000,0.150000,0.100000,0
t263,CYCLE-620888,50,50,50,0.554301,0.445699,0.500425,0.520014,1.000000,0.300000,0.250000,0.200000,0.150000,0.100000,0
t264,CYCLE-199923,50,50,50,0.536745,0.463255,0.487695,0.476794,1.000000,0.300000,0.250000,0.200000,0.150000,0.100000,0
t265,CYCLE-538421,50,50,50,0.550749,0.449251,0.493567,0.526257,1.000000,0.300000,0.250000,0.200000,0.150000,0.100000,0
t266,CYCLE-925752,50,50,50,0.561456,0.438544,0.498721,0.561757,1.000000,0.300000,0.250000,0.200000,0.150000,0.100000,0
t267,CYCLE-444861,50,50,50,0.575935,0.424065,0.538816,0.493819,1.000000,0.300000,0.250000,0.200000,0.150000,0.100000,0
t268,CYCLE-178110,50,50,50,0.581493,0.418507,0.541545,0.512056,1.000000,0.300000,0.250000,0.200000,0.150000,0.100000,0
t269,CYCLE-006170,50,50,50,0.580021,0.419979,0.530197,0.544414,1.000000,0.300000,0.250000,0.200000,0.150000,0.100000,0
t270,CYCLE-010149,50,50,50,0.531104,0.468896,0.471357,0.505773,1.000000,0.300000,0.250000,0.200000,0.150000,0.100000,0
t271,CYCLE-282980,50,50,50,0.555341,0.444659,0.515946,0.470895,1.000000,0.300000,0.250000,0.200000,0.150000,0.100000,0
t272,CYCLE-951135,50,50,50,0.495422,0.504578,0.422821,0.497237,1.000000,0.300000,0.250000,0.200000,0.150000,0.100000,0
t273,CYCLE-491168,50,50,50,0.554271,0.445729,0.498756,0.525708,1.000000,0.310000,0.255000,0.200000,0.150000,0.095000,0
t274,CYCLE-543254,50,50,50,0.577753,0.422247,0.527666,0.541931,1.000000,0.310000,0.255000,0.200000,0.150000,0.095000,0
t275,CYCLE-279242,50,50,50,0.567483,0.432517,0.521463,0.512291,1.000000,0.310000,0.255000,0.200000,0.150000,0.095000,0
t276,CYCLE-207222,50,50,50,0.544664,0.455336,0.497523,0.481991,1.000000,0.310000,0.255000,0.200000,0.150000,0.095000,0
t277,CYCLE-549733,50,50,50,0.525848,0.474152,0.462921,0.509017,1.000000,0.310000,0.255000,0.200000,0.150000,0.095000,0
t278,CYCLE-247093,50,50,50,0.545950,0.454050,0.517983,0.416808,1.000000,0.310000,0.255000,0.200000,0.150000,0.095000,0
t279,CYCLE-498327,50,50,50,0.582339,0.417661,0.529364,0.558921,1.000000,0.310000,0.255000,0.200000,0.150000,0.095000,0
t280,CYCLE-113979,50,50,50,0.521797,0.478203,0.435450,0.584911,1.000000,0.310000,0.255000,0.200000,0.150000,0.095000,0
t281,CYCLE-935730,50,50,50,0.543504,0.456496,0.501926,0.460781,1.000000,0.310000,0.255000,0.200000,0.150000,0.095000,0
t282,CYCLE-733217,50,50,50,0.546023,0.453977,0.508193,0.451439,1.000000,0.310000,0.255000,0.200000,0.150000,0.095000,0
t283,CYCLE-368482,50,50,50,0.519732,0.480268,0.464484,0.472970,1.000000,0.310000,0.255000,0.200000,0.150000,0.095000,0
t284,CYCLE-873730,50,50,50,0.559426,0.440574,0.515464,0.493005,1.000000,0.310000,0.255000,0.200000,0.150000,0.095000,0
t285,CYCLE-356582,50,50,50,0.555538,0.444462,0.491933,0.555925,1.000000,0.310000,0.255000,0.200000,0.150000,0.095000,0
t286,CYCLE-305912,50,50,50,0.543413,0.456587,0.492893,0.491937,1.000000,0.310000,0.255000,0.200000,0.150000,0.095000,0
t287,CYCLE-433943,50,50,50,0.536560,0.463440,0.478585,0.507751,1.000000,0.310000,0.255000,0.200000,0.150000,0.095000,0
t288,CYCLE-979188,50,50,50,0.545454,0.454546,0.484580,0.531240,1.000000,0.310000,0.255000,0.200000,0.150000,0.095000,0
t289,CYCLE-734444,50,50,50,0.560629,0.439371,0.495904,0.567482,1.000000,0.310000,0.255000,0.200000,0.150000,0.095000,0
t290,CYCLE-693825,50,50,50,0.548109,0.451891,0.483823,0.547166,1.000000,0.310000,0.255000,0.200000,0.150000,0.095000,0
t291,CYCLE-089007,50,50,50,0.544394,0.455606,0.502271,0.464024,1.000000,0.310000,0.255000,0.200000,0.150000,0.095000,0
t292,CYCLE-395290,50,50,50,0.535195,0.464805,0.478144,0.502473,1.000000,0.310000,0.255000,0.200000,0.150000,0.095000,0
t293,CYCLE-772853,50,50,50,0.554047,0.445953,0.502634,0.511015,1.000000,0.310000,0.255000,0.200000,0.150000,0.095000,0
t294,CYCLE-951848,50,50,50,0.588623,0.411377,0.536755,0.564475,1.000000,0.310000,0.255000,0.200000,0.150000,0.095000,0
t295,CYCLE-202290,50,50,50,0.511029,0.488971,0.444808,0.498318,1.000000,0.310000,0.255000,0.200000,0.150000,0.095000,0
t296,CYCLE-254462,50,50,50,0.553266,0.446734,0.508996,0.484846,1.000000,0.310000,0.255000,0.200000,0.150000,0.095000,0
t297,CYCLE-898671,50,50,50,0.548508,0.451492,0.487947,0.534725,1.000000,0.310000,0.255000,0.200000,0.150000,0.095000,0
t298,CYCLE-724275,50,50,50,0.595643,0.404357,0.560476,0.516548,1.000000,0.310000,0.255000,0.200000,0.150000,0.095000,0
t299,CYCLE-474946,50,50,50,0.537466,0.462534,0.486648,0.484061,1.000000,0.310000,0.255000,0.200000,0.150000,0.095000,0
t300,CYCLE-152132,50,50,50,0.551248,0.448752,0.502950,0.495917,1.000000,0.310000,0.255000,0.200000,0.150000,0.095000,0
t301,CYCLE-392084,50,50,50,0.565352,0.434648,0.532779,0.462034,1.000000,0.310000,0.255000,0.200000,0.150000,0.095000,0
t302,CYCLE-394210,50,50,50,0.539516,0.460484,0.478956,0.521234,1.000000,0.310000,0.255000,0.200000,0.150000,0.095000,0
t303,CYCLE-033647,50,50,50,0.587942,0.412058,0.560119,0.479296,1.000000,0.310000,0.255000,0.200000,0.150000,0.095000,0
t304,CYCLE-578353,50,50,50,0.538423,0.461577,0.466931,0.553564,1.000000,0.310000,0.255000,0.200000,0.150000,0.095000,0
t305,CYCLE-560522,50,50,50,0.571182,0.428818,0.525575,0.516397,1.000000,0.310000,0.255000,0.200000,0.150000,0.095000,0
t306,CYCLE-992248,50,50,50,0.556734,0.443266,0.503954,0.519829,1.000000,0.310000,0.255000,0.200000,0.150000,0.095000,0
t307,CYCLE-879106,50,50,50,0.565769,0.434231,0.527489,0.482630,1.000000,0.310000,0.255000,0.200000,0.150000,0.095000,0
t308,CYCLE-327820,50,50,50,0.529141,0.470859,0.462677,0.526332,1.000000,0.310000,0.255000,0.200000,0.150000,0.095000,0
t309,CYCLE-213251,50,50,50,0.558108,0.441892,0.517805,0.478220,1.000000,0.310000,0.255000,0.200000,0.150000,0.095000,0
t310,CYCLE-633355,50,50,50,0.550881,0.449119,0.491831,0.532994,1.000000,0.310000,0.255000,0.200000,0.150000,0.095000,0
t311,CYCLE-246182,50,50,50,0.568797,0.431203,0.524741,0.507393,1.000000,0.310000,0.255000,0.200000,0.150000,0.095000,0
t312,CYCLE-804358,50,50,50,0.521786,0.478214,0.454236,0.519102,1.000000,0.310000,0.255000,0.200000,0.150000,0.095000,0
t313,CYCLE-931025,50,50,50,0.546923,0.453077,0.499465,0.486487,1.000000,0.310000,0.255000,0.200000,0.150000,0.095000,0
t314,CYCLE-705571,50,50,50,0.564467,0.435533,0.517999,0.509337,1.000000,0.310000,0.255000,0.200000,0.150000,0.095000,0
t315,CYCLE-158521,50,50,50,0.530196,0.469804,0.477053,0.481294,1.000000,0.310000,0.255000,0.200000,0.150000,0.095000,0
t316,CYCLE-080732,50,50,50,0.566634,0.433366,0.530212,0.477428,1.000000,0.310000,0.255000,0.200000,0.150000,0.095000,0
t317,CYCLE-825942,50,50,50,0.560686,0.439314,0.511602,0.512823,1.000000,0.310000,0.255000,0.200000,0.150000,0.095000,0
t318,CYCLE-154629,50,50,50,0.556742,0.443258,0.509597,0.500122,1.000000,0.310000,0.255000,0.200000,0.150000,0.095000,0
t319,CYCLE-364332,50,50,50,0.547423,0.452577,0.489684,0.523221,1.000000,0.310000,0.255000,0.200000,0.150000,0.095000,0
t320,CYCLE-101710,50,50,50,0.585802,0.414198,0.559468,0.470872,1.000000,0.310000,0.255000,0.200000,0.150000,0.095000,0
t321,CYCLE-243840,50,50,50,0.584606,0.415394,0.548604,0.502915,1.000000,0.310000,0.255000,0.200000,0.150000,0.095000,0
t322,CYCLE-206520,50,50,50,0.535620,0.464380,0.485022,0.480521,1.000000,0.310000,0.255000,0.200000,0.150000,0.095000,0
t323,CYCLE-259564,50,50,50,0.539383,0.460617,0.477193,0.526742,1.000000,0.310000,0.255000,0.200000,0.150000,0.095000,0
t324,CYCLE-654768,50,50,50,0.552456,0.447544,0.516519,0.454463,1.000000,0.310000,0.255000,0.200000,0.150000,0.095000,0
t325,CYCLE-299325,50,50,50,0.531844,0.468156,0.478278,0.485248,1.000000,0.310000,0.255000,0.200000,0.150000,0.095000,0
t326,CYCLE-559490,50,50,50,0.538832,0.461168,0.490501,0.477405,1.000000,0.310000,0.255000,0.200000,0.150000,0.095000,0
t327,CYCLE-919251,50,50,50,0.544250,0.455750,0.497509,0.479967,1.000000,0.310000,0.255000,0.200000,0.150000,0.095000,0
t328,CYCLE-754225,50,50,50,0.572960,0.427040,0.526913,0.520604,1.000000,0.310000,0.255000,0.200000,0.150000,0.095000,0
t329,CYCLE-195767,50,50,50,0.569503,0.430497,0.513430,0.550508,1.000000,0.310000,0.255000,0.200000,0.150000,0.095000,0
t330,CYCLE-316460,50,50,50,0.557500,0.442500,0.511465,0.497371,1.000000,0.310000,0.255000,0.200000,0.150000,0.095000,0
t331,CYCLE-622701,50,50,50,0.535405,0.464595,0.485490,0.477812,1.000000,0.310000,0.255000,0.200000,0.150000,0.095000,0
t332,CYCLE-343327,50,50,50,0.548297,0.451703,0.481684,0.555589,1.000000,0.310000,0.255000,0.200000,0.150000,0.095000,0
t333,CYCLE-148941,50,50,50,0.559413,0.440587,0.509231,0.514754,1.000000,0.310000,0.255000,0.200000,0.150000,0.095000,0
t334,CYCLE-552999,50,50,50,0.542560,0.457440,0.498157,0.469251,1.000000,0.310000,0.255000,0.200000,0.150000,0.095000,0
t335,CYCLE-398463,50,50,50,0.538639,0.461361,0.488500,0.483443,1.000000,0.310000,0.255000,0.200000,0.150000,0.095000,0
t336,CYCLE-311073,50,50,50,0.567145,0.432855,0.514937,0.533447,1.000000,0.310000,0.255000,0.200000,0.150000,0.095000,0
t337,CYCLE-332441,50,50,50,0.535454,0.464546,0.474475,0.516607,1.000000,0.310000,0.255000,0.200000,0.150000,0.095000,0
t338,CYCLE-811190,50,50,50,0.543166,0.456834,0.495840,0.480392,1.000000,0.310000,0.255000,0.200000,0.150000,0.095000,0
t339,CYCLE-657709,50,50,50,0.554834,0.445166,0.509921,0.489448,1.000000,0.310000,0.255000,0.200000,0.150000,0.095000,0
t340,CYCLE-069251,50,50,50,0.562841,0.437159,0.513600,0.516606,1.000000,0.310000,0.255000,0.200000,0.150000,0.095000,0
t341,CYCLE-812444,50,50,50,0.559730,0.440270,0.533473,0.431496,1.000000,0.310000,0.255000,0.200000,0.150000,0.095000,0
t342,CYCLE-929081,50,50,50,0.530613,0.469387,0.478362,0.478801,1.000000,0.310000,0.255000,0.200000,0.150000,0.095000,0
t343,CYCLE-239480,50,50,50,0.523997,0.476003,0.458428,0.515490,1.000000,0.310000,0.255000,0.200000,0.150000,0.095000,0
t344,CYCLE-123411,50,50,50,0.540743,0.459257,0.488279,0.494739,1.000000,0.310000,0.255000,0.200000,0.150000,0.095000,0
t345,CYCLE-099171,50,50,50,0.552066,0.447934,0.494494,0.529604,1.000000,0.310000,0.255000,0.200000,0.150000,0.095000,0
t346,CYCLE-694416,50,50,50,0.540772,0.459228,0.497481,0.462675,1.000000,0.310000,0.255000,0.200000,0.150000,0.095000,0
t347,CYCLE-988066,50,50,50,0.564732,0.435268,0.509841,0.539219,1.000000,0.310000,0.255000,0.200000,0.150000,0.095000,0
t348,CYCLE-963039,50,50,50,0.537072,0.462928,0.487774,0.478154,1.000000,0.310000,0.255000,0.200000,0.150000,0.095000,0
t349,CYCLE-888378,50,50,50,0.520614,0.479386,0.471145,0.454064,1.000000,0.310000,0.255000,0.200000,0.150000,0.095000,0
t350,CYCLE-424036,50,50,50,0.565460,0.434540,0.526291,0.485279,1.000000,0.310000,0.255000,0.200000,0.150000,0.095000,0
t351,CYCLE-345689,50,50,50,0.563533,0.436467,0.516488,0.509957,1.000000,0.310000,0.255000,0.200000,0.150000,0.095000,0
t352,CYCLE-382642,50,50,50,0.544491,0.455509,0.492035,0.500336,1.000000,0.310000,0.255000,0.200000,0.150000,0.095000,0
t353,CYCLE-686319,50,50,50,0.566802,0.433198,0.511795,0.542728,1.000000,0.310000,0.255000,0.200000,0.150000,0.095000,0
t354,CYCLE-880204,50,50,50,0.536840,0.463160,0.495227,0.450904,1.000000,0.310000,0.255000,0.200000,0.150000,0.095000,0
t355,CYCLE-444154,50,50,50,0.555822,0.444178,0.523954,0.445269,1.000000,0.310000,0.255000,0.200000,0.150000,0.095000,0
t356,CYCLE-204595,50,50,50,0.536919,0.463081,0.482502,0.495840,1.000000,0.310000,0.255000,0.200000,0.150000,0.095000,0
t357,CYCLE-972760,50,50,50,0.522401,0.477599,0.470686,0.464607,1.000000,0.310000,0.255000,0.200000,0.150000,0.095000,0
t358,CYCLE-786564,50,50,50,0.550222,0.449778,0.492423,0.527629,1.000000,0.310000,0.255000,0.200000,0.150000,0.095000,0
t359,CYCLE-508737,50,50,50,0.522046,0.477954,0.476103,0.443870,1.000000,0.310000,0.255000,0.200000,0.150000,0.095000,0
t360,CYCLE-717246,50,50,50,0.554239,0.445761,0.504978,0.503774,1.000000,0.310000,0.255000,0.200000,0.150000,0.095000,0
t361,CYCLE-956194,50,50,50,0.537308,0.462692,0.478322,0.512415,1.000000,0.310000,0.255000,0.200000,0.150000,0.095000,0
t362,CYCLE-417106,50,50,50,0.525684,0.474316,0.464941,0.501125,1.000000,0.310000,0.255000,0.200000,0.150000,0.095000,0
t363,CYCLE-520851,50,50,50,0.527962,0.472038,0.476397,0.472422,1.000000,0.310000,0.255000,0.200000,0.150000,0.095000,0
t364,CYCLE-787013,50,50,50,0.536293,0.463707,0.513965,0.382590,1.000000,0.310000,0.255000,0.200000,0.150000,0.095000,0
t365,CYCLE-686657,50,50,50,0.510022,0.489978,0.452843,0.465159,1.000000,0.310000,0.255000,0.210000,0.150000,0.095000,0
t366,CYCLE-409469,50,50,50,0.545010,0.454990,0.487034,0.520430,1.000000,0.310000,0.255000,0.210000,0.150000,0.095000,0
t367,CYCLE-184954,50,50,50,0.553512,0.446488,0.500300,0.516513,1.000000,0.310000,0.255000,0.210000,0.150000,0.095000,0
t368,CYCLE-874706,50,50,50,0.562613,0.437387,0.520925,0.489829,1.000000,0.310000,0.255000,0.210000,0.150000,0.095000,0
t369,CYCLE-237578,50,50,50,0.558455,0.441545,0.516720,0.483756,1.000000,0.310000,0.255000,0.210000,0.150000,0.095000,0
t370,CYCLE-461365,50,50,50,0.524839,0.475161,0.463999,0.500198,1.000000,0.310000,0.255000,0.210000,0.150000,0.095000,0
t371,CYCLE-287776,50,50,50,0.581809,0.418191,0.540405,0.517630,1.000000,0.310000,0.255000,0.210000,0.150000,0.095000,0
t372,CYCLE-925766,50,50,50,0.530807,0.469193,0.475428,0.490037,1.000000,0.310000,0.255000,0.210000,0.150000,0.095000,0
t373,CYCLE-161818,50,50,50,0.564464,0.435536,0.512268,0.529380,1.000000,0.310000,0.255000,0.210000,0.150000,0.095000,0
t374,CYCLE-807016,50,50,50,0.589845,0.410155,0.549363,0.526458,1.000000,0.310000,0.255000,0.210000,0.150000,0.095000,0
t375,CYCLE-099668,50,50,50,0.525881,0.474119,0.457875,0.526842,1.000000,0.310000,0.255000,0.210000,0.150000,0.095000,0
t376,CYCLE-583168,50,50,50,0.554768,0.445232,0.517826,0.461450,1.000000,0.310000,0.255000,0.210000,0.150000,0.095000,0
t377,CYCLE-656971,50,50,50,0.561828,0.438172,0.514708,0.507660,1.000000,0.310000,0.255000,0.210000,0.150000,0.095000,0
t378,CYCLE-149976,50,50,50,0.575823,0.424177,0.529336,0.526439,1.000000,0.310000,0.255000,0.210000,0.150000,0.095000,0
t379,CYCLE-880722,50,50,50,0.576679,0.423321,0.542068,0.486158,1.000000,0.310000,0.255000,0.210000,0.150000,0.095000,0
t380,CYCLE-689394,50,50,50,0.534351,0.465649,0.489085,0.459955,1.000000,0.310000,0.255000,0.210000,0.150000,0.095000,0
t381,CYCLE-594124,50,50,50,0.529942,0.470058,0.494599,0.407732,1.000000,0.310000,0.255000,0.210000,0.150000,0.095000,0
t382,CYCLE-471328,50,50,50,0.544603,0.455397,0.501494,0.467788,1.000000,0.310000,0.255000,0.210000,0.150000,0.095000,0
t383,CYCLE-545867,50,50,50,0.531463,0.468537,0.472909,0.502132,1.000000,0.310000,0.255000,0.210000,0.150000,0.095000,0
t384,CYCLE-356718,50,50,50,0.576715,0.423285,0.536704,0.505109,1.000000,0.310000,0.255000,0.210000,0.150000,0.095000,0
t385,CYCLE-046939,50,50,50,0.548421,0.451579,0.503525,0.479766,1.000000,0.310000,0.255000,0.210000,0.150000,0.095000,0
t386,CYCLE-625209,50,50,50,0.561526,0.438474,0.522350,0.479406,1.000000,0.310000,0.255000,0.210000,0.150000,0.095000,0
t387,CYCLE-305491,50,50,50,0.570968,0.429032,0.528995,0.503358,1.000000,0.310000,0.255000,0.210000,0.150000,0.095000,0
t388,CYCLE-673758,50,50,50,0.555091,0.444909,0.510089,0.490143,1.000000,0.310000,0.255000,0.210000,0.150000,0.095000,0
t389,CYCLE-759300,50,50,50,0.560256,0.439744,0.516098,0.494938,1.000000,0.310000,0.255000,0.210000,0.150000,0.095000,0
t390,CYCLE-721142,50,50,50,0.559617,0.440383,0.500147,0.547568,1.000000,0.310000,0.255000,0.210000,0.150000,0.095000,0
t391,CYCLE-897901,50,50,50,0.539728,0.460272,0.481764,0.512467,1.000000,0.310000,0.255000,0.210000,0.150000,0.095000,0
t392,CYCLE-588170,50,50,50,0.578208,0.421792,0.542910,0.490857,1.000000,0.310000,0.255000,0.210000,0.150000,0.095000,0
t393,CYCLE-402864,50,50,50,0.547965,0.452035,0.516769,0.431133,1.000000,0.310000,0.255000,0.210000,0.150000,0.095000,0
t394,CYCLE-307633,50,50,50,0.560457,0.439543,0.533645,0.434528,1.000000,0.310000,0.255000,0.210000,0.150000,0.095000,0
t395,CYCLE-863336,50,50,50,0.529772,0.470228,0.461409,0.533928,1.000000,0.310000,0.255000,0.210000,0.150000,0.095000,0
t396,CYCLE-241015,50,50,50,0.529950,0.470050,0.476857,0.480752,1.000000,0.310000,0.255000,0.210000,0.150000,0.095000,0
t397,CYCLE-458655,50,50,50,0.556367,0.443633,0.506246,0.509972,1.000000,0.310000,0.255000,0.210000,0.150000,0.095000,0
t398,CYCLE-352807,50,50,50,0.543801,0.456199,0.498469,0.474364,1.000000,0.310000,0.255000,0.210000,0.150000,0.095000,0
t399,CYCLE-981629,50,50,50,0.539343,0.460657,0.477334,0.526043,1.000000,0.310000,0.255000,0.210000,0.150000,0.095000,0
t400,CYCLE-456683,50,50,50,0.537708,0.462292,0.491187,0.469388,1.000000,0.310000,0.255000,0.210000,0.150000,0.095000,0
t401,CYCLE-677440,50,50,50,0.526594,0.473406,0.477552,0.461541,1.000000,0.310000,0.255000,0.210000,0.150000,0.095000,0
t402,CYCLE-973874,50,50,50,0.565859,0.434141,0.533926,0.460555,1.000000,0.310000,0.255000,0.210000,0.150000,0.095000,0
t403,CYCLE-945220,50,50,50,0.566361,0.433639,0.525607,0.492179,1.000000,0.310000,0.255000,0.210000,0.150000,0.095000,0
t404,CYCLE-161699,50,50,50,0.543007,0.456993,0.491825,0.493648,1.000000,0.310000,0.255000,0.210000,0.150000,0.095000,0
t405,CYCLE-200087,50,50,50,0.534811,0.465189,0.500831,0.421148,1.000000,0.310000,0.255000,0.210000,0.150000,0.095000,0
t406,CYCLE-180342,50,50,50,0.523900,0.476100,0.489279,0.407026,1.000000,0.310000,0.255000,0.210000,0.150000,0.095000,0
t407,CYCLE-830636,50,50,50,0.554111,0.445889,0.508751,0.489926,1.000000,0.310000,0.255000,0.210000,0.150000,0.095000,0
t408,CYCLE-674967,50,50,50,0.550159,0.449841,0.486224,0.549009,1.000000,0.310000,0.255000,0.210000,0.150000,0.095000,0
t409,CYCLE-291795,50,50,50,0.539206,0.460794,0.483331,0.504369,1.000000,0.310000,0.255000,0.210000,0.150000,0.095000,0
t410,CYCLE-935160,50,50,50,0.568071,0.431929,0.527489,0.494145,1.000000,0.310000,0.255000,0.210000,0.150000,0.095000,0
t411,CYCLE-375286,50,50,50,0.572691,0.427309,0.522495,0.534722,1.000000,0.310000,0.255000,0.210000,0.150000,0.095000,0
t412,CYCLE-824224,50,50,50,0.551276,0.448724,0.500273,0.505426,1.000000,0.310000,0.255000,0.210000,0.150000,0.095000,0
t413,CYCLE-041406,50,50,50,0.554057,0.445943,0.514876,0.468221,1.000000,0.310000,0.255000,0.210000,0.150000,0.095000,0
t414,CYCLE-459577,50,50,50,0.544405,0.455595,0.501712,0.466033,1.000000,0.310000,0.255000,0.210000,0.150000,0.095000,0
t415,CYCLE-967364,50,50,50,0.552702,0.447298,0.489191,0.551345,1.000000,0.310000,0.255000,0.210000,0.150000,0.095000,0
t416,CYCLE-929084,50,50,50,0.528978,0.471022,0.486556,0.441944,1.000000,0.310000,0.255000,0.210000,0.150000,0.095000,0
t417,CYCLE-427591,50,50,50,0.566979,0.433021,0.520837,0.511964,1.000000,0.310000,0.255000,0.210000,0.150000,0.095000,0
t418,CYCLE-631862,50,50,50,0.526684,0.473316,0.464272,0.508468,1.000000,0.310000,0.255000,0.210000,0.150000,0.095000,0
t419,CYCLE-613913,50,50,50,0.542364,0.457636,0.482002,0.524810,1.000000,0.310000,0.255000,0.210000,0.150000,0.095000,0
t420,CYCLE-431817,50,50,50,0.558249,0.441751,0.495516,0.556939,1.000000,0.310000,0.255000,0.210000,0.150000,0.095000,0
t421,CYCLE-959573,50,50,50,0.568383,0.431617,0.530208,0.486187,1.000000,0.310000,0.255000,0.210000,0.150000,0.095000,0
t422,CYCLE-399724,50,50,50,0.497172,0.502828,0.422189,0.508202,1.000000,0.310000,0.255000,0.210000,0.150000,0.095000,0
t423,CYCLE-609414,50,50,50,0.550441,0.449559,0.505143,0.484204,1.000000,0.320000,0.260000,0.210000,0.150000,0.090000,0
t424,CYCLE-936578,50,50,50,0.552881,0.447119,0.499629,0.515701,1.000000,0.320000,0.260000,0.210000,0.150000,0.090000,0
t425,CYCLE-846725,50,50,50,0.590310,0.409690,0.551441,0.521504,1.000000,0.320000,0.260000,0.210000,0.150000,0.090000,0
t426,CYCLE-501388,50,50,50,0.535768,0.464232,0.488987,0.467385,1.000000,0.320000,0.260000,0.210000,0.150000,0.090000,0
t427,CYCLE-450006,50,50,50,0.543933,0.456067,0.503990,0.455700,1.000000,0.320000,0.260000,0.210000,0.150000,0.090000,0
t428,CYCLE-752584,50,50,50,0.550934,0.449066,0.493600,0.527067,1.000000,0.320000,0.260000,0.210000,0.150000,0.090000,0
t429,CYCLE-142015,50,50,50,0.556272,0.443728,0.510289,0.495348,1.000000,0.320000,0.260000,0.210000,0.150000,0.090000,0
t430,CYCLE-919689,50,50,50,0.539678,0.460322,0.491197,0.479198,1.000000,0.320000,0.260000,0.210000,0.150000,0.090000,0
t431,CYCLE-232258,50,50,50,0.553768,0.446232,0.492635,0.544616,1.000000,0.320000,0.260000,0.210000,0.150000,0.090000,0
t432,CYCLE-001313,50,50,50,0.521604,0.478396,0.469602,0.464409,1.000000,0.320000,0.260000,0.210000,0.150000,0.090000,0
t433,CYCLE-754620,50,50,50,0.559614,0.440386,0.510700,0.510619,1.000000,0.320000,0.260000,0.210000,0.150000,0.090000,0
t434,CYCLE-536309,50,50,50,0.512812,0.487188,0.456210,0.467324,1.000000,0.320000,0.260000,0.210000,0.150000,0.090000,0
t435,CYCLE-459463,50,50,50,0.562058,0.437942,0.538741,0.424696,1.000000,0.320000,0.260000,0.210000,0.150000,0.090000,0
t436,CYCLE-955345,50,50,50,0.547301,0.452699,0.509197,0.454315,1.000000,0.320000,0.260000,0.210000,0.150000,0.090000,0
t437,CYCLE-743520,50,50,50,0.538253,0.461747,0.472590,0.537201,1.000000,0.320000,0.260000,0.210000,0.150000,0.090000,0
t438,CYCLE-378592,50,50,50,0.534609,0.465391,0.470863,0.525024,1.000000,0.320000,0.260000,0.210000,0.150000,0.090000,0
t439,CYCLE-138500,50,50,50,0.552014,0.447986,0.499253,0.512685,1.000000,0.320000,0.260000,0.210000,0.150000,0.090000,0
t440,CYCLE-328881,50,50,50,0.561782,0.438218,0.500240,0.558071,1.000000,0.320000,0.260000,0.210000,0.150000,0.090000,0
t441,CYCLE-238836,50,50,50,0.565919,0.434081,0.523751,0.496466,1.000000,0.320000,0.260000,0.210000,0.150000,0.090000,0
t442,CYCLE-634614,50,50,50,0.510123,0.489877,0.466962,0.416249,1.000000,0.320000,0.260000,0.210000,0.150000,0.090000,0
t443,CYCLE-154774,50,50,50,0.541788,0.458212,0.504996,0.441451,1.000000,0.320000,0.260000,0.210000,0.150000,0.090000,0
t444,CYCLE-897391,50,50,50,0.559725,0.440275,0.517261,0.488213,1.000000,0.320000,0.260000,0.210000,0.150000,0.090000,0
t445,CYCLE-933191,50,50,50,0.516585,0.483415,0.454579,0.491898,1.000000,0.320000,0.260000,0.210000,0.150000,0.090000,0
t446,CYCLE-168458,50,50,50,0.548974,0.451026,0.486570,0.541878,1.000000,0.320000,0.260000,0.210000,0.150000,0.090000,0
t447,CYCLE-356269,50,50,50,0.573907,0.426093,0.534139,0.500049,1.000000,0.320000,0.260000,0.210000,0.150000,0.090000,0
t448,CYCLE-581332,50,50,50,0.544770,0.455230,0.498126,0.480408,1.000000,0.320000,0.260000,0.210000,0.150000,0.090000,0
t449,CYCLE-280218,50,50,50,0.541135,0.458865,0.496242,0.468828,1.000000,0.320000,0.260000,0.210000,0.150000,0.090000,0
t450,CYCLE-493138,50,50,50,0.566681,0.433319,0.518101,0.529448,1.000000,0.320000,0.260000,0.210000,0.150000,0.090000,0
t451,CYCLE-160464,50,50,50,0.567543,0.432457,0.503221,0.576444,1.000000,0.320000,0.260000,0.210000,0.150000,0.090000,0
t452,CYCLE-782400,50,50,50,0.568493,0.431507,0.518146,0.528955,1.000000,0.320000,0.260000,0.210000,0.150000,0.090000,0
t453,CYCLE-102947,50,50,50,0.544040,0.455960,0.498981,0.473768,1.000000,0.320000,0.260000,0.210000,0.150000,0.090000,0
t454,CYCLE-283520,50,50,50,0.554667,0.445333,0.503454,0.511246,1.000000,0.320000,0.260000,0.210000,0.150000,0.090000,0
t455,CYCLE-447268,50,50,50,0.557156,0.442844,0.512301,0.492727,1.000000,0.320000,0.260000,0.210000,0.150000,0.090000,0
t456,CYCLE-279334,50,50,50,0.544708,0.455292,0.484619,0.527375,1.000000,0.320000,0.260000,0.210000,0.150000,0.090000,0
t457,CYCLE-301316,50,50,50,0.548425,0.451575,0.499904,0.492463,1.000000,0.320000,0.260000,0.210000,0.150000,0.090000,0
t458,CYCLE-308302,50,50,50,0.537823,0.462177,0.474286,0.529114,1.000000,0.320000,0.260000,0.210000,0.150000,0.090000,0
t459,CYCLE-735642,50,50,50,0.525151,0.474849,0.476089,0.459443,1.000000,0.320000,0.260000,0.210000,0.150000,0.090000,0
t460,CYCLE-349643,50,50,50,0.584100,0.415900,0.546043,0.509352,1.000000,0.320000,0.260000,0.210000,0.150000,0.090000,0
t461,CYCLE-908022,50,50,50,0.542877,0.457123,0.493689,0.486473,1.000000,0.320000,0.260000,0.210000,0.150000,0.090000,0
t462,CYCLE-222948,50,50,50,0.525832,0.474168,0.482619,0.439994,1.000000,0.320000,0.260000,0.210000,0.150000,0.090000,0
t463,CYCLE-034641,50,50,50,0.561567,0.438433,0.505674,0.524833,1.000000,0.320000,0.260000,0.210000,0.150000,0.090000,0
t464,CYCLE-760080,50,50,50,0.557242,0.442758,0.512883,0.491121,1.000000,0.320000,0.260000,0.210000,0.150000,0.090000,0
t465,CYCLE-326212,50,50,50,0.571975,0.428025,0.543383,0.458036,1.000000,0.320000,0.260000,0.210000,0.150000,0.090000,0
t466,CYCLE-496724,50,50,50,0.569668,0.430332,0.518630,0.533137,1.000000,0.320000,0.260000,0.210000,0.150000,0.090000,0
t467,CYCLE-926295,50,50,50,0.561940,0.438060,0.525482,0.470513,1.000000,0.320000,0.260000,0.210000,0.150000,0.090000,0
t468,CYCLE-144004,50,50,50,0.557536,0.442464,0.500704,0.535214,1.000000,0.320000,0.260000,0.210000,0.150000,0.090000,0
t469,CYCLE-540492,50,50,50,0.560462,0.439538,0.505293,0.533784,1.000000,0.320000,0.260000,0.210000,0.150000,0.090000,0
t470,CYCLE-515989,50,50,50,0.554205,0.445795,0.483861,0.577511,1.000000,0.320000,0.260000,0.210000,0.150000,0.090000,0
t471,CYCLE-701281,50,50,50,0.560709,0.439291,0.515686,0.498643,1.000000,0.320000,0.260000,0.210000,0.150000,0.090000,0
t472,CYCLE-289224,50,50,50,0.526082,0.473918,0.485006,0.432890,1.000000,0.320000,0.260000,0.210000,0.150000,0.090000,0
t473,CYCLE-233205,50,50,50,0.536023,0.463977,0.486266,0.478185,1.000000,0.320000,0.260000,0.210000,0.150000,0.090000,0
t474,CYCLE-350286,50,50,50,0.566870,0.433130,0.523369,0.502560,1.000000,0.320000,0.260000,0.210000,0.150000,0.090000,0
t475,CYCLE-161979,50,50,50,0.523179,0.476821,0.473864,0.457370,1.000000,0.320000,0.260000,0.210000,0.150000,0.090000,0
t476,CYCLE-960603,50,50,50,0.574936,0.425064,0.521230,0.550376,1.000000,0.320000,0.260000,0.210000,0.150000,0.090000,0
t477,CYCLE-098699,50,50,50,0.546201,0.453799,0.496312,0.493912,1.000000,0.320000,0.260000,0.210000,0.150000,0.090000,0
t478,CYCLE-886296,50,50,50,0.536051,0.463949,0.486356,0.478006,1.000000,0.320000,0.260000,0.210000,0.150000,0.090000,0
t479,CYCLE-053094,50,50,50,0.563307,0.436693,0.512379,0.523211,1.000000,0.320000,0.260000,0.210000,0.150000,0.090000,0
t480,CYCLE-593760,50,50,50,0.585059,0.414941,0.540755,0.532650,1.000000,0.320000,0.260000,0.210000,0.150000,0.090000,0
t481,CYCLE-099572,50,50,50,0.549319,0.450681,0.506137,0.475115,1.000000,0.320000,0.260000,0.210000,0.150000,0.090000,0
t482,CYCLE-956345,50,50,50,0.554719,0.445281,0.507467,0.497462,1.000000,0.320000,0.260000,0.210000,0.150000,0.090000,0
t483,CYCLE-926612,50,50,50,0.563555,0.436445,0.504099,0.553428,1.000000,0.320000,0.260000,0.210000,0.150000,0.090000,0
t484,CYCLE-117755,50,50,50,0.534099,0.465901,0.465129,0.542545,1.000000,0.320000,0.260000,0.210000,0.150000,0.090000,0
t485,CYCLE-411082,50,50,50,0.550151,0.449849,0.493188,0.524598,1.000000,0.320000,0.260000,0.210000,0.150000,0.090000,0
t486,CYCLE-996094,50,50,50,0.568327,0.431673,0.507054,0.566945,1.000000,0.320000,0.260000,0.210000,0.150000,0.090000,0
t487,CYCLE-039503,50,50,50,0.527786,0.472214,0.480542,0.457032,1.000000,0.320000,0.260000,0.210000,0.150000,0.090000,0
t488,CYCLE-550949,50,50,50,0.551193,0.448807,0.500191,0.505295,1.000000,0.320000,0.260000,0.210000,0.150000,0.090000,0
t489,CYCLE-576756,50,50,50,0.542526,0.457474,0.488880,0.501547,1.000000,0.320000,0.260000,0.210000,0.150000,0.090000,0
t490,CYCLE-305357,50,50,50,0.549702,0.450298,0.499258,0.501107,1.000000,0.320000,0.260000,0.210000,0.150000,0.090000,0
t491,CYCLE-369651,50,50,50,0.540051,0.459949,0.483244,0.508902,1.000000,0.320000,0.260000,0.210000,0.150000,0.090000,0
t492,CYCLE-624002,50,50,50,0.549692,0.450308,0.506830,0.474554,1.000000,0.320000,0.260000,0.210000,0.150000,0.090000,0
t493,CYCLE-582812,50,50,50,0.546906,0.453094,0.502779,0.474805,1.000000,0.320000,0.260000,0.210000,0.150000,0.090000,0
t494,CYCLE-589963,50,50,50,0.534757,0.465243,0.489123,0.461854,1.000000,0.320000,0.260000,0.210000,0.150000,0.090000,0
t495,CYCLE-387525,50,50,50,0.551881,0.448119,0.513262,0.462989,1.000000,0.320000,0.260000,0.210000,0.150000,0.090000,0
t496,CYCLE-032066,50,50,50,0.551389,0.448611,0.492385,0.533600,1.000000,0.320000,0.260000,0.210000,0.150000,0.090000,0
t497,CYCLE-104488,50,50,50,0.563285,0.436715,0.508585,0.536378,1.000000,0.320000,0.260000,0.210000,0.150000,0.090000,0
t498,CYCLE-744984,50,50,50,0.562077,0.437923,0.514724,0.508853,1.000000,0.320000,0.260000,0.210000,0.150000,0.090000,0
t499,CYCLE-937043,50,50,50,0.561450,0.438550,0.498339,0.563065,1.000000,0.320000,0.260000,0.210000,0.150000,0.090000,0
t500,CYCLE-833306,50,50,50,0.567637,0.432363,0.527452,0.492106,1.000000,0.320000,0.260000,0.210000,0.150000,0.090000,0
t501,CYCLE-704939,50,50,50,0.555646,0.444354,0.501789,0.521967,1.000000,0.320000,0.260000,0.210000,0.150000,0.090000,0
t502,CYCLE-038625,50,50,50,0.537545,0.462455,0.479574,0.509216,1.000000,0.320000,0.260000,0.210000,0.150000,0.090000,0
t503,CYCLE-815458,50,50,50,0.577670,0.422330,0.540089,0.498037,1.000000,0.320000,0.260000,0.210000,0.150000,0.090000,0
t504,CYCLE-444193,50,50,50,0.568772,0.431228,0.537326,0.463221,1.000000,0.320000,0.260000,0.210000,0.150000,0.090000,0
t505,CYCLE-165564,50,50,50,0.586139,0.413861,0.542631,0.531487,1.000000,0.320000,0.260000,0.210000,0.150000,0.090000,0
t506,CYCLE-473654,50,50,50,0.525792,0.474208,0.460843,0.516007,1.000000,0.320000,0.260000,0.210000,0.150000,0.090000,0
t507,CYCLE-520632,50,50,50,0.530723,0.469277,0.474123,0.494186,1.000000,0.320000,0.260000,0.210000,0.150000,0.090000,0
t508,CYCLE-062115,50,50,50,0.533839,0.466161,0.478496,0.494459,1.000000,0.320000,0.260000,0.210000,0.150000,0.090000,0
t509,CYCLE-535152,50,50,50,0.550971,0.449029,0.499701,0.505900,1.000000,0.320000,0.260000,0.210000,0.150000,0.090000,0
t510,CYCLE-076312,50,50,50,0.558099,0.441901,0.520201,0.469793,1.000000,0.320000,0.260000,0.210000,0.150000,0.090000,0
t511,CYCLE-049751,50,50,50,0.553389,0.446611,0.507618,0.490282,1.000000,0.320000,0.260000,0.210000,0.150000,0.090000,0
t512,CYCLE-066214,50,50,50,0.565696,0.434304,0.524346,0.493269,1.000000,0.320000,0.260000,0.210000,0.150000,0.090000,0
t513,CYCLE-756713,50,50,50,0.548676,0.451324,0.502729,0.483830,1.000000,0.320000,0.260000,0.210000,0.150000,0.090000,0
t514,CYCLE-510387,50,50,50,0.541771,0.458229,0.476466,0.541223,1.000000,0.320000,0.260000,0.210000,0.150000,0.090000,0
t515,CYCLE-195502,50,50,50,0.539611,0.460389,0.488210,0.489322,1.000000,0.320000,0.260000,0.210000,0.150000,0.090000,0
t516,CYCLE-292770,50,50,50,0.569588,0.430412,0.523746,0.514829,1.000000,0.320000,0.260000,0.210000,0.150000,0.090000,0
t517,CYCLE-276930,50,50,50,0.578922,0.421078,0.554186,0.454958,1.000000,0.320000,0.260000,0.210000,0.150000,0.090000,0
t518,CYCLE-969411,50,50,50,0.559762,0.440238,0.517140,0.488821,1.000000,0.320000,0.260000,0.210000,0.150000,0.090000,0
t519,CYCLE-213714,50,50,50,0.549635,0.450365,0.497550,0.506753,1.000000,0.320000,0.260000,0.210000,0.150000,0.090000,0
t520,CYCLE-228292,50,50,50,0.550492,0.449508,0.499501,0.504206,1.000000,0.320000,0.260000,0.210000,0.150000,0.090000,0
t521,CYCLE-476921,50,50,50,0.557639,0.442361,0.504501,0.522439,1.000000,0.320000,0.260000,0.210000,0.150000,0.090000,0
t522,CYCLE-847931,50,50,50,0.573807,0.426193,0.535820,0.493666,1.000000,0.320000,0.260000,0.210000,0.150000,0.090000,0
t523,CYCLE-576979,50,50,50,0.560829,0.439171,0.506619,0.530978,1.000000,0.320000,0.260000,0.210000,0.150000,0.090000,0
t524,CYCLE-805332,50,50,50,0.535774,0.464226,0.465448,0.549802,1.000000,0.320000,0.260000,0.210000,0.150000,0.090000,0
t525,CYCLE-083507,50,50,50,0.549280,0.450720,0.496049,0.510231,1.000000,0.320000,0.260000,0.210000,0.150000,0.090000,0
t526,CYCLE-858432,50,50,50,0.552276,0.447724,0.491730,0.540324,1.000000,0.320000,0.260000,0.210000,0.150000,0.090000,0
t527,CYCLE-447468,50,50,50,0.546343,0.453657,0.485698,0.531775,1.000000,0.320000,0.260000,0.210000,0.150000,0.090000,0
t528,CYCLE-413717,50,50,50,0.562484,0.437516,0.516793,0.503642,1.000000,0.320000,0.260000,0.210000,0.150000,0.090000,0
t529,CYCLE-075572,50,50,50,0.561525,0.438475,0.495379,0.573799,1.000000,0.320000,0.260000,0.210000,0.150000,0.090000,0
t530,CYCLE-822501,50,50,50,0.590327,0.409673,0.547852,0.534153,1.000000,0.320000,0.260000,0.210000,0.150000,0.090000,0
t531,CYCLE-687235,50,50,50,0.552253,0.447747,0.495820,0.525895,1.000000,0.320000,0.260000,0.210000,0.150000,0.090000,0
t532,CYCLE-388546,50,50,50,0.545729,0.454271,0.481340,0.543953,1.000000,0.320000,0.260000,0.210000,0.150000,0.090000,0
t533,CYCLE-809195,50,50,50,0.538076,0.461924,0.478419,0.515912,1.000000,0.320000,0.260000,0.210000,0.150000,0.090000,0
t534,CYCLE-955343,50,50,50,0.544389,0.455611,0.489326,0.509307,1.000000,0.320000,0.260000,0.210000,0.150000,0.090000,0
t535,CYCLE-048503,50,50,50,0.542156,0.457844,0.487592,0.504207,1.000000,0.320000,0.260000,0.210000,0.150000,0.090000,0
t536,CYCLE-128539,50,50,50,0.567240,0.432760,0.534412,0.465760,1.000000,0.320000,0.260000,0.210000,0.150000,0.090000,0
t537,CYCLE-140576,50,50,50,0.562566,0.437434,0.515779,0.507602,1.000000,0.320000,0.260000,0.210000,0.150000,0.090000,0
t538,CYCLE-583911,50,50,50,0.575459,0.424541,0.537438,0.496266,1.000000,0.320000,0.260000,0.210000,0.150000,0.090000,0
t539,CYCLE-879931,50,50,50,0.550571,0.449429,0.486967,0.548470,1.000000,0.320000,0.260000,0.210000,0.150000,0.090000,0
t540,CYCLE-770334,50,50,50,0.505047,0.494953,0.443209,0.474003,1.000000,0.320000,0.260000,0.210000,0.150000,0.090000,0
t541,CYCLE-241959,50,50,50,0.554230,0.445770,0.507018,0.496587,1.000000,0.320000,0.260000,0.210000,0.150000,0.090000,0
t542,CYCLE-717333,50,50,50,0.568494,0.431506,0.514988,0.546355,1.000000,0.320000,0.260000,0.210000,0.150000,0.090000,0
t543,CYCLE-786578,50,50,50,0.543965,0.456035,0.495455,0.485733,1.000000,0.320000,0.260000,0.210000,0.150000,0.090000,0
t544,CYCLE-012901,50,50,50,0.524934,0.475066,0.478074,0.451411,1.000000,0.320000,0.260000,0.210000,0.150000,0.090000,0
t545,CYCLE-257724,50,50,50,0.561295,0.438705,0.514459,0.505868,1.000000,0.320000,0.260000,0.210000,0.150000,0.090000,0
t546,CYCLE-866992,50,50,50,0.560598,0.439402,0.505040,0.535349,1.000000,0.320000,0.260000,0.210000,0.150000,0.090000,0
t547,CYCLE-834754,50,50,50,0.519414,0.480586,0.474851,0.435094,1.000000,0.320000,0.260000,0.210000,0.150000,0.090000,0
t548,CYCLE-234867,50,50,50,0.551871,0.448129,0.487413,0.553409,1.000000,0.320000,0.260000,0.210000,0.150000,0.090000,0
t549,CYCLE-483518,50,50,50,0.551427,0.448573,0.494976,0.524720,1.000000,0.320000,0.260000,0.210000,0.150000,0.090000,0
t550,CYCLE-135997,50,50,50,0.538217,0.461783,0.490598,0.473992,1.000000,0.320000,0.260000,0.210000,0.150000,0.090000,0
t551,CYCLE-790864,50,50,50,0.556215,0.443785,0.496791,0.542306,1.000000,0.320000,0.260000,0.210000,0.150000,0.090000,0
t552,CYCLE-300528,50,50,50,0.562877,0.437123,0.508733,0.533820,1.000000,0.320000,0.260000,0.210000,0.150000,0.090000,0
t553,CYCLE-559049,50,50,50,0.521939,0.478061,0.467196,0.474508,1.000000,0.320000,0.260000,0.210000,0.150000,0.090000,0
t554,CYCLE-269310,50,50,50,0.531764,0.468236,0.474040,0.499434,1.000000,0.320000,0.260000,0.210000,0.150000,0.090000,0
t555,CYCLE-623015,50,50,50,0.564380,0.435620,0.518693,0.506476,1.000000,0.320000,0.260000,0.210000,0.150000,0.090000,0
t556,CYCLE-745382,50,50,50,0.557840,0.442160,0.509031,0.507591,1.000000,0.320000,0.260000,0.210000,0.150000,0.090000,0
t557,CYCLE-935481,50,50,50,0.527438,0.472562,0.477789,0.464930,1.000000,0.320000,0.260000,0.210000,0.150000,0.090000,0
t558,CYCLE-179634,50,50,50,0.564603,0.435397,0.521575,0.497504,1.000000,0.320000,0.260000,0.210000,0.150000,0.090000,0
t559,CYCLE-391005,50,50,50,0.529341,0.470659,0.474219,0.486940,1.000000,0.320000,0.260000,0.210000,0.150000,0.090000,0
t560,CYCLE-110410,50,50,50,0.558852,0.441148,0.519346,0.476550,1.000000,0.320000,0.260000,0.210000,0.150000,0.090000,0
t561,CYCLE-892312,50,50,50,0.541167,0.458833,0.483439,0.513801,1.000000,0.320000,0.260000,0.210000,0.150000,0.090000,0
t562,CYCLE-587574,50,50,50,0.566125,0.433875,0.515352,0.526893,1.000000,0.320000,0.260000,0.210000,0.150000,0.090000,0
t563,CYCLE-837079,50,50,50,0.535065,0.464935,0.489277,0.462855,1.000000,0.320000,0.260000,0.210000,0.150000,0.090000,0
t564,CYCLE-209944,50,50,50,0.542904,0.457096,0.493429,0.487518,1.000000,0.320000,0.260000,0.210000,0.150000,0.090000,0
t565,CYCLE-544928,50,50,50,0.583525,0.416475,0.549070,0.495877,1.000000,0.320000,0.260000,0.210000,0.150000,0.090000,0
t566,CYCLE-063108,50,50,50,0.559946,0.440054,0.517553,0.488293,1.000000,0.320000,0.260000,0.210000,0.150000,0.090000,0
t567,CYCLE-534165,50,50,50,0.534022,0.465978,0.485348,0.471395,1.000000,0.320000,0.260000,0.210000,0.150000,0.090000,0
t568,CYCLE-911616,50,50,50,0.550393,0.449607,0.495501,0.517709,1.000000,0.320000,0.260000,0.210000,0.150000,0.090000,0
t569,CYCLE-491427,50,50,50,0.545860,0.454140,0.489830,0.514897,1.000000,0.320000,0.260000,0.210000,0.150000,0.090000,0
t570,CYCLE-524944,50,50,50,0.526766,0.473234,0.462973,0.513425,1.000000,0.320000,0.260000,0.210000,0.150000,0.090000,0
t571,CYCLE-040969,50,50,50,0.568512,0.431488,0.512218,0.549796,1.000000,0.320000,0.260000,0.210000,0.150000,0.090000,0
t572,CYCLE-565771,50,50,50,0.561536,0.438464,0.517371,0.496881,1.000000,0.320000,0.260000,0.210000,0.150000,0.090000,0
t573,CYCLE-163383,50,50,50,0.523474,0.476526,0.458113,0.513974,1.000000,0.320000,0.260000,0.210000,0.150000,0.090000,0
t574,CYCLE-994286,50,50,50,0.557579,0.442421,0.518743,0.472291,1.000000,0.320000,0.260000,0.210000,0.150000,0.090000,0
t575,CYCLE-730549,50,50,50,0.590225,0.409775,0.548894,0.529999,1.000000,0.320000,0.260000,0.210000,0.150000,0.090000,0
t576,CYCLE-329550,50,50,50,0.520177,0.479823,0.486411,0.398447,1.000000,0.320000,0.260000,0.210000,0.150000,0.090000,0
t577,CYCLE-055206,50,50,50,0.564728,0.435272,0.514243,0.523791,1.000000,0.320000,0.260000,0.220000,0.150000,0.090000,0
t578,CYCLE-568116,50,50,50,0.537499,0.462501,0.498058,0.444291,1.000000,0.320000,0.260000,0.220000,0.150000,0.090000,0
t579,CYCLE-822805,50,50,50,0.570491,0.429509,0.527802,0.505148,1.000000,0.320000,0.260000,0.220000,0.150000,0.090000,0
t580,CYCLE-839462,50,50,50,0.540247,0.459753,0.482223,0.513453,1.000000,0.320000,0.260000,0.220000,0.150000,0.090000,0
t581,CYCLE-741405,50,50,50,0.574769,0.425231,0.542099,0.476498,1.000000,0.320000,0.260000,0.220000,0.150000,0.090000,0
t582,CYCLE-972502,50,50,50,0.544143,0.455857,0.495279,0.487236,1.000000,0.320000,0.260000,0.220000,0.150000,0.090000,0
t583,CYCLE-114255,50,50,50,0.534717,0.465283,0.471507,0.523314,1.000000,0.320000,0.260000,0.220000,0.150000,0.090000,0
t584,CYCLE-347852,50,50,50,0.581406,0.418594,0.536560,0.529070,1.000000,0.320000,0.260000,0.220000,0.150000,0.090000,0
t585,CYCLE-692206,50,50,50,0.503886,0.496114,0.443450,0.467358,1.000000,0.320000,0.260000,0.220000,0.150000,0.090000,0
t586,CYCLE-767621,50,50,50,0.569255,0.430745,0.526942,0.501976,1.000000,0.320000,0.260000,0.220000,0.150000,0.090000,0
t587,CYCLE-890176,50,50,50,0.566089,0.433911,0.504094,0.566118,1.000000,0.320000,0.260000,0.220000,0.150000,0.090000,0
t588,CYCLE-182823,50,50,50,0.535274,0.464726,0.488815,0.466086,1.000000,0.320000,0.260000,0.220000,0.150000,0.090000,0
t589,CYCLE-545453,50,50,50,0.524108,0.475892,0.470011,0.488518,1.000000,0.320000,0.260000,0.220000,0.150000,0.090000,0
t590,CYCLE-644361,50,50,50,0.564917,0.435083,0.507914,0.546887,1.000000,0.320000,0.260000,0.220000,0.150000,0.090000,0
t591,CYCLE-099055,50,50,50,0.570589,0.429411,0.514403,0.552536,1.000000,0.320000,0.260000,0.220000,0.150000,0.090000,0
t592,CYCLE-936333,50,50,50,0.543385,0.456615,0.494067,0.487687,1.000000,0.320000,0.260000,0.220000,0.150000,0.090000,0
t593,CYCLE-538109,50,50,50,0.507879,0.492121,0.451064,0.460669,1.000000,0.320000,0.260000,0.220000,0.150000,0.090000,0
t594,CYCLE-294263,50,50,50,0.561283,0.438717,0.517815,0.494064,1.000000,0.320000,0.260000,0.220000,0.150000,0.090000,0
t595,CYCLE-941046,50,50,50,0.550243,0.449757,0.482116,0.563808,1.000000,0.320000,0.260000,0.220000,0.150000,0.090000,0
t596,CYCLE-879998,50,50,50,0.542042,0.457958,0.472837,0.549743,1.000000,0.320000,0.260000,0.220000,0.150000,0.090000,0
t597,CYCLE-229623,50,50,50,0.542771,0.457229,0.481190,0.529690,1.000000,0.320000,0.260000,0.220000,0.150000,0.090000,0
t598,CYCLE-236737,50,50,50,0.517407,0.482593,0.449361,0.514275,1.000000,0.320000,0.260000,0.220000,0.150000,0.090000,0
t599,CYCLE-398853,50,50,50,0.560208,0.439792,0.513685,0.503141,1.000000,0.320000,0.260000,0.220000,0.150000,0.090000,0
t600,CYCLE-183254,50,50,50,0.555282,0.444718,0.501685,0.520513,1.000000,0.320000,0.260000,0.220000,0.150000,0.090000,0
t601,CYCLE-952091,50,50,50,0.556804,0.443196,0.520549,0.462101,1.000000,0.320000,0.260000,0.220000,0.150000,0.090000,0
t602,CYCLE-686018,50,50,50,0.540291,0.459709,0.481992,0.514482,1.000000,0.320000,0.260000,0.220000,0.150000,0.090000,0
t603,CYCLE-873825,50,50,50,0.531535,0.468465,0.468209,0.518945,1.000000,0.320000,0.260000,0.220000,0.150000,0.090000,0
t604,CYCLE-020441,50,50,50,0.547736,0.452264,0.483082,0.547892,1.000000,0.320000,0.260000,0.220000,0.150000,0.090000,0
t605,CYCLE-525208,50,50,50,0.547548,0.452452,0.496811,0.498903,1.000000,0.320000,0.260000,0.220000,0.150000,0.090000,0
t606,CYCLE-292695,50,50,50,0.559638,0.440362,0.504657,0.531892,1.000000,0.320000,0.260000,0.220000,0.150000,0.090000,0
t607,CYCLE-342362,50,50,50,0.542741,0.457259,0.496671,0.475357,1.000000,0.320000,0.260000,0.220000,0.150000,0.090000,0
t608,CYCLE-323166,50,50,50,0.573306,0.426694,0.533656,0.498737,1.000000,0.320000,0.260000,0.220000,0.150000,0.090000,0
t609,CYCLE-751848,50,50,50,0.567478,0.432522,0.528548,0.487473,1.000000,0.320000,0.260000,0.220000,0.150000,0.090000,0
t610,CYCLE-872426,50,50,50,0.535926,0.464074,0.482261,0.491713,1.000000,0.320000,0.260000,0.220000,0.150000,0.090000,0
t611,CYCLE-866615,50,50,50,0.549436,0.450564,0.508775,0.466468,1.000000,0.320000,0.260000,0.220000,0.150000,0.090000,0
t612,CYCLE-525044,50,50,50,0.514285,0.485715,0.462202,0.457283,1.000000,0.320000,0.260000,0.220000,0.150000,0.090000,0
t613,CYCLE-609021,50,50,50,0.561437,0.438563,0.511604,0.516568,1.000000,0.320000,0.260000,0.220000,0.150000,0.090000,0
t614,CYCLE-359250,50,50,50,0.561260,0.438740,0.505610,0.536663,1.000000,0.320000,0.260000,0.220000,0.150000,0.090000,0
t615,CYCLE-724116,50,50,50,0.550161,0.449839,0.503900,0.487155,1.000000,0.320000,0.260000,0.220000,0.150000,0.090000,0
t616,CYCLE-004729,50,50,50,0.535254,0.464746,0.476672,0.507917,1.000000,0.320000,0.260000,0.220000,0.150000,0.090000,0
t617,CYCLE-991924,50,50,50,0.531380,0.468620,0.480070,0.476654,1.000000,0.320000,0.260000,0.220000,0.150000,0.090000,0
t618,CYCLE-119147,50,50,50,0.553111,0.446889,0.500774,0.512843,1.000000,0.320000,0.260000,0.220000,0.150000,0.090000,0
t619,CYCLE-065206,50,50,50,0.536826,0.463174,0.485316,0.485521,1.000000,0.320000,0.260000,0.220000,0.150000,0.090000,0
t620,CYCLE-880263,50,50,50,0.527863,0.472137,0.464623,0.513136,1.000000,0.320000,0.260000,0.220000,0.150000,0.090000,0
t621,CYCLE-439618,50,50,50,0.576765,0.423235,0.529503,0.530562,1.000000,0.320000,0.260000,0.220000,0.150000,0.090000,0
t622,CYCLE-933015,50,50,50,0.571220,0.428780,0.538406,0.471681,1.000000,0.320000,0.260000,0.220000,0.150000,0.090000,0
t623,CYCLE-268446,50,50,50,0.539031,0.460969,0.476589,0.527091,1.000000,0.320000,0.260000,0.220000,0.150000,0.090000,0
t624,CYCLE-891034,50,50,50,0.551696,0.448304,0.514952,0.456149,1.000000,0.320000,0.260000,0.220000,0.150000,0.090000,0
t625,CYCLE-420201,50,50,50,0.584269,0.415731,0.554988,0.473869,1.000000,0.320000,0.260000,0.220000,0.150000,0.090000,0
t626,CYCLE-732610,50,50,50,0.554661,0.445339,0.498797,0.527517,1.000000,0.320000,0.260000,0.220000,0.150000,0.090000,0
t627,CYCLE-634919,50,50,50,0.546796,0.453204,0.488612,0.523838,1.000000,0.320000,0.260000,0.220000,0.150000,0.090000,0
t628,CYCLE-745903,50,50,50,0.566115,0.433885,0.531131,0.471618,1.000000,0.320000,0.260000,0.220000,0.150000,0.090000,0
t629,CYCLE-959725,50,50,50,0.545399,0.454601,0.477359,0.556240,1.000000,0.320000,0.260000,0.220000,0.150000,0.090000,0
t630,CYCLE-825433,50,50,50,0.540525,0.459475,0.491260,0.483217,1.000000,0.320000,0.260000,0.220000,0.150000,0.090000,0
t631,CYCLE-384444,50,50,50,0.570635,0.429365,0.516638,0.544938,1.000000,0.320000,0.260000,0.220000,0.150000,0.090000,0
t632,CYCLE-539587,50,50,50,0.537492,0.462508,0.480980,0.504028,1.000000,0.320000,0.260000,0.220000,0.150000,0.090000,0
t633,CYCLE-061654,50,50,50,0.559487,0.440513,0.519581,0.478898,1.000000,0.320000,0.260000,0.220000,0.150000,0.090000,0
t634,CYCLE-017401,50,50,50,0.574840,0.425160,0.532522,0.510372,1.000000,0.320000,0.260000,0.220000,0.150000,0.090000,0
t635,CYCLE-737189,50,50,50,0.555507,0.444493,0.495061,0.544819,1.000000,0.320000,0.260000,0.220000,0.150000,0.090000,0
t636,CYCLE-461952,50,50,50,0.552634,0.447366,0.487356,0.557426,1.000000,0.320000,0.260000,0.220000,0.150000,0.090000,0
t637,CYCLE-671507,50,50,50,0.579938,0.420062,0.549326,0.477048,1.000000,0.320000,0.260000,0.220000,0.150000,0.090000,0
t638,CYCLE-103070,50,50,50,0.564101,0.435899,0.530578,0.463486,1.000000,0.320000,0.260000,0.220000,0.150000,0.090000,0
t639,CYCLE-037974,50,50,50,0.526801,0.473199,0.484313,0.438912,1.000000,0.320000,0.260000,0.220000,0.150000,0.090000,0
t640,CYCLE-565960,50,50,50,0.565053,0.434947,0.515455,0.521169,1.000000,0.320000,0.260000,0.220000,0.150000,0.090000,0
t641,CYCLE-760436,50,50,50,0.524585,0.475415,0.461720,0.506904,1.000000,0.320000,0.260000,0.220000,0.150000,0.090000,0
t642,CYCLE-098753,50,50,50,0.549169,0.450831,0.505359,0.477089,1.000000,0.320000,0.260000,0.220000,0.150000,0.090000,0
t643,CYCLE-785748,50,50,50,0.558916,0.441084,0.521262,0.470162,1.000000,0.320000,0.260000,0.220000,0.150000,0.090000,0
t644,CYCLE-262083,50,50,50,0.555564,0.444436,0.514160,0.478259,1.000000,0.320000,0.260000,0.220000,0.150000,0.090000,0
t645,CYCLE-486648,50,50,50,0.559895,0.440105,0.512383,0.506136,1.000000,0.320000,0.260000,0.220000,0.150000,0.090000,0
t646,CYCLE-528258,50,50,50,0.590711,0.409289,0.540808,0.560727,1.000000,0.320000,0.260000,0.220000,0.150000,0.090000,0
t647,CYCLE-262062,50,50,50,0.527784,0.472216,0.464896,0.511783,1.000000,0.320000,0.260000,0.220000,0.150000,0.090000,0
t648,CYCLE-536825,50,50,50,0.540151,0.459849,0.499295,0.453221,1.000000,0.320000,0.260000,0.220000,0.150000,0.090000,0
t649,CYCLE-709493,50,50,50,0.537757,0.462243,0.481582,0.503249,1.000000,0.320000,0.260000,0.220000,0.150000,0.090000,0
t650,CYCLE-742240,50,50,50,0.557938,0.442062,0.523867,0.456155,1.000000,0.320000,0.260000,0.220000,0.150000,0.090000,0
t651,CYCLE-169572,50,50,50,0.524327,0.475673,0.466528,0.488788,1.000000,0.320000,0.260000,0.220000,0.150000,0.090000,0
t652,CYCLE-378437,50,50,50,0.523032,0.476968,0.470633,0.467942,1.000000,0.320000,0.260000,0.220000,0.150000,0.090000,0
t653,CYCLE-083468,50,50,50,0.538895,0.461105,0.487443,0.488426,1.000000,0.320000,0.260000,0.220000,0.150000,0.090000,0
t654,CYCLE-723719,50,50,50,0.526901,0.473099,0.454226,0.544710,1.000000,0.320000,0.260000,0.220000,0.150000,0.090000,0
t655,CYCLE-305331,50,50,50,0.563611,0.436389,0.517876,0.505488,1.000000,0.320000,0.260000,0.220000,0.150000,0.090000,0
t656,CYCLE-685030,50,50,50,0.583236,0.416764,0.546814,0.502330,1.000000,0.320000,0.260000,0.220000,0.150000,0.090000,0
t657,CYCLE-228196,50,50,50,0.555466,0.444534,0.502769,0.517637,1.000000,0.320000,0.260000,0.220000,0.150000,0.090000,0
t658,CYCLE-705998,50,50,50,0.559323,0.440677,0.510490,0.509900,1.000000,0.320000,0.260000,0.220000,0.150000,0.090000,0
t659,CYCLE-086753,50,50,50,0.530636,0.469364,0.475420,0.489209,1.000000,0.320000,0.260000,0.220000,0.150000,0.090000,0
t660,CYCLE-367416,50,50,50,0.554408,0.445592,0.519813,0.452693,1.000000,0.320000,0.260000,0.220000,0.150000,0.090000,0
t661,CYCLE-591411,50,50,50,0.519710,0.480290,0.456978,0.499128,1.000000,0.320000,0.260000,0.220000,0.150000,0.090000,0
t662,CYCLE-752780,50,50,50,0.547421,0.452579,0.503650,0.474331,1.000000,0.320000,0.260000,0.220000,0.150000,0.090000,0
t663,CYCLE-186856,50,50,50,0.528747,0.471253,0.477712,0.471742,1.000000,0.320000,0.260000,0.220000,0.150000,0.090000,0
t664,CYCLE-040012,50,50,50,0.554641,0.445359,0.511811,0.481866,1.000000,0.320000,0.260000,0.220000,0.150000,0.090000,0
t665,CYCLE-412578,50,50,50,0.547319,0.452681,0.498741,0.491000,1.000000,0.320000,0.260000,0.220000,0.150000,0.090000,0
t666,CYCLE-358947,50,50,50,0.540526,0.459474,0.471236,0.553303,1.000000,0.320000,0.260000,0.220000,0.150000,0.090000,0
t667,CYCLE-962495,50,50,50,0.577526,0.422474,0.516146,0.581119,1.000000,0.320000,0.260000,0.220000,0.150000,0.090000,0
t668,CYCLE-636740,50,50,50,0.544611,0.455389,0.477744,0.550952,1.000000,0.320000,0.260000,0.220000,0.150000,0.090000,0
t669,CYCLE-915471,50,50,50,0.535908,0.464092,0.481729,0.493489,1.000000,0.320000,0.260000,0.220000,0.150000,0.090000,0
t670,CYCLE-819419,50,50,50,0.529578,0.470422,0.463889,0.524280,1.000000,0.320000,0.260000,0.220000,0.150000,0.090000,0
t671,CYCLE-356282,50,50,50,0.540911,0.459089,0.485360,0.505796,1.000000,0.320000,0.260000,0.220000,0.150000,0.090000,0
t672,CYCLE-928718,50,50,50,0.535101,0.464899,0.468231,0.536699,1.000000,0.320000,0.260000,0.220000,0.150000,0.090000,0
t673,CYCLE-616884,50,50,50,0.556747,0.443253,0.503567,0.521251,1.000000,0.320000,0.260000,0.220000,0.150000,0.090000,0
t674,CYCLE-817802,50,50,50,0.536868,0.463132,0.481890,0.497726,1.000000,0.320000,0.260000,0.220000,0.150000,0.090000,0
t675,CYCLE-163803,50,50,50,0.541301,0.458699,0.483322,0.514878,1.000000,0.320000,0.260000,0.220000,0.150000,0.090000,0
t676,CYCLE-315787,50,50,50,0.538890,0.461110,0.486231,0.492641,1.000000,0.320000,0.260000,0.220000,0.150000,0.090000,0
t677,CYCLE-557434,50,50,50,0.553185,0.446815,0.510326,0.479783,1.000000,0.320000,0.260000,0.220000,0.150000,0.090000,0
t678,CYCLE-334600,50,50,50,0.555019,0.444981,0.502107,0.517719,1.000000,0.320000,0.260000,0.220000,0.150000,0.090000,0
t679,CYCLE-124735,50,50,50,0.556141,0.443859,0.515693,0.475780,1.000000,0.320000,0.260000,0.220000,0.150000,0.090000,0
t680,CYCLE-119443,50,50,50,0.546040,0.453960,0.500580,0.478171,1.000000,0.320000,0.260000,0.220000,0.150000,0.090000,0
t681,CYCLE-245043,50,50,50,0.554738,0.445262,0.502856,0.513691,1.000000,0.320000,0.260000,0.220000,0.150000,0.090000,0
t682,CYCLE-183127,50,50,50,0.552555,0.447445,0.519708,0.443793,1.000000,0.320000,0.260000,0.220000,0.150000,0.090000,0
t683,CYCLE-096581,50,50,50,0.530912,0.469088,0.470841,0.506620,1.000000,0.320000,0.260000,0.220000,0.150000,0.090000,0
t684,CYCLE-234970,50,50,50,0.543315,0.456685,0.490764,0.498904,1.000000,0.320000,0.260000,0.220000,0.150000,0.090000,0
t685,CYCLE-530428,50,50,50,0.554514,0.445486,0.492630,0.548366,1.000000,0.320000,0.260000,0.220000,0.150000,0.090000,0
t686,CYCLE-438406,50,50,50,0.550943,0.449057,0.503446,0.492653,1.000000,0.320000,0.260000,0.220000,0.150000,0.090000,0
t687,CYCLE-495451,50,50,50,0.518321,0.481679,0.439676,0.552738,1.000000,0.320000,0.260000,0.220000,0.150000,0.090000,0
t688,CYCLE-058751,50,50,50,0.548470,0.451530,0.514987,0.439898,1.000000,0.320000,0.260000,0.220000,0.150000,0.090000,0
t689,CYCLE-677168,50,50,50,0.555396,0.444604,0.508252,0.498095,1.000000,0.320000,0.260000,0.220000,0.150000,0.090000,0
t690,CYCLE-902551,50,50,50,0.558319,0.441681,0.515490,0.487382,1.000000,0.320000,0.260000,0.220000,0.150000,0.090000,0
t691,CYCLE-737047,50,50,50,0.557800,0.442200,0.509299,0.506455,1.000000,0.320000,0.260000,0.220000,0.150000,0.090000,0
t692,CYCLE-745879,50,50,50,0.602666,0.397334,0.554870,0.571286,1.000000,0.320000,0.260000,0.220000,0.150000,0.090000,0
t693,CYCLE-298527,50,50,50,0.559275,0.440725,0.522955,0.466029,1.000000,0.320000,0.260000,0.220000,0.150000,0.090000,0
t694,CYCLE-773765,50,50,50,0.556657,0.443343,0.506261,0.511375,1.000000,0.320000,0.260000,0.220000,0.150000,0.090000,0
t695,CYCLE-950498,50,50,50,0.560397,0.439603,0.509695,0.518052,1.000000,0.320000,0.260000,0.220000,0.150000,0.090000,0
t696,CYCLE-000988,50,50,50,0.541726,0.458274,0.498303,0.464569,1.000000,0.320000,0.260000,0.220000,0.150000,0.090000,0
t697,CYCLE-538491,50,50,50,0.538214,0.461786,0.489285,0.478572,1.000000,0.320000,0.260000,0.220000,0.150000,0.090000,0
t698,CYCLE-288814,50,50,50,0.552412,0.447588,0.510462,0.475440,1.000000,0.320000,0.260000,0.220000,0.150000,0.090000,0
t699,CYCLE-447168,50,50,50,0.583422,0.416578,0.548314,0.498011,1.000000,0.320000,0.260000,0.220000,0.150000,0.090000,0
t700,CYCLE-248050,50,50,50,0.538914,0.461086,0.499681,0.445685,1.000000,0.320000,0.260000,0.220000,0.150000,0.090000,0
t701,CYCLE-829854,50,50,50,0.584578,0.415422,0.532168,0.560302,1.000000,0.320000,0.260000,0.220000,0.150000,0.090000,0
t702,CYCLE-795568,50,50,50,0.573995,0.426005,0.526253,0.528092,1.000000,0.320000,0.260000,0.220000,0.150000,0.090000,0
t703,CYCLE-621860,50,50,50,0.561859,0.438141,0.520437,0.487767,1.000000,0.320000,0.260000,0.220000,0.150000,0.090000,0
t704,CYCLE-573689,50,50,50,0.564966,0.435034,0.514526,0.523988,1.000000,0.320000,0.260000,0.220000,0.150000,0.090000,0
t705,CYCLE-179466,50,50,50,0.551947,0.448053,0.500941,0.506441,1.000000,0.320000,0.260000,0.220000,0.150000,0.090000,0
t706,CYCLE-086554,50,50,50,0.535273,0.464727,0.488426,0.466877,1.000000,0.320000,0.260000,0.220000,0.150000,0.090000,0
t707,CYCLE-393830,50,50,50,0.543028,0.456972,0.496310,0.478056,1.000000,0.320000,0.260000,0.220000,0.150000,0.090000,0
t708,CYCLE-075928,50,50,50,0.582311,0.417689,0.542459,0.512948,1.000000,0.320000,0.260000,0.220000,0.150000,0.090000,0
t709,CYCLE-800873,50,50,50,0.578027,0.421973,0.517223,0.579856,1.000000,0.320000,0.260000,0.220000,0.150000,0.090000,0
t710,CYCLE-492327,50,50,50,0.558892,0.441108,0.516575,0.486450,1.000000,0.320000,0.260000,0.220000,0.150000,0.090000,0
t711,CYCLE-376758,50,50,50,0.550263,0.449737,0.513152,0.455284,1.000000,0.320000,0.260000,0.220000,0.150000,0.090000,0
t712,CYCLE-886652,50,50,50,0.545148,0.454852,0.480095,0.545406,1.000000,0.320000,0.260000,0.220000,0.150000,0.090000,0
t713,CYCLE-803156,50,50,50,0.533208,0.466792,0.476394,0.498663,1.000000,0.320000,0.260000,0.220000,0.150000,0.090000,0
t714,CYCLE-611660,50,50,50,0.514440,0.485560,0.447342,0.506504,1.000000,0.320000,0.260000,0.220000,0.150000,0.090000,0
t715,CYCLE-210117,50,50,50,0.545032,0.454968,0.488475,0.515500,1.000000,0.320000,0.260000,0.220000,0.150000,0.090000,0
t716,CYCLE-854524,50,50,50,0.551560,0.448440,0.491618,0.533925,1.000000,0.320000,0.260000,0.220000,0.150000,0.090000,0
t717,CYCLE-833772,50,50,50,0.531718,0.468282,0.484540,0.462699,1.000000,0.320000,0.260000,0.220000,0.150000,0.090000,0
t718,CYCLE-767880,50,50,50,0.539738,0.460262,0.508553,0.418757,1.000000,0.320000,0.260000,0.220000,0.150000,0.090000,0
t719,CYCLE-123039,50,50,50,0.554055,0.445945,0.500674,0.517914,1.000000,0.320000,0.260000,0.220000,0.150000,0.090000,0
t720,CYCLE-716189,50,50,50,0.550933,0.449067,0.510517,0.467854,1.000000,0.320000,0.260000,0.220000,0.150000,0.090000,0
t721,CYCLE-545645,50,50,50,0.571047,0.428953,0.535993,0.479256,1.000000,0.320000,0.260000,0.220000,0.150000,0.090000,0
t722,CYCLE-934719,50,50,50,0.548498,0.451502,0.488776,0.531772,1.000000,0.320000,0.260000,0.220000,0.150000,0.090000,0
t723,CYCLE-661742,50,50,50,0.569390,0.430610,0.523248,0.515582,1.000000,0.320000,0.260000,0.220000,0.150000,0.090000,0
t724,CYCLE-035779,50,50,50,0.545836,0.454164,0.492665,0.504855,1.000000,0.320000,0.260000,0.220000,0.150000,0.090000,0
t725,CYCLE-306504,50,50,50,0.549364,0.450636,0.494606,0.515699,1.000000,0.320000,0.260000,0.220000,0.150000,0.090000,0
t726,CYCLE-644987,50,50,50,0.511748,0.488252,0.441455,0.513646,1.000000,0.320000,0.260000,0.220000,0.150000,0.090000,0
t727,CYCLE-803669,50,50,50,0.567416,0.432584,0.525332,0.498419,1.000000,0.320000,0.260000,0.220000,0.150000,0.090000,0
t728,CYCLE-780782,50,50,50,0.562762,0.437238,0.509136,0.531831,1.000000,0.320000,0.260000,0.220000,0.150000,0.090000,0
t729,CYCLE-365069,50,50,50,0.521534,0.478466,0.478065,0.434442,1.000000,0.320000,0.260000,0.220000,0.150000,0.090000,0
t730,CYCLE-732384,50,50,50,0.598044,0.401956,0.560402,0.528813,1.000000,0.320000,0.260000,0.220000,0.150000,0.090000,0
t731,CYCLE-874559,50,50,50,0.536907,0.463093,0.483100,0.493688,1.000000,0.320000,0.260000,0.220000,0.150000,0.090000,0
t732,CYCLE-678830,50,50,50,0.585343,0.414657,0.544336,0.521541,1.000000,0.320000,0.260000,0.220000,0.150000,0.090000,0
t733,CYCLE-659573,50,50,50,0.562593,0.437407,0.522433,0.484449,1.000000,0.320000,0.260000,0.220000,0.150000,0.090000,0
t734,CYCLE-111641,50,50,50,0.527975,0.472025,0.476878,0.470802,1.000000,0.320000,0.260000,0.220000,0.150000,0.090000,0
t735,CYCLE-806345,50,50,50,0.578157,0.421843,0.531061,0.532070,1.000000,0.320000,0.260000,0.220000,0.150000,0.090000,0
t736,CYCLE-232752,50,50,50,0.547516,0.452484,0.501344,0.482875,1.000000,0.320000,0.260000,0.220000,0.150000,0.090000,0
t737,CYCLE-309218,50,50,50,0.552133,0.447867,0.517320,0.450047,1.000000,0.320000,0.260000,0.220000,0.150000,0.090000,0
t738,CYCLE-453912,50,50,50,0.532942,0.467058,0.480372,0.483408,1.000000,0.320000,0.260000,0.220000,0.150000,0.090000,0
t739,CYCLE-311373,50,50,50,0.515691,0.484309,0.450510,0.501670,1.000000,0.320000,0.260000,0.220000,0.150000,0.090000,0
t740,CYCLE-837695,50,50,50,0.582573,0.417427,0.541502,0.517605,1.000000,0.320000,0.260000,0.220000,0.150000,0.090000,0
t741,CYCLE-164945,50,50,50,0.553256,0.446744,0.500300,0.515230,1.000000,0.320000,0.260000,0.220000,0.150000,0.090000,0
t742,CYCLE-630691,50,50,50,0.542193,0.457807,0.493247,0.484604,1.000000,0.320000,0.260000,0.220000,0.150000,0.090000,0
t743,CYCLE-411233,50,50,50,0.541341,0.458659,0.496647,0.468439,1.000000,0.320000,0.260000,0.220000,0.150000,0.090000,0
t744,CYCLE-178665,50,50,50,0.534343,0.465657,0.468915,0.530516,1.000000,0.320000,0.260000,0.220000,0.150000,0.090000,0
t745,CYCLE-344518,50,50,50,0.570978,0.429022,0.521679,0.529014,1.000000,0.320000,0.260000,0.220000,0.150000,0.090000,0
t746,CYCLE-040638,50,50,50,0.566633,0.433367,0.527504,0.486901,1.000000,0.320000,0.260000,0.220000,0.150000,0.090000,0
t747,CYCLE-236348,50,50,50,0.553083,0.446917,0.482705,0.575946,1.000000,0.320000,0.260000,0.220000,0.150000,0.090000,0
t748,CYCLE-022008,50,50,50,0.568555,0.431445,0.514573,0.541770,1.000000,0.320000,0.260000,0.220000,0.150000,0.090000,0
t749,CYCLE-961389,50,50,50,0.519639,0.480361,0.478178,0.424572,1.000000,0.320000,0.260000,0.220000,0.150000,0.090000,0
t750,CYCLE-445097,50,50,50,0.537858,0.462142,0.484411,0.493851,1.000000,0.320000,0.260000,0.220000,0.150000,0.090000,0
t751,CYCLE-185786,50,50,50,0.571711,0.428289,0.518210,0.544819,1.000000,0.320000,0.260000,0.220000,0.150000,0.090000,0
t752,CYCLE-397888,50,50,50,0.548535,0.451465,0.509758,0.458522,1.000000,0.320000,0.260000,0.220000,0.150000,0.090000,0
t753,CYCLE-157584,50,50,50,0.554467,0.445533,0.498124,0.528899,1.000000,0.320000,0.260000,0.220000,0.150000,0.090000,0
t754,CYCLE-931596,50,50,50,0.548874,0.451126,0.508907,0.463194,1.000000,0.320000,0.260000,0.220000,0.150000,0.090000,0
t755,CYCLE-057589,50,50,50,0.539701,0.460299,0.482534,0.509638,1.000000,0.320000,0.260000,0.220000,0.150000,0.090000,0
t756,CYCLE-195061,50,50,50,0.564135,0.435865,0.501535,0.565302,1.000000,0.320000,0.260000,0.220000,0.150000,0.090000,0
t757,CYCLE-904980,50,50,50,0.576337,0.423663,0.529372,0.528884,1.000000,0.320000,0.260000,0.220000,0.150000,0.090000,0
t758,CYCLE-680482,50,50,50,0.565598,0.434402,0.547480,0.411814,1.000000,0.320000,0.260000,0.220000,0.150000,0.090000,0
t759,CYCLE-988825,50,50,50,0.576423,0.423577,0.553512,0.444825,1.000000,0.320000,0.260000,0.220000,0.150000,0.090000,0
t760,CYCLE-667697,50,50,50,0.563824,0.436176,0.508914,0.537921,1.000000,0.320000,0.260000,0.220000,0.150000,0.090000,0
t761,CYCLE-614424,50,50,50,0.551239,0.448761,0.509271,0.473744,1.000000,0.320000,0.260000,0.220000,0.150000,0.090000,0
t762,CYCLE-652722,50,50,50,0.569311,0.430689,0.523011,0.516016,1.000000,0.320000,0.260000,0.220000,0.150000,0.090000,0
t763,CYCLE-982220,50,50,50,0.573743,0.426257,0.533323,0.502081,1.000000,0.320000,0.260000,0.220000,0.150000,0.090000,0
t764,CYCLE-077606,50,50,50,0.558333,0.441667,0.500171,0.541065,1.000000,0.320000,0.260000,0.220000,0.150000,0.090000,0
t765,CYCLE-428329,50,50,50,0.533470,0.466530,0.481687,0.481444,1.000000,0.320000,0.260000,0.220000,0.150000,0.090000,0
t766,CYCLE-732477,50,50,50,0.549333,0.450667,0.511705,0.455697,1.000000,0.320000,0.260000,0.220000,0.150000,0.090000,0
t767,CYCLE-800992,50,50,50,0.550306,0.449694,0.502185,0.493883,1.000000,0.320000,0.260000,0.220000,0.150000,0.090000,0
t768,CYCLE-512355,50,50,50,0.551937,0.448063,0.506625,0.486499,1.000000,0.320000,0.260000,0.220000,0.150000,0.090000,0
t769,CYCLE-175997,50,50,50,0.596945,0.403055,0.547450,0.568648,1.000000,0.320000,0.260000,0.220000,0.150000,0.090000,0
t770,CYCLE-835302,50,50,50,0.567351,0.432649,0.519155,0.519711,1.000000,0.320000,0.260000,0.220000,0.150000,0.090000,0
t771,CYCLE-615181,50,50,50,0.567283,0.432717,0.529629,0.482715,1.000000,0.320000,0.260000,0.220000,0.150000,0.090000,0
t772,CYCLE-729024,50,50,50,0.560757,0.439243,0.500086,0.553486,1.000000,0.320000,0.260000,0.220000,0.150000,0.090000,0
t773,CYCLE-953587,50,50,50,0.543509,0.456491,0.495295,0.484010,1.000000,0.320000,0.260000,0.220000,0.150000,0.090000,0
t774,CYCLE-211692,50,50,50,0.525791,0.474209,0.468010,0.490924,1.000000,0.320000,0.260000,0.220000,0.150000,0.090000,0
t775,CYCLE-362219,50,50,50,0.533917,0.466083,0.472729,0.515033,1.000000,0.320000,0.260000,0.220000,0.150000,0.090000,0
t776,CYCLE-294030,50,50,50,0.543171,0.456829,0.491621,0.495181,1.000000,0.320000,0.260000,0.220000,0.150000,0.090000,0
t777,CYCLE-305730,50,50,50,0.529595,0.470405,0.471022,0.499398,1.000000,0.320000,0.260000,0.220000,0.150000,0.090000,0
t778,CYCLE-106296,50,50,50,0.541122,0.458878,0.487089,0.500797,1.000000,0.320000,0.260000,0.220000,0.150000,0.090000,0
t779,CYCLE-337991,50,50,50,0.539648,0.460352,0.489780,0.484009,1.000000,0.320000,0.260000,0.220000,0.150000,0.090000,0
t780,CYCLE-838173,50,50,50,0.547615,0.452385,0.496743,0.504769,1.000000,0.320000,0.260000,0.220000,0.150000,0.090000,0
t781,CYCLE-573638,50,50,50,0.547025,0.452975,0.519739,0.416040,1.000000,0.320000,0.260000,0.220000,0.150000,0.090000,0
t782,CYCLE-181583,50,50,50,0.571056,0.428944,0.511596,0.564693,1.000000,0.320000,0.260000,0.220000,0.150000,0.090000,0
t783,CYCLE-796542,50,50,50,0.569476,0.430524,0.514207,0.547657,1.000000,0.320000,0.260000,0.220000,0.150000,0.090000,0
t784,CYCLE-881803,50,50,50,0.550577,0.449423,0.502376,0.494568,1.000000,0.320000,0.260000,0.220000,0.150000,0.090000,0
t785,CYCLE-231634,50,50,50,0.545277,0.454723,0.496458,0.488780,1.000000,0.320000,0.260000,0.220000,0.150000,0.090000,0
t786,CYCLE-733777,50,50,50,0.573234,0.426766,0.524340,0.530982,1.000000,0.320000,0.260000,0.220000,0.150000,0.090000,0
t787,CYCLE-655009,50,50,50,0.539318,0.460682,0.494773,0.464885,1.000000,0.320000,0.260000,0.220000,0.150000,0.090000,0
t788,CYCLE-224860,50,50,50,0.575647,0.424353,0.542137,0.480756,1.000000,0.320000,0.260000,0.220000,0.150000,0.090000,0
t789,CYCLE-294588,50,50,50,0.549963,0.450037,0.493733,0.521750,1.000000,0.320000,0.260000,0.220000,0.150000,0.090000,0
t790,CYCLE-366016,50,50,50,0.540014,0.459986,0.482207,0.512345,1.000000,0.320000,0.260000,0.220000,0.150000,0.090000,0
t791,CYCLE-982034,50,50,50,0.543686,0.456314,0.496975,0.479016,1.000000,0.320000,0.260000,0.220000,0.150000,0.090000,0
t792,CYCLE-228705,50,50,50,0.512777,0.487223,0.463817,0.440526,1.000000,0.320000,0.260000,0.220000,0.150000,0.090000,0
t793,CYCLE-450437,50,50,50,0.549295,0.450705,0.507394,0.470597,1.000000,0.320000,0.260000,0.220000,0.150000,0.090000,0
t794,CYCLE-156108,50,50,50,0.565616,0.434384,0.536332,0.450919,1.000000,0.320000,0.260000,0.220000,0.150000,0.090000,0
t795,CYCLE-140673,50,50,50,0.567785,0.432215,0.514783,0.537185,1.000000,0.320000,0.260000,0.220000,0.150000,0.090000,0
t796,CYCLE-705967,50,50,50,0.522083,0.477917,0.468752,0.469782,1.000000,0.320000,0.260000,0.220000,0.150000,0.090000,0
t797,CYCLE-069235,50,50,50,0.532627,0.467373,0.473617,0.505475,1.000000,0.320000,0.260000,0.220000,0.150000,0.090000,0
t798,CYCLE-298213,50,50,50,0.560079,0.439921,0.508533,0.520529,1.000000,0.320000,0.260000,0.220000,0.150000,0.090000,0
t799,CYCLE-747304,50,50,50,0.551680,0.448320,0.503024,0.497815,1.000000,0.320000,0.260000,0.220000,0.150000,0.090000,0
t800,CYCLE-539143,50,50,50,0.550359,0.449641,0.503820,0.488428,1.000000,0.320000,0.260000,0.220000,0.150000,0.090000,0
t801,CYCLE-962233,50,50,50,0.535371,0.464629,0.493716,0.448850,1.000000,0.320000,0.260000,0.220000,0.150000,0.090000,0
t802,CYCLE-487484,50,50,50,0.568800,0.431200,0.523399,0.512104,1.000000,0.320000,0.260000,0.220000,0.150000,0.090000,0
t803,CYCLE-505241,50,50,50,0.555722,0.444278,0.510244,0.492759,1.000000,0.320000,0.260000,0.220000,0.150000,0.090000,0
t804,CYCLE-749273,50,50,50,0.567876,0.432124,0.513019,0.543813,1.000000,0.320000,0.260000,0.220000,0.150000,0.090000,0
t805,CYCLE-273644,50,50,50,0.515787,0.484213,0.451481,0.498752,1.000000,0.320000,0.260000,0.220000,0.150000,0.090000,0
t806,CYCLE-599162,50,50,50,0.600385,0.399615,0.568727,0.511379,1.000000,0.320000,0.260000,0.220000,0.150000,0.090000,0
t807,CYCLE-546307,50,50,50,0.557902,0.442098,0.507386,0.513662,1.000000,0.320000,0.260000,0.220000,0.150000,0.090000,0
t808,CYCLE-470672,50,50,50,0.540495,0.459505,0.474267,0.542540,1.000000,0.320000,0.260000,0.220000,0.150000,0.090000,0
t809,CYCLE-647221,50,50,50,0.518371,0.481629,0.457146,0.491843,1.000000,0.320000,0.260000,0.220000,0.150000,0.090000,0
t810,CYCLE-968777,50,50,50,0.555668,0.444332,0.492844,0.553389,1.000000,0.320000,0.260000,0.220000,0.150000,0.090000,0
t811,CYCLE-761856,50,50,50,0.558475,0.441525,0.508954,0.511035,1.000000,0.320000,0.260000,0.220000,0.150000,0.090000,0
t812,CYCLE-669308,50,50,50,0.522856,0.477144,0.464860,0.487271,1.000000,0.320000,0.260000,0.220000,0.150000,0.090000,0
t813,CYCLE-432577,50,50,50,0.543820,0.456180,0.511413,0.429155,1.000000,0.320000,0.260000,0.220000,0.150000,0.090000,0
t814,CYCLE-361751,50,50,50,0.518326,0.481674,0.472853,0.436645,1.000000,0.320000,0.260000,0.220000,0.150000,0.090000,0
t815,CYCLE-633626,50,50,50,0.562336,0.437664,0.517189,0.501515,1.000000,0.320000,0.260000,0.220000,0.150000,0.090000,0
t816,CYCLE-344528,50,50,50,0.535261,0.464739,0.486558,0.473354,1.000000,0.320000,0.260000,0.220000,0.150000,0.090000,0
t817,CYCLE-556657,50,50,50,0.545052,0.454948,0.499400,0.477357,1.000000,0.320000,0.260000,0.220000,0.150000,0.090000,0
t818,CYCLE-721526,50,50,50,0.551606,0.448394,0.492363,0.534762,1.000000,0.320000,0.260000,0.220000,0.150000,0.090000,0
t819,CYCLE-037597,50,50,50,0.505804,0.494196,0.431598,0.518429,1.000000,0.320000,0.260000,0.220000,0.150000,0.090000,0
t820,CYCLE-184170,50,50,50,0.542414,0.457586,0.509193,0.429893,1.000000,0.320000,0.260000,0.220000,0.150000,0.090000,0
t821,CYCLE-146845,50,50,50,0.579897,0.420103,0.528752,0.548852,1.000000,0.320000,0.260000,0.220000,0.150000,0.090000,0
t822,CYCLE-983986,50,50,50,0.570227,0.429773,0.527484,0.504941,1.000000,0.320000,0.260000,0.220000,0.150000,0.090000,0
t823,CYCLE-046963,50,50,50,0.543726,0.456274,0.488176,0.510014,1.000000,0.320000,0.260000,0.220000,0.150000,0.090000,0
t824,CYCLE-940669,50,50,50,0.560969,0.439031,0.527213,0.459597,1.000000,0.320000,0.260000,0.220000,0.150000,0.090000,0
t825,CYCLE-740834,50,50,50,0.578146,0.421854,0.522740,0.561138,1.000000,0.320000,0.260000,0.220000,0.150000,0.090000,0
t826,CYCLE-137987,50,50,50,0.551634,0.448366,0.506751,0.484540,1.000000,0.320000,0.260000,0.220000,0.150000,0.090000,0
t827,CYCLE-362590,50,50,50,0.535353,0.464647,0.496986,0.437313,1.000000,0.320000,0.260000,0.220000,0.150000,0.090000,0
t828,CYCLE-798012,50,50,50,0.563273,0.436727,0.504360,0.551103,1.000000,0.320000,0.260000,0.220000,0.150000,0.090000,0
t829,CYCLE-816515,50,50,50,0.545531,0.454469,0.486081,0.526374,1.000000,0.320000,0.260000,0.220000,0.150000,0.090000,0
t830,CYCLE-425355,50,50,50,0.546239,0.453761,0.482851,0.541217,1.000000,0.320000,0.260000,0.220000,0.150000,0.090000,0
t831,CYCLE-698597,50,50,50,0.523062,0.476938,0.477346,0.444601,1.000000,0.320000,0.260000,0.220000,0.150000,0.090000,0
t832,CYCLE-470668,50,50,50,0.509889,0.490111,0.456715,0.450944,1.000000,0.320000,0.260000,0.220000,0.150000,0.090000,0
t833,CYCLE-125701,50,50,50,0.529454,0.470546,0.466601,0.514170,1.000000,0.320000,0.260000,0.220000,0.150000,0.090000,0
t834,CYCLE-146413,50,50,50,0.527658,0.472342,0.465460,0.509178,1.000000,0.320000,0.260000,0.220000,0.150000,0.090000,0
t835,CYCLE-829465,50,50,50,0.531951,0.468049,0.479268,0.482317,1.000000,0.320000,0.260000,0.220000,0.150000,0.090000,0
t836,CYCLE-223132,50,50,50,0.522336,0.477664,0.457998,0.508688,1.000000,0.320000,0.260000,0.220000,0.150000,0.090000,0
t837,CYCLE-659240,50,50,50,0.545155,0.454845,0.498456,0.481179,1.000000,0.320000,0.260000,0.220000,0.150000,0.090000,0
t838,CYCLE-716498,50,50,50,0.540396,0.459604,0.481782,0.515741,1.000000,0.320000,0.260000,0.220000,0.150000,0.090000,0
t839,CYCLE-274779,50,50,50,0.554674,0.445326,0.506017,0.502310,1.000000,0.320000,0.260000,0.220000,0.150000,0.090000,0
t840,CYCLE-121058,50,50,50,0.534764,0.465236,0.476354,0.506578,1.000000,0.320000,0.260000,0.220000,0.150000,0.090000,0
t841,CYCLE-879462,50,50,50,0.561235,0.438765,0.526070,0.464932,1.000000,0.320000,0.260000,0.220000,0.150000,0.090000,0
t842,CYCLE-353918,50,50,50,0.526215,0.473785,0.483836,0.437651,1.000000,0.320000,0.260000,0.220000,0.150000,0.090000,0
t843,CYCLE-746478,50,50,50,0.556859,0.443141,0.513775,0.486083,1.000000,0.320000,0.260000,0.220000,0.150000,0.090000,0
t844,CYCLE-735468,50,50,50,0.565266,0.434734,0.512904,0.531166,1.000000,0.320000,0.260000,0.220000,0.150000,0.090000,0
t845,CYCLE-048156,50,50,50,0.531762,0.468238,0.471240,0.509470,1.000000,0.320000,0.260000,0.220000,0.150000,0.090000,0
t846,CYCLE-520317,50,50,50,0.536121,0.463879,0.482068,0.493367,1.000000,0.320000,0.260000,0.220000,0.150000,0.090000,0
t847,CYCLE-492066,50,50,50,0.557091,0.442909,0.504798,0.518665,1.000000,0.320000,0.260000,0.220000,0.150000,0.090000,0
t848,CYCLE-006289,50,50,50,0.507544,0.492456,0.452244,0.454870,1.000000,0.320000,0.260000,0.220000,0.150000,0.090000,0
t849,CYCLE-896205,50,50,50,0.553644,0.446356,0.505750,0.498097,1.000000,0.320000,0.260000,0.220000,0.150000,0.090000,0
t850,CYCLE-499256,50,50,50,0.563342,0.436658,0.501079,0.562930,1.000000,0.320000,0.260000,0.220000,0.150000,0.090000,0
t851,CYCLE-698725,50,50,50,0.567930,0.432070,0.522575,0.510636,1.000000,0.320000,0.260000,0.220000,0.150000,0.090000,0
t852,CYCLE-573306,50,50,50,0.540941,0.459059,0.486081,0.503423,1.000000,0.320000,0.260000,0.220000,0.150000,0.090000,0
t853,CYCLE-034740,50,50,50,0.528158,0.471842,0.463295,0.519260,1.000000,0.320000,0.260000,0.220000,0.150000,0.090000,0
t854,CYCLE-700609,50,50,50,0.546194,0.453806,0.483815,0.537616,1.000000,0.320000,0.260000,0.220000,0.150000,0.090000,0
t855,CYCLE-269448,50,50,50,0.543378,0.456622,0.479144,0.539887,1.000000,0.320000,0.260000,0.220000,0.150000,0.090000,0
t856,CYCLE-083194,50,50,50,0.569977,0.430023,0.526583,0.506841,1.000000,0.320000,0.260000,0.220000,0.150000,0.090000,0
t857,CYCLE-595390,50,50,50,0.541457,0.458543,0.481075,0.523526,1.000000,0.320000,0.260000,0.220000,0.150000,0.090000,0
t858,CYCLE-076109,50,50,50,0.564661,0.435339,0.509503,0.540043,1.000000,0.320000,0.260000,0.220000,0.150000,0.090000,0
t859,CYCLE-859050,50,50,50,0.525657,0.474343,0.483841,0.434841,1.000000,0.320000,0.260000,0.220000,0.150000,0.090000,0
t860,CYCLE-210872,50,50,50,0.526834,0.473166,0.481426,0.449179,1.000000,0.320000,0.260000,0.220000,0.150000,0.090000,0
t861,CYCLE-984256,50,50,50,0.552584,0.447416,0.513779,0.464695,1.000000,0.320000,0.260000,0.220000,0.150000,0.090000,0
t862,CYCLE-926997,50,50,50,0.571941,0.428059,0.518854,0.543714,1.000000,0.320000,0.260000,0.220000,0.150000,0.090000,0
t863,CYCLE-261231,50,50,50,0.572931,0.427069,0.536735,0.486082,1.000000,0.320000,0.260000,0.220000,0.150000,0.090000,0
t864,CYCLE-431735,50,50,50,0.559903,0.440097,0.509490,0.516303,1.000000,0.320000,0.260000,0.220000,0.150000,0.090000,0
t865,CYCLE-027068,50,50,50,0.570865,0.429135,0.522570,0.525328,1.000000,0.320000,0.260000,0.220000,0.150000,0.090000,0
t866,CYCLE-721852,50,50,50,0.553525,0.446475,0.511245,0.478268,1.000000,0.320000,0.260000,0.220000,0.150000,0.090000,0
t867,CYCLE-127829,50,50,50,0.539330,0.460670,0.476961,0.527286,1.000000,0.320000,0.260000,0.220000,0.150000,0.090000,0
t868,CYCLE-088028,50,50,50,0.556917,0.443083,0.519899,0.464936,1.000000,0.320000,0.260000,0.220000,0.150000,0.090000,0
t869,CYCLE-195656,50,50,50,0.548906,0.451094,0.498175,0.500917,1.000000,0.320000,0.260000,0.220000,0.150000,0.090000,0
t870,CYCLE-048772,50,50,50,0.542716,0.457284,0.495410,0.479646,1.000000,0.320000,0.260000,0.220000,0.150000,0.090000,0
t871,CYCLE-011145,50,50,50,0.540334,0.459666,0.494788,0.469911,1.000000,0.320000,0.260000,0.220000,0.150000,0.090000,0
t872,CYCLE-754189,50,50,50,0.519325,0.480675,0.461021,0.483051,1.000000,0.320000,0.260000,0.220000,0.150000,0.090000,0
t873,CYCLE-669704,50,50,50,0.550914,0.449086,0.495778,0.519344,1.000000,0.320000,0.260000,0.220000,0.150000,0.090000,0
t874,CYCLE-405206,50,50,50,0.543905,0.456095,0.495156,0.486478,1.000000,0.320000,0.260000,0.220000,0.150000,0.090000,0
t875,CYCLE-876245,50,50,50,0.550992,0.449008,0.512618,0.460798,1.000000,0.320000,0.260000,0.220000,0.150000,0.090000,0
t876,CYCLE-336846,50,50,50,0.538520,0.461480,0.482016,0.505542,1.000000,0.320000,0.260000,0.220000,0.150000,0.090000,0
t877,CYCLE-505669,50,50,50,0.549615,0.450385,0.503839,0.484639,1.000000,0.320000,0.260000,0.220000,0.150000,0.090000,0
t878,CYCLE-687337,50,50,50,0.560726,0.439274,0.500472,0.551623,1.000000,0.320000,0.260000,0.220000,0.150000,0.090000,0
t879,CYCLE-985608,50,50,50,0.525582,0.474418,0.468235,0.489085,1.000000,0.320000,0.260000,0.220000,0.150000,0.090000,0
t880,CYCLE-413257,50,50,50,0.515791,0.484209,0.465740,0.448865,1.000000,0.320000,0.260000,0.220000,0.150000,0.090000,0
t881,CYCLE-590409,50,50,50,0.576762,0.423238,0.536412,0.506370,1.000000,0.320000,0.260000,0.220000,0.150000,0.090000,0
t882,CYCLE-922085,50,50,50,0.529763,0.470237,0.461343,0.534111,1.000000,0.320000,0.260000,0.220000,0.150000,0.090000,0
t883,CYCLE-870176,50,50,50,0.529184,0.470816,0.480592,0.463850,1.000000,0.320000,0.260000,0.220000,0.150000,0.090000,0
t884,CYCLE-320400,50,50,50,0.555402,0.444598,0.504486,0.511310,1.000000,0.320000,0.260000,0.220000,0.150000,0.090000,0
t885,CYCLE-893991,50,50,50,0.533162,0.466838,0.484117,0.471398,1.000000,0.320000,0.260000,0.220000,0.150000,0.090000,0
t886,CYCLE-411510,50,50,50,0.557947,0.442053,0.502960,0.529377,1.000000,0.320000,0.260000,0.220000,0.150000,0.090000,0
t887,CYCLE-286450,50,50,50,0.557693,0.442307,0.493951,0.559638,1.000000,0.320000,0.260000,0.220000,0.150000,0.090000,0
t888,CYCLE-957069,50,50,50,0.549136,0.450864,0.499299,0.498134,1.000000,0.320000,0.260000,0.220000,0.150000,0.090000,0
t889,CYCLE-164688,50,50,50,0.552556,0.447444,0.496955,0.523437,1.000000,0.320000,0.260000,0.220000,0.150000,0.090000,0
t890,CYCLE-175038,50,50,50,0.553575,0.446425,0.504103,0.503516,1.000000,0.320000,0.260000,0.220000,0.150000,0.090000,0
t891,CYCLE-596191,50,50,50,0.533630,0.466370,0.484785,0.471402,1.000000,0.320000,0.260000,0.220000,0.150000,0.090000,0
t892,CYCLE-837172,50,50,50,0.540513,0.459487,0.484757,0.505918,1.000000,0.320000,0.260000,0.220000,0.150000,0.090000,0
t893,CYCLE-421241,50,50,50,0.552959,0.447041,0.499997,0.514807,1.000000,0.320000,0.260000,0.220000,0.150000,0.090000,0
t894,CYCLE-838685,50,50,50,0.524734,0.475266,0.471862,0.472153,1.000000,0.320000,0.260000,0.220000,0.150000,0.090000,0
t895,CYCLE-484532,50,50,50,0.555284,0.444716,0.510220,0.490652,1.000000,0.320000,0.260000,0.220000,0.150000,0.090000,0
t896,CYCLE-627603,50,50,50,0.517577,0.482423,0.446826,0.523993,1.000000,0.320000,0.260000,0.220000,0.150000,0.090000,0
t897,CYCLE-784126,50,50,50,0.543209,0.456791,0.498237,0.472216,1.000000,0.320000,0.260000,0.220000,0.150000,0.090000,0
t898,CYCLE-203654,50,50,50,0.558514,0.441486,0.510127,0.507124,1.000000,0.320000,0.260000,0.220000,0.150000,0.090000,0
t899,CYCLE-813902,50,50,50,0.559097,0.440903,0.505480,0.526302,1.000000,0.320000,0.260000,0.220000,0.150000,0.090000,0
t900,CYCLE-901988,50,50,50,0.548331,0.451669,0.493834,0.513235,1.000000,0.320000,0.260000,0.220000,0.150000,0.090000,0
t901,CYCLE-409920,50,50,50,0.531413,0.468587,0.467547,0.520647,1.000000,0.320000,0.260000,0.220000,0.150000,0.090000,0
t902,CYCLE-996194,50,50,50,0.568267,0.431733,0.519958,0.521482,1.000000,0.320000,0.260000,0.220000,0.150000,0.090000,0
t903,CYCLE-036544,50,50,50,0.548922,0.451078,0.500453,0.493027,1.000000,0.320000,0.260000,0.220000,0.150000,0.090000,0
t904,CYCLE-074924,50,50,50,0.551655,0.448345,0.502864,0.498251,1.000000,0.320000,0.260000,0.220000,0.150000,0.090000,0
t905,CYCLE-052394,50,50,50,0.542402,0.457598,0.486446,0.509448,1.000000,0.320000,0.260000,0.220000,0.150000,0.090000,0
t906,CYCLE-576280,50,50,50,0.543921,0.456079,0.491627,0.498912,1.000000,0.320000,0.260000,0.220000,0.150000,0.090000,0
t907,CYCLE-912656,50,50,50,0.544317,0.455683,0.474734,0.560014,1.000000,0.320000,0.260000,0.220000,0.150000,0.090000,0
t908,CYCLE-878131,50,50,50,0.554940,0.445060,0.512181,0.482070,1.000000,0.320000,0.260000,0.220000,0.150000,0.090000,0
t909,CYCLE-155295,50,50,50,0.538904,0.461096,0.476100,0.528170,1.000000,0.320000,0.260000,0.220000,0.150000,0.090000,0
t910,CYCLE-458121,50,50,50,0.512163,0.487837,0.443757,0.507665,1.000000,0.320000,0.260000,0.220000,0.150000,0.090000,0
t911,CYCLE-163653,50,50,50,0.545850,0.454150,0.483065,0.538525,1.000000,0.320000,0.260000,0.220000,0.150000,0.090000,0
t912,CYCLE-539743,50,50,50,0.534568,0.465432,0.488055,0.464647,1.000000,0.320000,0.260000,0.220000,0.150000,0.090000,0
t913,CYCLE-015736,50,50,50,0.581346,0.418654,0.533376,0.539912,1.000000,0.320000,0.260000,0.220000,0.150000,0.090000,0
t914,CYCLE-365028,50,50,50,0.540973,0.459027,0.484438,0.509334,1.000000,0.320000,0.260000,0.220000,0.150000,0.090000,0
t915,CYCLE-239404,50,50,50,0.546083,0.453917,0.502824,0.470528,1.000000,0.320000,0.260000,0.220000,0.150000,0.090000,0
t916,CYCLE-135217,50,50,50,0.568969,0.431031,0.528890,0.493728,1.000000,0.320000,0.260000,0.220000,0.150000,0.090000,0
t917,CYCLE-832140,50,50,50,0.575404,0.424596,0.533564,0.509544,1.000000,0.320000,0.260000,0.220000,0.150000,0.090000,0
t918,CYCLE-815615,50,50,50,0.569540,0.430460,0.518634,0.532484,1.000000,0.320000,0.260000,0.220000,0.150000,0.090000,0
t919,CYCLE-439190,50,50,50,0.541890,0.458110,0.499207,0.462226,1.000000,0.320000,0.260000,0.220000,0.150000,0.090000,0
t920,CYCLE-015293,50,50,50,0.549590,0.450410,0.507074,0.473192,1.000000,0.320000,0.260000,0.220000,0.150000,0.090000,0
t921,CYCLE-207707,50,50,50,0.560258,0.439742,0.508581,0.521256,1.000000,0.320000,0.260000,0.220000,0.150000,0.090000,0
t922,CYCLE-232173,50,50,50,0.542586,0.457414,0.501090,0.459113,1.000000,0.320000,0.260000,0.220000,0.150000,0.090000,0
t923,CYCLE-918920,50,50,50,0.567176,0.432824,0.513503,0.538618,1.000000,0.320000,0.260000,0.220000,0.150000,0.090000,0
t924,CYCLE-136483,50,50,50,0.583115,0.416885,0.547935,0.497801,1.000000,0.320000,0.260000,0.220000,0.150000,0.090000,0
t925,CYCLE-381544,50,50,50,0.535026,0.464974,0.485586,0.475582,1.000000,0.320000,0.260000,0.220000,0.150000,0.090000,0
t926,CYCLE-444906,50,50,50,0.562895,0.437105,0.525919,0.473756,1.000000,0.320000,0.260000,0.220000,0.150000,0.090000,0
t927,CYCLE-956812,50,50,50,0.522615,0.477385,0.469818,0.468714,1.000000,0.320000,0.260000,0.220000,0.150000,0.090000,0
t928,CYCLE-880965,50,50,50,0.549546,0.450454,0.487607,0.541105,1.000000,0.320000,0.260000,0.220000,0.150000,0.090000,0
t929,CYCLE-430515,50,50,50,0.540842,0.459158,0.474614,0.543060,1.000000,0.320000,0.260000,0.220000,0.150000,0.090000,0
t930,CYCLE-901215,50,50,50,0.576417,0.423583,0.538695,0.496654,1.000000,0.320000,0.260000,0.220000,0.150000,0.090000,0
t931,CYCLE-979255,50,50,50,0.564509,0.435491,0.506813,0.548698,1.000000,0.320000,0.260000,0.220000,0.150000,0.090000,0
t932,CYCLE-891807,50,50,50,0.550433,0.449567,0.496021,0.516090,1.000000,0.320000,0.260000,0.220000,0.150000,0.090000,0
t933,CYCLE-248477,50,50,50,0.529626,0.470374,0.460687,0.535724,1.000000,0.320000,0.260000,0.220000,0.150000,0.090000,0
t934,CYCLE-787608,50,50,50,0.568082,0.431918,0.519331,0.522754,1.000000,0.320000,0.260000,0.220000,0.150000,0.090000,0
t935,CYCLE-077283,50,50,50,0.572981,0.427019,0.515794,0.559624,1.000000,0.320000,0.260000,0.220000,0.150000,0.090000,0
t936,CYCLE-850055,50,50,50,0.541714,0.458286,0.490264,0.492647,1.000000,0.320000,0.260000,0.220000,0.150000,0.090000,0
t937,CYCLE-968249,50,50,50,0.541502,0.458498,0.488892,0.496385,1.000000,0.320000,0.260000,0.220000,0.150000,0.090000,0
t938,CYCLE-691228,50,50,50,0.554480,0.445520,0.506256,0.500506,1.000000,0.320000,0.260000,0.220000,0.150000,0.090000,0
t939,CYCLE-185732,50,50,50,0.552574,0.447426,0.513227,0.466576,1.000000,0.320000,0.260000,0.220000,0.150000,0.090000,0
t940,CYCLE-774466,50,50,50,0.540385,0.459615,0.491087,0.483121,1.000000,0.320000,0.260000,0.220000,0.150000,0.090000,0
t941,CYCLE-896233,50,50,50,0.531799,0.468201,0.469786,0.514741,1.000000,0.320000,0.260000,0.220000,0.150000,0.090000,0
t942,CYCLE-540769,50,50,50,0.577263,0.422737,0.528589,0.536254,1.000000,0.320000,0.260000,0.220000,0.150000,0.090000,0
t943,CYCLE-202075,50,50,50,0.519961,0.480039,0.460149,0.489287,1.000000,0.320000,0.260000,0.220000,0.150000,0.090000,0
t944,CYCLE-617737,50,50,50,0.545758,0.454242,0.491509,0.508507,1.000000,0.320000,0.260000,0.220000,0.150000,0.090000,0
t945,CYCLE-570687,50,50,50,0.590163,0.409837,0.567486,0.464614,1.000000,0.320000,0.260000,0.220000,0.150000,0.090000,0
t946,CYCLE-435256,50,50,50,0.577312,0.422688,0.522247,0.558699,1.000000,0.320000,0.260000,0.220000,0.150000,0.090000,0
t947,CYCLE-966307,50,50,50,0.552646,0.447354,0.517314,0.452631,1.000000,0.320000,0.260000,0.220000,0.150000,0.090000,0
t948,CYCLE-505598,50,50,50,0.570955,0.429045,0.519056,0.538078,1.000000,0.320000,0.260000,0.220000,0.150000,0.090000,0
t949,CYCLE-495995,50,50,50,0.545545,0.454455,0.504734,0.461156,1.000000,0.320000,0.260000,0.220000,0.150000,0.090000,0
t950,CYCLE-330121,50,50,50,0.564128,0.435872,0.510427,0.534145,1.000000,0.320000,0.260000,0.220000,0.150000,0.090000,0
t951,CYCLE-757498,50,50,50,0.542797,0.457203,0.476866,0.544955,1.000000,0.320000,0.260000,0.220000,0.150000,0.090000,0
t952,CYCLE-217410,50,50,50,0.559278,0.440722,0.501772,0.540189,1.000000,0.320000,0.260000,0.220000,0.150000,0.090000,0
t953,CYCLE-906408,50,50,50,0.562892,0.437108,0.515834,0.509040,1.000000,0.320000,0.260000,0.220000,0.150000,0.090000,0
t954,CYCLE-290526,50,50,50,0.544788,0.455212,0.487810,0.516605,1.000000,0.320000,0.260000,0.220000,0.150000,0.090000,0
t955,CYCLE-424729,50,50,50,0.535289,0.464711,0.489786,0.462197,1.000000,0.320000,0.260000,0.220000,0.150000,0.090000,0
t956,CYCLE-588810,50,50,50,0.547842,0.452158,0.488464,0.529587,1.000000,0.320000,0.260000,0.220000,0.150000,0.090000,0
t957,CYCLE-660693,50,50,50,0.563609,0.436391,0.520908,0.494867,1.000000,0.320000,0.260000,0.220000,0.150000,0.090000,0
t958,CYCLE-353788,50,50,50,0.507135,0.492865,0.455529,0.441323,1.000000,0.320000,0.260000,0.220000,0.150000,0.090000,0
t959,CYCLE-065617,50,50,50,0.555396,0.444604,0.504731,0.510422,1.000000,0.320000,0.260000,0.220000,0.150000,0.090000,0
t960,CYCLE-397169,50,50,50,0.546888,0.453112,0.494570,0.503446,1.000000,0.320000,0.260000,0.220000,0.150000,0.090000,0
t961,CYCLE-962800,50,50,50,0.556740,0.443260,0.508748,0.503081,1.000000,0.320000,0.260000,0.220000,0.150000,0.090000,0
t962,CYCLE-532176,50,50,50,0.509714,0.490286,0.446021,0.487499,1.000000,0.320000,0.260000,0.220000,0.150000,0.090000,0
t963,CYCLE-724508,50,50,50,0.556654,0.443346,0.517403,0.472359,1.000000,0.320000,0.260000,0.220000,0.150000,0.090000,0
t964,CYCLE-060355,50,50,50,0.540020,0.459980,0.494668,0.468760,1.000000,0.320000,0.260000,0.220000,0.150000,0.090000,0
t965,CYCLE-904785,50,50,50,0.549446,0.450554,0.519387,0.429375,1.000000,0.320000,0.260000,0.220000,0.150000,0.090000,0
t966,CYCLE-228810,50,50,50,0.537412,0.462588,0.480425,0.505571,1.000000,0.320000,0.260000,0.220000,0.150000,0.090000,0
t967,CYCLE-742562,50,50,50,0.571630,0.428370,0.506119,0.586732,1.000000,0.320000,0.260000,0.220000,0.150000,0.090000,0
t968,CYCLE-207732,50,50,50,0.534400,0.465600,0.494636,0.440776,1.000000,0.320000,0.260000,0.220000,0.150000,0.090000,0
t969,CYCLE-798136,50,50,50,0.536730,0.463270,0.479552,0.509362,1.000000,0.320000,0.260000,0.220000,0.150000,0.090000,0
t970,CYCLE-019847,50,50,50,0.499493,0.500507,0.436621,0.469291,1.000000,0.320000,0.260000,0.220000,0.150000,0.090000,0
t971,CYCLE-422197,50,50,50,0.557500,0.442500,0.536761,0.408835,1.000000,0.330000,0.265000,0.220000,0.150000,0.085000,0
t972,CYCLE-292824,50,50,50,0.562191,0.437809,0.518127,0.497510,1.000000,0.330000,0.265000,0.220000,0.150000,0.085000,0
t973,CYCLE-913896,50,50,50,0.560131,0.439869,0.501506,0.545381,1.000000,0.330000,0.265000,0.220000,0.150000,0.085000,0
t974,CYCLE-394703,50,50,50,0.552839,0.447161,0.506195,0.492511,1.000000,0.330000,0.265000,0.220000,0.150000,0.085000,0
t975,CYCLE-615500,50,50,50,0.555893,0.444107,0.500539,0.527578,1.000000,0.330000,0.265000,0.220000,0.150000,0.085000,0
t976,CYCLE-172274,50,50,50,0.509297,0.490703,0.449635,0.472763,1.000000,0.330000,0.265000,0.220000,0.150000,0.085000,0
t977,CYCLE-251700,50,50,50,0.545669,0.454331,0.482370,0.540049,1.000000,0.330000,0.265000,0.220000,0.150000,0.085000,0
t978,CYCLE-057477,50,50,50,0.535679,0.464321,0.485133,0.480430,1.000000,0.330000,0.265000,0.220000,0.150000,0.085000,0
t979,CYCLE-032632,50,50,50,0.550523,0.449477,0.496188,0.515958,1.000000,0.330000,0.265000,0.220000,0.150000,0.085000,0
t980,CYCLE-637395,50,50,50,0.537871,0.462129,0.487625,0.482665,1.000000,0.330000,0.265000,0.220000,0.150000,0.085000,0
t981,CYCLE-420822,50,50,50,0.568698,0.431302,0.529565,0.490016,1.000000,0.330000,0.265000,0.220000,0.150000,0.085000,0
t982,CYCLE-367654,50,50,50,0.555685,0.444315,0.520595,0.456345,1.000000,0.330000,0.265000,0.220000,0.150000,0.085000,0
t983,CYCLE-853779,50,50,50,0.541211,0.458789,0.500597,0.453966,1.000000,0.330000,0.265000,0.220000,0.150000,0.085000,0
t984,CYCLE-857267,50,50,50,0.583797,0.416203,0.551589,0.488421,1.000000,0.330000,0.265000,0.220000,0.150000,0.085000,0
t985,CYCLE-663646,50,50,50,0.558118,0.441882,0.510014,0.505542,1.000000,0.330000,0.265000,0.220000,0.150000,0.085000,0
t986,CYCLE-693325,50,50,50,0.601188,0.398812,0.563435,0.533919,1.000000,0.330000,0.265000,0.220000,0.150000,0.085000,0
t987,CYCLE-630209,50,50,50,0.541906,0.458094,0.489511,0.496241,1.000000,0.330000,0.265000,0.220000,0.150000,0.085000,0
t988,CYCLE-912535,50,50,50,0.540376,0.459624,0.491380,0.482047,1.000000,0.330000,0.265000,0.220000,0.150000,0.085000,0
t989,CYCLE-765278,50,50,50,0.561907,0.438093,0.506114,0.538133,1.000000,0.330000,0.265000,0.220000,0.150000,0.085000,0
t990,CYCLE-315569,50,50,50,0.550103,0.449897,0.489395,0.537634,1.000000,0.330000,0.265000,0.220000,0.150000,0.085000,0
t991,CYCLE-989015,50,50,50,0.515538,0.484462,0.470532,0.430826,1.000000,0.330000,0.265000,0.220000,0.150000,0.085000,0
t992,CYCLE-030828,50,50,50,0.553493,0.446507,0.496833,0.528549,1.000000,0.330000,0.265000,0.220000,0.150000,0.085000,0
t993,CYCLE-841443,50,50,50,0.544783,0.455217,0.499454,0.475826,1.000000,0.330000,0.265000,0.220000,0.150000,0.085000,0
t994,CYCLE-461848,50,50,50,0.542369,0.457631,0.492905,0.486680,1.000000,0.330000,0.265000,0.220000,0.150000,0.085000,0
t995,CYCLE-759057,50,50,50,0.570176,0.429824,0.533140,0.484891,1.000000,0.330000,0.265000,0.220000,0.150000,0.085000,0
t996,CYCLE-503143,50,50,50,0.521942,0.478058,0.477482,0.438521,1.000000,0.330000,0.265000,0.220000,0.150000,0.085000,0
t997,CYCLE-452868,50,50,50,0.535787,0.464213,0.476130,0.512478,1.000000,0.330000,0.265000,0.220000,0.150000,0.085000,0
t998,CYCLE-653140,50,50,50,0.560193,0.439807,0.518855,0.484973,1.000000,0.330000,0.265000,0.220000,0.150000,0.085000,0
t999,CYCLE-688350,50,50,50,0.606003,0.393997,0.559599,0.571417,1.000000,0.330000,0.265000,0.220000,0.150000,0.085000,0
t1000,CYCLE-959867,50,50,50,0.544222,0.455778,0.494621,0.489938,1.000000,0.330000,0.265000,0.220000,0.150000,0.085000,0
